tau,length,weight_w,w_over_length
0.0,2.633915793850,10.535663175399,4.000000
0.0,3.133598473945,25.068787791559,8.000000
0.0,3.849694600477,15.398778401907,4.000000
0.0,4.126874137791,33.014993102329,8.000000
0.0,4.584863339122,18.339453356489,4.000000
0.0,5.117957954057,81.887327264916,16.000000
0.0,5.267831587699,10.535663175399,2.000000
0.0,5.659470075049,90.551521200780,16.000000
0.0,5.883314629302,94.133034068837,16.000000
0.0,5.986445692253,47.891565538021,8.000000
0.0,6.177939809689,49.423518477512,8.000000
0.0,6.267196947890,125.343938957797,20.000000
0.0,6.434543942315,51.476351538515,8.000000
0.4,2.202695286855,4.405390573709,2.000000
0.4,2.820281094696,11.281124378784,4.000000
0.4,3.126448555743,6.252897111485,2.000000
0.4,3.519704655948,14.078818623793,4.000000
0.4,3.944022445376,15.776089781503,4.000000
0.4,4.208847141212,33.670777129695,8.000000
0.4,4.405390573709,4.405390573709,1.000000
0.4,4.649965634162,18.599862536646,4.000000
0.4,5.065086407269,40.520691258154,8.000000
0.4,5.194391339458,41.555130715665,8.000000
0.4,5.311787150155,42.494297201245,8.000000
0.4,5.338788123879,21.355152495518,4.000000
0.4,5.640562189392,11.281124378786,2.000000
0.4,5.716016525363,22.864066101449,4.000000
0.4,5.734858276113,91.757732417811,16.000000
0.4,5.827949350809,46.623594806470,8.000000
0.4,6.251845756437,50.014766051488,8.000000
0.4,6.252897111485,6.252897111485,1.000000
0.4,6.337921773872,25.351687095491,4.000000
0.8,1.831302735735,3.662605471469,2.000000
0.8,2.574391828217,10.297567312870,4.000000
0.8,3.662605471469,3.662605471469,1.000000
0.8,3.678606845749,7.357213691498,2.000000
0.8,3.979680331022,15.918721324089,4.000000
0.8,4.215136166416,16.860544665663,4.000000
0.8,4.447415480845,35.579323846757,8.000000
0.8,4.645336933869,37.162695470947,8.000000
0.8,4.833912726077,19.335650904307,4.000000
0.8,4.842679709191,19.370718836764,4.000000
0.8,5.148783656435,10.297567312870,2.000000
0.8,5.156259894326,41.250079154605,8.000000
0.8,5.493908207204,3.662605471469,0.666667
0.8,5.505819645383,22.023278581531,4.000000
0.8,5.629864973388,45.038919787108,8.000000
0.8,5.635732158072,45.085857264566,8.000000
0.8,5.956010683775,95.296170940409,16.000000
0.8,6.050783763010,48.406270104078,8.000000
0.8,6.145787374196,24.583149496782,4.000000
0.8,6.314573732371,50.516589858961,8.000000
1.2,1.515737917693,3.031475835387,2.000000
1.2,2.387416529637,9.549666118547,4.000000
1.2,3.031475835387,3.031475835387,1.000000
1.2,4.221312385076,33.770499080614,8.000000
1.2,4.285514004677,8.571028009355,2.000000
1.2,4.452898473949,17.811593895795,4.000000
1.2,4.510014207501,18.040056830002,4.000000
1.2,4.547213753080,3.031475835387,0.666667
1.2,4.633773123079,18.535092492318,4.000000
1.2,4.774833059273,9.549666118545,2.000000
1.2,4.823409862240,38.587278897917,8.000000
1.2,5.155377719144,20.621510876575,4.000000
1.2,5.386189786897,43.089518295179,8.000000
1.2,5.539213703347,22.156854813387,4.000000
1.2,5.661251982316,45.290015858532,8.000000
1.2,5.795907492396,46.367259939168,8.000000
1.2,6.047552569126,48.380420553006,8.000000
1.2,6.062951670774,3.031475835387,0.500000
1.2,6.073255055367,48.586040442938,8.000000
1.2,6.142706856360,24.570827425442,4.000000
1.2,6.159093140752,49.272745126011,8.000000
1.2,6.249179861568,24.996719446274,4.000000
1.2,6.286293011884,50.290344095073,8.000000
1.2,6.309108662182,100.945738594908,16.000000
1.6,1.250428504404,2.500857008808,2.000000
1.6,2.249218642751,8.996874571005,4.000000
1.6,2.500857008808,2.500857008808,1.000000
1.6,3.751285513212,2.500857008808,0.666667
1.6,3.903207219155,31.225657753241,8.000000
1.6,4.173309024424,16.693236097697,4.000000
1.6,4.498437285503,8.996874571006,2.000000
1.6,4.939835250703,9.879670501406,2.000000
1.6,5.001714017616,2.500857008808,0.500000
1.6,5.103277877125,20.413111508499,4.000000
1.6,5.165623379833,20.662493519330,4.000000
1.6,5.247561622930,41.980492983434,8.000000
1.6,5.312058034277,42.496464274220,8.000000
1.6,5.575978180197,22.303912720789,4.000000
1.6,5.690511184702,45.524089477616,8.000000
1.6,5.742266446779,45.938131574230,8.000000
1.6,5.784365101249,23.137460404995,4.000000
1.6,5.803849287352,23.215397149407,4.000000
1.6,5.892616099147,47.140928793181,8.000000
1.6,6.181797168024,49.454377344193,8.000000
1.6,6.222342741014,49.778741928110,8.000000
1.6,6.252142522020,2.500857008808,0.400000
1.6,6.305759230668,25.223036922659,4.000000
1.6,6.309675022883,25.238700091533,4.000000
1.6,6.389585417823,51.116683342590,8.000000
1.6,6.426152661561,51.409221292491,8.000000
2.0,1.029128837713,2.058257675425,2.000000
2.0,2.058257675425,2.058257675425,1.000000
2.0,2.149520852631,8.598083410523,4.000000
2.0,3.087386513138,2.058257675425,0.666667
2.0,3.670611721842,29.364893774738,8.000000
2.0,3.972850833239,15.891403332956,4.000000
2.0,4.116515350850,2.058257675425,0.500000
2.0,4.299041705262,8.598083410521,2.000000
2.0,4.837717568376,38.701740547007,8.000000
2.0,5.145644188563,2.058257675425,0.400000
2.0,5.351587591032,42.812700728258,8.000000
2.0,5.485331933643,21.941327734570,4.000000
2.0,5.633007555999,11.266015111999,2.000000
2.0,5.749577966236,22.998311864944,4.000000
2.0,5.779988510240,23.119954040960,4.000000
2.0,5.856531634376,46.852253075028,8.000000
2.0,5.888471653071,47.107773224567,8.000000
2.0,5.912947444243,47.303579553942,8.000000
2.0,5.988388666574,23.953554666294,4.000000
2.0,6.086343851448,48.690750811602,8.000000
2.0,6.089155954398,24.356623817594,4.000000
2.0,6.174773026276,2.058257675425,0.333333
2.0,6.196541660100,24.786166640401,4.000000
2.0,6.206890356099,49.655122848790,8.000000
2.0,6.284987375804,50.279899006431,8.000000
2.0,6.448562557892,8.598083410494,1.333333
2.0,6.490622811576,51.924982492599,8.000000
2.4,0.845593628135,1.691187256269,2.000000
2.4,1.691187256269,1.691187256269,1.000000
2.4,2.079001369066,8.316005476262,4.000000
2.4,2.536780884404,1.691187256269,0.666667
2.4,3.382374512539,1.691187256269,0.500000
2.4,3.504196095535,28.033568764277,8.000000
2.4,3.831751681964,15.327006727857,4.000000
2.4,4.158002738131,8.316005476265,2.000000
2.4,4.227968140673,1.691187256269,0.400000
2.4,4.538703697747,36.309629581975,8.000000
2.4,5.073561768808,1.691187256269,0.333333
2.4,5.111399002474,40.891192019789,8.000000
2.4,5.261752029543,21.047008118174,4.000000
2.4,5.458508891914,43.668071135318,8.000000
2.4,5.625609520245,45.004876161919,8.000000
2.4,5.763109916704,23.052439666843,4.000000
2.4,5.872492938644,46.979943509202,8.000000
2.4,5.919155396943,1.691187256269,0.285714
2.4,6.115519669920,48.924157359322,8.000000
2.4,6.237004107197,8.316005476222,1.333333
2.4,6.334873724619,50.678989796944,8.000000
2.4,6.356498809340,12.712997618680,2.000000
2.4,6.394682537201,51.157460297610,8.000000
2.4,6.438260620120,25.753042480479,4.000000
2.4,6.452742317911,25.810969271647,4.000000
2.4,6.474923952493,25.899695809971,4.000000
2.8,0.693994552671,1.387989105341,2.000000
2.8,1.387989105341,1.387989105341,1.000000
2.8,2.029878422946,8.119513691785,4.000000
2.8,2.081983658012,1.387989105341,0.666667
2.8,2.775978210683,1.387989105341,0.500000
2.8,3.387203667651,27.097629341209,8.000000
2.8,3.469972763354,1.387989105341,0.400000
2.8,3.733824097022,14.935296388086,4.000000
2.8,4.059756845893,8.119513691786,2.000000
2.8,4.163967316024,1.387989105341,0.333333
2.8,4.325032895158,34.600263161265,8.000000
2.8,4.857961868695,1.387989105341,0.285714
2.8,4.943848610804,39.550788886432,8.000000
2.8,5.106972594965,20.427890379859,4.000000
2.8,5.127956922722,41.023655381778,8.000000
2.8,5.464292882443,43.714343059510,8.000000
2.8,5.551956421366,1.387989105341,0.250000
2.8,5.605738368471,22.422953473801,4.000000
2.8,5.723873134260,45.790985074127,8.000000
2.8,5.849933651347,46.799469210818,8.000000
2.8,5.873726358624,46.989810868983,8.000000
2.8,6.089635268839,8.119513691809,1.333333
2.8,6.160417488882,49.283339911047,8.000000
2.8,6.245950974036,1.387989105341,0.222222
2.8,6.250445667874,25.001782671473,4.000000
2.8,6.434064209155,51.472513673073,8.000000
