pillow,t,Z_fem_S3,identity_plus_elliptic,H_geodesic_prediction,residual,length_truncation_bound
2-8-8,0.0015,8.4724224101375142e+01,8.4724224101374674e+01,0.000000e+00,4.690e-13,0.000e+00
2-8-8,0.0015246366,8.3377559912151270e+01,8.3377559912150687e+01,0.000000e+00,5.826e-13,0.000e+00
2-8-8,0.0015496779,8.2052653899364032e+01,8.2052653899363349e+01,0.000000e+00,6.821e-13,0.000e+00
2-8-8,0.0015751304,8.0749154431614443e+01,8.0749154431613704e+01,0.000000e+00,7.390e-13,0.000e+00
2-8-8,0.001601001,7.9466715558895459e+01,7.9466715558894748e+01,0.000000e+00,7.105e-13,0.000e+00
2-8-8,0.0016272965,7.8204996920777944e+01,7.8204996920777234e+01,0.000000e+00,7.105e-13,0.000e+00
2-8-8,0.0016540239,7.6963663656079888e+01,7.6963663656079149e+01,0.000000e+00,7.390e-13,0.000e+00
2-8-8,0.0016811903,7.5742386313994672e+01,7.5742386313993961e+01,0.000000e+00,7.105e-13,0.000e+00
2-8-8,0.0017088028,7.4540840766656032e+01,7.4540840766655322e+01,6.916919e-323,7.105e-13,0.000e+00
2-8-8,0.0017368689,7.3358708123115690e+01,7.3358708123114994e+01,4.716099e-318,6.963e-13,0.000e+00
2-8-8,0.0017653959,7.2195674644710309e+01,7.2195674644709612e+01,6.524922e-313,6.963e-13,0.000e+00
2-8-8,0.0017943915,7.1051431661796613e+01,7.1051431661795931e+01,7.454783e-308,6.821e-13,0.000e+00
2-8-8,0.0018238633,6.9925675491831512e+01,6.9925675491830845e+01,7.055170e-303,6.679e-13,0.000e+00
2-8-8,0.0018538192,6.8818107358776302e+01,6.8818107358775620e+01,5.547717e-298,6.821e-13,0.000e+00
2-8-8,0.0018842671,6.7728433313802270e+01,6.7728433313801617e+01,3.635429e-293,6.537e-13,0.000e+00
2-8-8,0.0019152151,6.6656364157278389e+01,6.6656364157277736e+01,1.991181e-288,6.537e-13,0.000e+00
2-8-8,0.0019466714,6.5601615362019203e+01,6.5601615362018578e+01,9.141941e-284,6.253e-13,0.000e+00
2-8-8,0.0019786443,6.4563906997772619e+01,6.4563906997771994e+01,3.528390e-279,6.253e-13,0.000e+00
2-8-8,0.0020111424,6.3542963656928009e+01,6.3542963656927377e+01,1.148004e-274,6.324e-13,0.000e+00
2-8-8,0.0020441742,6.2538514381424918e+01,6.2538514381424299e+01,3.157460e-270,6.182e-13,0.000e+00
2-8-8,0.0020777485,6.1550292590842176e+01,6.1550292590841586e+01,7.361032e-266,5.898e-13,0.000e+00
2-8-8,0.0021118743,6.0578036011649445e+01,6.0578036011648869e+01,1.458499e-261,5.755e-13,0.000e+00
2-8-8,0.0021465606,5.9621486607601824e+01,5.9621486607601241e+01,2.462531e-257,5.826e-13,0.000e+00
2-8-8,0.0021818166,5.8680390511258629e+01,5.8680390511258068e+01,3.552123e-253,5.613e-13,0.000e+00
2-8-8,0.0022176517,5.7754497956609207e+01,5.7754497956608652e+01,4.388641e-249,5.542e-13,0.000e+00
2-8-8,0.0022540753,5.6843563212787373e+01,5.6843563212786833e+01,4.655803e-245,5.400e-13,0.000e+00
2-8-8,0.0022910972,5.5947344518856198e+01,5.5947344518855665e+01,4.251589e-241,5.329e-13,0.000e+00
2-8-8,0.0023287271,5.5065604019647232e+01,5.5065604019646699e+01,3.350054e-237,5.329e-13,0.000e+00
2-8-8,0.002366975,5.4198107702636001e+01,5.4198107702635475e+01,2.283135e-233,5.258e-13,0.000e+00
2-8-8,0.0024058512,5.3344625335837776e+01,5.3344625335837257e+01,1.348990e-229,5.187e-13,0.000e+00
2-8-8,0.0024453659,5.2504930406706208e+01,5.2504930406705697e+01,6.926047e-226,5.116e-13,0.000e+00
2-8-8,0.0024855296,5.1678800062019747e+01,5.1678800062019242e+01,3.097042e-222,5.045e-13,0.000e+00
2-8-8,0.0025263529,5.0866015048739257e+01,5.0866015048738767e+01,1.208826e-218,4.903e-13,0.000e+00
2-8-8,0.0025678468,5.0066359655820847e+01,5.0066359655820371e+01,4.127519e-215,4.761e-13,0.000e+00
2-8-8,0.0026100222,4.9279621656969248e+01,4.9279621656968772e+01,1.235556e-211,4.761e-13,0.000e+00
2-8-8,0.0026528902,4.8505592254316120e+01,4.8505592254315644e+01,3.249426e-208,4.761e-13,0.000e+00
2-8-8,0.0026964624,4.7744066023007996e+01,4.7744066023007541e+01,7.523686e-205,4.547e-13,0.000e+00
2-8-8,0.0027407502,4.6994840856689905e+01,4.6994840856689450e+01,1.536839e-201,4.547e-13,0.000e+00
2-8-8,0.0027857654,4.6257717913869911e+01,4.6257717913869463e+01,2.775105e-198,4.476e-13,0.000e+00
2-8-8,0.00283152,4.5532501565149715e+01,4.5532501565149282e+01,4.438629e-195,4.334e-13,0.000e+00
2-8-8,0.002878026,4.4818999341308398e+01,4.4818999341307972e+01,6.300687e-192,4.263e-13,0.000e+00
2-8-8,0.0029252959,4.4117021882224932e+01,4.4117021882224513e+01,7.953060e-189,4.192e-13,0.000e+00
2-8-8,0.0029733422,4.3426382886625554e+01,4.3426382886625134e+01,8.943589e-186,4.192e-13,0.000e+00
2-8-8,0.0030221775,4.2746899062643521e+01,4.2746899062643116e+01,8.977001e-183,4.050e-13,0.000e+00
2-8-8,0.003071815,4.2078390079177659e+01,4.2078390079177254e+01,8.057312e-180,4.050e-13,0.000e+00
2-8-8,0.0031222678,4.1420678518036411e+01,4.1420678518036013e+01,6.478482e-177,3.979e-13,0.000e+00
2-8-8,0.0031735492,4.0773589826855613e+01,4.0773589826855215e+01,4.674687e-174,3.979e-13,0.000e+00
2-8-8,0.0032256729,4.0136952272776618e+01,4.0136952272776227e+01,3.032407e-171,3.908e-13,0.000e+00
2-8-8,0.0032786526,3.9510596896873224e+01,3.9510596896872840e+01,1.771436e-168,3.837e-13,0.000e+00
2-8-8,0.0033325026,3.8894357469314478e+01,3.8894357469314102e+01,9.334722e-166,3.766e-13,0.000e+00
2-8-8,0.003387237,3.8288070445252266e+01,3.8288070445251904e+01,4.444663e-163,3.624e-13,0.000e+00
2-8-8,0.0034428703,3.7691574921421655e+01,3.7691574921421285e+01,1.915356e-160,3.695e-13,0.000e+00
2-8-8,0.0034994174,3.7104712593442144e+01,3.7104712593441782e+01,7.482266e-158,3.624e-13,0.000e+00
2-8-8,0.0035568933,3.6527327713809136e+01,3.6527327713808781e+01,2.653865e-155,3.553e-13,0.000e+00
2-8-8,0.0036153132,3.5959267050564122e+01,3.5959267050563788e+01,8.559812e-153,3.340e-13,0.000e+00
2-8-8,0.0036746926,3.5400379846632376e+01,3.5400379846632042e+01,2.514525e-150,3.340e-13,0.000e+00
2-8-8,0.0037350472,3.4850517779817906e+01,3.4850517779817579e+01,6.737675e-148,3.268e-13,0.000e+00
2-8-8,0.0037963932,3.4309534923444886e+01,3.4309534923444552e+01,1.649194e-145,3.340e-13,0.000e+00
2-8-8,0.0038587467,3.3777287707634557e+01,3.3777287707634230e+01,3.692973e-143,3.268e-13,0.000e+00
2-8-8,0.0039221243,3.3253634881208313e+01,3.3253634881207994e+01,7.576136e-141,3.197e-13,0.000e+00
2-8-8,0.0039865429,3.2738437474206023e+01,3.2738437474205703e+01,1.425940e-138,3.197e-13,0.000e+00
2-8-8,0.0040520195,3.2231558761010191e+01,3.2231558761009886e+01,2.465705e-136,3.055e-13,0.000e+00
2-8-8,0.0041185716,3.1732864224065615e+01,3.1732864224065313e+01,3.922495e-134,3.020e-13,0.000e+00
2-8-8,0.0041862167,3.1242221518185715e+01,3.1242221518185421e+01,5.748442e-132,2.949e-13,0.000e+00
2-8-8,0.0042549728,3.0759500435435104e+01,3.0759500435434820e+01,7.771062e-130,2.842e-13,0.000e+00
2-8-8,0.0043248582,3.0284572870579964e+01,3.0284572870579680e+01,9.703300e-128,2.842e-13,0.000e+00
2-8-8,0.0043958915,2.9817312787096427e+01,2.9817312787096157e+01,1.120533e-125,2.700e-13,0.000e+00
2-8-8,0.0044680914,2.9357596183728500e+01,2.9357596183728226e+01,1.198242e-123,2.736e-13,0.000e+00
2-8-8,0.0045414772,2.8905301061585860e+01,2.8905301061585590e+01,1.188006e-121,2.700e-13,0.000e+00
2-8-8,0.0046160682,2.8460307391773732e+01,2.8460307391773469e+01,1.093395e-119,2.629e-13,0.000e+00
2-8-8,0.0046918844,2.8022497083545765e+01,2.8022497083545499e+01,9.352822e-118,2.665e-13,0.000e+00
2-8-8,0.0047689459,2.7591753952971153e+01,2.7591753952970898e+01,7.444387e-116,2.558e-13,0.000e+00
2-8-8,0.004847273,2.7167963692108454e+01,2.7167963692108195e+01,5.520029e-114,2.593e-13,0.000e+00
2-8-8,0.0049268866,2.6751013838677405e+01,2.6751013838677153e+01,3.817483e-112,2.522e-13,0.000e+00
2-8-8,0.0050078078,2.6340793746220626e+01,2.6340793746220385e+01,2.465049e-110,2.416e-13,0.000e+00
2-8-8,0.0050900581,2.5937194554747677e+01,2.5937194554747432e+01,1.487880e-108,2.451e-13,0.000e+00
2-8-8,0.0051736593,2.5540109161853501e+01,2.5540109161853263e+01,8.403842e-107,2.380e-13,0.000e+00
2-8-8,0.0052586336,2.5149432194303330e+01,2.5149432194303092e+01,4.446530e-105,2.380e-13,0.000e+00
2-8-8,0.0053450035,2.4765059980077027e+01,2.4765059980076796e+01,2.206258e-103,2.309e-13,0.000e+00
2-8-8,0.0054327921,2.4386890520865030e+01,2.4386890520864799e+01,1.027624e-101,2.309e-13,0.000e+00
2-8-8,0.0055220225,2.4014823465008874e+01,2.4014823465008647e+01,4.497783e-100,2.274e-13,0.000e+00
2-8-8,0.0056127184,2.3648760080878741e+01,2.3648760080878525e+01,1.851764e-98,2.167e-13,0.000e+00
2-8-8,0.005704904,2.3288603230681641e+01,2.3288603230681424e+01,7.178361e-97,2.167e-13,0.000e+00
2-8-8,0.0057986037,2.2934257344692391e+01,2.2934257344692181e+01,2.622647e-95,2.096e-13,0.000e+00
2-8-8,0.0058938424,2.2585628395901420e+01,2.2585628395901207e+01,9.039511e-94,2.132e-13,0.000e+00
2-8-8,0.0059906452,2.2242623875072066e+01,2.2242623875071860e+01,2.942047e-92,2.061e-13,0.000e+00
2-8-8,0.0060890381,2.1905152766201137e+01,2.1905152766200938e+01,9.050158e-91,1.990e-13,0.000e+00
2-8-8,0.0061890469,2.1573125522375825e+01,2.1573125522375630e+01,2.633665e-89,1.954e-13,0.000e+00
2-8-8,0.0062906984,2.1246454042021028e+01,2.1246454042020829e+01,7.256917e-88,1.990e-13,0.000e+00
2-8-8,0.0063940194,2.0925051645530537e+01,2.0925051645530345e+01,1.895022e-86,1.918e-13,0.000e+00
2-8-8,0.0064990374,2.0608833052275727e+01,2.0608833052275536e+01,4.693789e-85,1.918e-13,0.000e+00
2-8-8,0.0066057802,2.0297714357986063e+01,2.0297714357985882e+01,1.103700e-83,1.812e-13,0.000e+00
2-8-8,0.0067142763,1.9991613012495066e+01,1.9991613012494884e+01,2.465824e-82,1.812e-13,0.000e+00
2-8-8,0.0068245543,1.9690447797846090e+01,1.9690447797845909e+01,5.238598e-81,1.812e-13,0.000e+00
2-8-8,0.0069366436,1.9394138806751766e+01,1.9394138806751595e+01,1.059164e-79,1.705e-13,0.000e+00
2-8-8,0.0070505739,1.9102607421401927e+01,1.9102607421401753e+01,2.039645e-78,1.741e-13,0.000e+00
2-8-8,0.0071663754,1.8815776292613791e+01,1.8815776292613617e+01,3.743954e-77,1.741e-13,0.000e+00
2-8-8,0.0072840789,1.8533569319319348e+01,1.8533569319319181e+01,6.555827e-76,1.670e-13,0.000e+00
2-8-8,0.0074037156,1.8255911628384300e+01,1.8255911628384140e+01,1.095914e-74,1.599e-13,0.000e+00
2-8-8,0.0075253172,1.7982729554753249e+01,1.7982729554753089e+01,1.750261e-73,1.599e-13,0.000e+00
2-8-8,0.0076489161,1.7713950621915700e+01,1.7713950621915547e+01,2.672558e-72,1.528e-13,0.000e+00
2-8-8,0.0077745451,1.7449503522688151e+01,1.7449503522687991e+01,3.904492e-71,1.599e-13,0.000e+00
2-8-8,0.0079022374,1.7189318100306540e+01,1.7189318100306384e+01,5.461662e-70,1.563e-13,0.000e+00
2-8-8,0.008032027,1.6933325329824619e+01,1.6933325329824466e+01,7.320035e-69,1.528e-13,0.000e+00
2-8-8,0.0081639483,1.6681457299812969e+01,1.6681457299812820e+01,9.406534e-68,1.492e-13,0.000e+00
2-8-8,0.0082980363,1.6433647194353956e+01,1.6433647194353814e+01,1.159764e-66,1.421e-13,0.000e+00
2-8-8,0.0084343267,1.6189829275327707e+01,1.6189829275327565e+01,1.372850e-65,1.421e-13,0.000e+00
2-8-8,0.0085728555,1.5949938864984611e+01,1.5949938864984473e+01,1.561265e-64,1.386e-13,0.000e+00
2-8-8,0.0087136596,1.5713912328799630e+01,1.5713912328799493e+01,1.706910e-63,1.368e-13,0.000e+00
2-8-8,0.0088567763,1.5481687058603733e+01,1.5481687058603598e+01,1.795156e-62,1.350e-13,0.000e+00
2-8-8,0.0090022436,1.5253201455988249e+01,1.5253201455988115e+01,1.817287e-61,1.332e-13,0.000e+00
2-8-8,0.0091501002,1.5028394915977525e+01,1.5028394915977394e+01,1.771911e-60,1.315e-13,0.000e+00
2-8-8,0.0093003852,1.4807207810965698e+01,1.4807207810965568e+01,1.665027e-59,1.297e-13,0.000e+00
2-8-8,0.0094531385,1.4589581474913139e+01,1.4589581474913007e+01,1.508761e-58,1.315e-13,0.000e+00
2-8-8,0.0096084007,1.4375458187798644e+01,1.4375458187798522e+01,1.319151e-57,1.226e-13,0.000e+00
2-8-8,0.0097662131,1.4164781160322981e+01,1.4164781160322859e+01,1.113510e-56,1.226e-13,0.000e+00
2-8-8,0.0099266173,1.3957494518859910e+01,1.3957494518859789e+01,9.079599e-56,1.208e-13,0.000e+00
2-8-8,0.010089656,1.3753543290650651e+01,1.3753543290650533e+01,7.155739e-55,1.172e-13,0.000e+00
2-8-8,0.010255373,1.3552873389237829e+01,1.3552873389237712e+01,5.453767e-54,1.172e-13,0.000e+00
2-8-8,0.010423811,1.3355431600135022e+01,1.3355431600134906e+01,4.021870e-53,1.155e-13,0.000e+00
2-8-8,0.010595016,1.3161165566728219e+01,1.3161165566728105e+01,2.871310e-52,1.137e-13,0.000e+00
2-8-8,0.010769033,1.2970023776405348e+01,1.2970023776405238e+01,1.985547e-51,1.101e-13,0.000e+00
2-8-8,0.010945908,1.2781955546910195e+01,1.2781955546910089e+01,1.330614e-50,1.066e-13,0.000e+00
2-8-8,0.011125688,1.2596911012917161e+01,1.2596911012917055e+01,8.646016e-50,1.066e-13,0.000e+00
2-8-8,0.011308421,1.2414841112823279e+01,1.2414841112823176e+01,5.449904e-49,1.030e-13,0.000e+00
2-8-8,0.011494155,1.2235697575753894e+01,1.2235697575753790e+01,3.334137e-48,1.048e-13,0.000e+00
2-8-8,0.01168294,1.2059432908778692e+01,1.2059432908778591e+01,1.980659e-47,1.013e-13,0.000e+00
2-8-8,0.011874825,1.1886000384334642e+01,1.1886000384334540e+01,1.143073e-46,1.013e-13,0.000e+00
2-8-8,0.012069862,1.1715354027852445e+01,1.1715354027852346e+01,6.411785e-46,9.948e-14,0.000e+00
2-8-8,0.012268103,1.1547448605583279e+01,1.1547448605583179e+01,3.497233e-45,9.948e-14,0.000e+00
2-8-8,0.012469599,1.1382239612622641e+01,1.1382239612622545e+01,1.855698e-44,9.592e-14,0.000e+00
2-8-8,0.012674405,1.1219683261128013e+01,1.1219683261127917e+01,9.583415e-44,9.592e-14,0.000e+00
2-8-8,0.012882575,1.1059736468727264e+01,1.1059736468727172e+01,4.818966e-43,9.237e-14,0.000e+00
2-8-8,0.013094163,1.0902356847114778e+01,1.0902356847114685e+01,2.360451e-42,9.237e-14,0.000e+00
2-8-8,0.013309227,1.0747502690832183e+01,1.0747502690832095e+01,1.126751e-41,8.882e-14,0.000e+00
2-8-8,0.013527823,1.0595132966230729e+01,1.0595132966230642e+01,5.243649e-41,8.704e-14,0.000e+00
2-8-8,0.01375001,1.0445207300612475e+01,1.0445207300612386e+01,2.380073e-40,8.882e-14,0.000e+00
2-8-8,0.013975846,1.0297685971547255e+01,1.0297685971547171e+01,1.054079e-39,8.349e-14,0.000e+00
2-8-8,0.014205391,1.0152529896362694e+01,1.0152529896362607e+01,4.556748e-39,8.704e-14,2.036e-321
2-8-8,0.014438706,1.0009700621804457e+01,1.0009700621804374e+01,1.923558e-38,8.349e-14,4.024e-316
2-8-8,0.014675853,9.8691603138639827e+00,9.8691603138638975e+00,7.932146e-38,8.527e-14,5.431e-311
2-8-8,0.014916895,9.7308717477709568e+00,9.7308717477708768e+00,3.196508e-37,7.994e-14,6.055e-306
2-8-8,0.015161896,9.5947982981479711e+00,9.5947982981478930e+00,1.259279e-36,7.816e-14,5.595e-301
2-8-8,0.015410922,9.4609039293246635e+00,9.4609039293245836e+00,4.851639e-36,7.994e-14,4.297e-296
2-8-8,0.015664037,9.3291531858087637e+00,9.3291531858086856e+00,1.828654e-35,7.816e-14,2.751e-291
2-8-8,0.01592131,9.1995111829116070e+00,9.1995111829115324e+00,6.745356e-35,7.461e-14,1.473e-286
2-8-8,0.016182808,9.0719435975254914e+00,9.0719435975254150e+00,2.435904e-34,7.638e-14,6.611e-282
2-8-8,0.016448601,8.9464166590505627e+00,8.9464166590504899e+00,8.614817e-34,7.283e-14,2.496e-277
2-8-8,0.016718759,8.8228971404687062e+00,8.8228971404686334e+00,2.984760e-33,7.283e-14,7.945e-273
2-8-8,0.016993355,8.7013523495621392e+00,8.7013523495620682e+00,1.013431e-32,7.105e-14,2.139e-268
2-8-8,0.017272461,8.5817501202743465e+00,8.5817501202742754e+00,3.373200e-32,7.105e-14,4.882e-264
2-8-8,0.017556151,8.4640588042110352e+00,8.4640588042109641e+00,1.101014e-31,7.105e-14,9.475e-260
2-8-8,0.0178445,8.3482472622789388e+00,8.3482472622788695e+00,3.525201e-31,6.928e-14,1.567e-255
2-8-8,0.018137586,8.2342848564601248e+00,8.2342848564600573e+00,1.107516e-30,6.750e-14,2.216e-251
2-8-8,0.018435485,8.1221414417196964e+00,8.1221414417196307e+00,3.415265e-30,6.573e-14,2.684e-247
2-8-8,0.018738277,8.0117873580447423e+00,8.0117873580446783e+00,1.034040e-29,6.395e-14,2.793e-243
2-8-8,0.019046042,7.9031934226123512e+00,7.9031934226122864e+00,3.074808e-29,6.484e-14,2.502e-239
2-8-8,0.019358862,7.7963309220846773e+00,7.7963309220846133e+00,8.982405e-29,6.395e-14,1.935e-235
2-8-8,0.01967682,7.6911716050289591e+00,7.6911716050288961e+00,2.578610e-28,6.306e-14,1.294e-231
2-8-8,0.02,7.5876876744604820e+00,7.5876876744604216e+00,7.276454e-28,6.040e-14,7.509e-228
2-8-8,0.021121458,7.2529768222046904e+00,7.2529768222046318e+00,2.079482e-26,5.862e-14,1.101e-215
2-8-8,0.022305799,6.9357613554672533e+00,6.9357613554671964e+00,4.966368e-25,5.684e-14,3.641e-204
2-8-8,0.02355655,6.6351017123968248e+00,6.6351017123967715e+00,1.000713e-23,5.329e-14,2.941e-193
2-8-8,0.024877434,6.3501079726586687e+00,6.3501079726586180e+00,1.716663e-22,5.063e-14,6.252e-183
2-8-8,0.026272384,6.0799372266255887e+00,6.0799372266255416e+00,2.528575e-21,4.707e-14,3.754e-173
2-8-8,0.027745553,5.8237910848792005e+00,5.8237910848791543e+00,3.224001e-20,4.619e-14,6.810e-164
2-8-8,0.029301327,5.5809133205554877e+00,5.5809133205554433e+00,3.585666e-19,4.441e-14,3.977e-155
2-8-8,0.030944337,5.3505876374600172e+00,5.3505876374599755e+00,3.503884e-18,4.174e-14,7.941e-147
2-8-8,0.032679476,5.1321355572491418e+00,5.1321355572491028e+00,3.029126e-17,3.905e-14,5.739e-139
2-8-8,0.034511909,4.9249144193246703e+00,4.9249144193246304e+00,2.331831e-16,3.973e-14,1.584e-131
2-8-8,0.036447092,4.7283154874225435e+00,4.7283154874225053e+00,1.608286e-15,3.658e-14,1.758e-124
2-8-8,0.038490786,4.5417621571914548e+00,4.5417621571914086e+00,9.996498e-15,3.619e-14,8.236e-118
2-8-8,0.040649076,4.3647082593564601e+00,4.3647082593563713e+00,5.630522e-14,3.251e-14,1.704e-111
2-8-8,0.042928387,4.1966364533464890e+00,4.1966364533461675e+00,2.888922e-13,3.263e-14,1.626e-105
2-8-8,0.045335507,4.0370567065337566e+00,4.0370567065323684e+00,1.356935e-12,3.129e-14,7.460e-100
2-8-8,0.0478776,3.8855048544892243e+00,3.8855048544833322e+00,5.862111e-12,3.006e-14,1.710e-94
2-8-8,0.050562236,3.7415412379023394e+00,3.7415412378789150e+00,2.339633e-11,2.804e-14,2.033e-89
2-8-8,0.053397407,3.6047494120485286e+00,3.6047494119618726e+00,8.662939e-11,2.662e-14,1.297e-84
2-8-8,0.056391554,3.4747349249195270e+00,3.4747349246207340e+00,2.987683e-10,2.473e-14,4.594e-80
2-8-8,0.059553592,3.3511241603701492e+00,3.3511241594067576e+00,9.633665e-10,2.509e-14,9.313e-76
2-8-8,0.062892935,3.2335632428998760e+00,3.2335632399852061e+00,2.914646e-09,2.360e-14,1.114e-71
2-8-8,0.066419524,3.1217170010111119e+00,3.1217169927090551e+00,8.302035e-09,2.197e-14,8.075e-68
2-8-8,0.07014386,3.0152679865165335e+00,3.0152679641819660e+00,2.233455e-08,2.099e-14,3.647e-64
2-8-8,0.074077029,2.9139155477692933e+00,2.9139154908473275e+00,5.692195e-08,2.065e-14,1.052e-60
2-8-8,0.078230743,2.8173749556305254e+00,2.8173748178019435e+00,1.378286e-07,2.005e-14,1.984e-57
2-8-8,0.082617368,2.7253765821210694e+00,2.7253762641868158e+00,3.179342e-07,1.956e-14,2.504e-54
2-8-8,0.087249963,2.6376651331316241e+00,2.6376644326539287e+00,7.004777e-07,1.895e-14,2.160e-51
2-8-8,0.092142322,2.5539989382024189e+00,2.5539974605473086e+00,1.477655e-06,1.819e-14,1.299e-48
2-8-8,0.097309009,2.4741493020252547e+00,2.4741463105692074e+00,2.991456e-06,1.762e-14,5.553e-46
2-8-8,0.10276541,2.3978999236377709e+00,2.3978940988284183e+00,5.824809e-06,1.660e-14,1.718e-43
2-8-8,0.10852776,2.3250463898530698e+00,2.3250354582877111e+00,1.093157e-05,1.603e-14,3.914e-41
2-8-8,0.11461323,2.2553957488733150e+00,2.2553759357414647e+00,1.981313e-05,1.569e-14,6.674e-39
2-8-8,0.12103992,2.1887661679654604e+00,2.1887314205630370e+00,3.474740e-05,1.507e-14,8.648e-37
2-8-8,0.12782698,2.1249866754660554e+00,2.1249276035644553e+00,5.907190e-05,1.487e-14,8.641e-35
2-8-8,0.13499461,2.0638969824994557e+00,2.0637994644089082e+00,9.751809e-05,1.468e-14,6.751e-33
2-8-8,0.14256415,2.0053473742530898e+00,2.0051907861094040e+00,1.565881e-04,1.382e-14,4.178e-31
2-8-8,0.15055814,1.9491986553173837e+00,1.9489536952351281e+00,2.449601e-04,1.386e-14,2.073e-29
2-8-8,0.15900037,1.8953221293863072e+00,1.8949482265305999e+00,3.739029e-04,1.321e-14,8.349e-28
2-8-8,0.16791598,1.8435995912605101e+00,1.8430419107318818e+00,5.576805e-04,1.345e-14,2.758e-26
2-8-8,0.17733152,1.7939233089227831e+00,1.7931093844390844e+00,8.139245e-04,1.272e-14,7.556e-25
2-8-8,0.18727501,1.7461959752569534e+00,1.7450320209752550e+00,1.163954e-03,1.248e-14,1.733e-23
2-8-8,0.19777606,1.7003306120474995e+00,1.6986975812287777e+00,1.633031e-03,1.186e-14,3.360e-22
2-8-8,0.20886594,1.6562504122139992e+00,1.6539998835395833e+00,2.250529e-03,1.139e-14,5.557e-21
2-8-8,0.22057766,1.6138885087957004e+00,1.6108384917491316e+00,3.050017e-03,1.109e-14,7.904e-20
2-8-8,0.23294609,1.5731876603479222e+00,1.5691184205902042e+00,4.069240e-03,1.123e-14,9.747e-19
2-8-8,0.24600805,1.5340998420890513e+00,1.5287498576453131e+00,5.349984e-03,1.045e-14,1.050e-17
2-8-8,0.25980244,1.4965857309776847e+00,1.4896479011520096e+00,6.937830e-03,1.041e-14,9.952e-17
2-8-8,0.27437031,1.4606140720928018e+00,1.4517323129796853e+00,8.881759e-03,1.001e-14,8.355e-16
2-8-8,0.28975505,1.4261609146574037e+00,1.4149272861456923e+00,1.123363e-02,1.017e-14,6.254e-15
2-8-8,0.30600246,1.3932087100132615e+00,1.3791612262788364e+00,1.404748e-02,1.135e-14,4.199e-14
2-8-8,0.32316091,1.3617452714387059e+00,1.3443665464755341e+00,1.737872e-02,2.050e-14,2.543e-13
2-8-8,0.34128148,1.3317626066375985e+00,1.3104794750282915e+00,2.128313e-02,7.279e-14,1.397e-12
2-8-8,0.36041812,1.3032556468166909e+00,1.2774398755375747e+00,2.581577e-02,3.463e-13,6.999e-12
2-8-8,0.38062781,1.2762209095712642e+00,1.2451910789466865e+00,3.102983e-02,1.634e-12,3.212e-11
2-8-8,0.40197071,1.2506551440296376e+00,1.2136797270648685e+00,3.697542e-02,7.217e-12,1.357e-10
2-8-8,0.42451038,1.2265540137287336e+00,1.1828556271664954e+00,4.369839e-02,2.956e-11,5.300e-10
2-8-8,0.4483139,1.2039108739902642e+00,1.1526716172738112e+00,5.123926e-02,1.125e-10,1.922e-09
2-8-8,0.47345216,1.1827156955851066e+00,1.1230834417471396e+00,5.963225e-02,3.990e-10,6.494e-09
2-8-8,0.5,1.1629541757457265e+00,1.0940496368196995e+00,6.890454e-02,1.324e-09,2.053e-08
3-3-12,0.0015,8.4721255550073778e+01,8.4721255550073252e+01,9.689359e-251,5.258e-13,0.000e+00
3-3-12,0.0015246366,8.3374545059546023e+01,8.3374545059545383e+01,1.097837e-246,6.395e-13,0.000e+00
3-3-12,0.0015496779,8.2049592061430118e+01,8.2049592061429422e+01,1.069575e-242,6.963e-13,0.000e+00
3-3-12,0.0015751304,8.0746044915398301e+01,8.0746044915397590e+01,8.982025e-239,7.105e-13,0.000e+00
3-3-12,0.001601001,7.9463557662434283e+01,7.9463557662433573e+01,6.517325e-235,7.105e-13,0.000e+00
3-3-12,0.0016272965,7.8201789933019512e+01,7.8201789933018816e+01,4.095645e-231,6.963e-13,0.000e+00
3-3-12,0.0016540239,7.6960406856803075e+01,7.6960406856802365e+01,2.234302e-227,7.105e-13,0.000e+00
3-3-12,0.0016811903,7.5739078973730358e+01,7.5739078973729647e+01,1.060525e-223,7.105e-13,0.000e+00
3-3-12,0.0017088028,7.4537482146608582e+01,7.4537482146607857e+01,4.389713e-220,7.248e-13,0.000e+00
3-3-12,0.0017368689,7.3355297475085038e+01,7.3355297475084356e+01,1.587992e-216,6.821e-13,0.000e+00
3-3-12,0.0017653959,7.2192211211014836e+01,7.2192211211014154e+01,5.031562e-213,6.821e-13,0.000e+00
3-3-12,0.0017943915,7.1047914675196608e+01,7.1047914675195912e+01,1.399361e-209,6.963e-13,0.000e+00
3-3-12,0.0018238633,6.9922104175453427e+01,6.9922104175452745e+01,3.423292e-206,6.821e-13,0.000e+00
3-3-12,0.0018538192,6.8814480926037945e+01,6.8814480926037248e+01,7.381524e-203,6.963e-13,0.000e+00
3-3-12,0.0018842671,6.7724750968338753e+01,6.7724750968338085e+01,1.405793e-199,6.679e-13,0.000e+00
3-3-12,0.0019152151,6.6652625092869158e+01,6.6652625092868504e+01,2.369418e-196,6.537e-13,0.000e+00
3-3-12,0.0019466714,6.5597818762516056e+01,6.5597818762515431e+01,3.541311e-193,6.253e-13,0.000e+00
3-3-12,0.0019786443,6.4560052037028626e+01,6.4560052037028015e+01,4.702536e-190,6.111e-13,0.000e+00
3-3-12,0.0020111424,6.3539049498727856e+01,6.3539049498727231e+01,5.558729e-187,6.253e-13,0.000e+00
3-3-12,0.0020441742,6.2534540179416233e+01,6.2534540179415629e+01,5.860177e-184,6.040e-13,0.000e+00
3-3-12,0.0020777485,6.1546257488468257e+01,6.1546257488467646e+01,5.520026e-181,6.111e-13,0.000e+00
3-3-12,0.0021118743,6.0573939142083191e+01,6.0573939142082608e+01,4.654326e-178,5.826e-13,0.000e+00
3-3-12,0.0021465606,5.9617327093681240e+01,5.9617327093680672e+01,3.519130e-175,5.684e-13,0.000e+00
3-3-12,0.0021818166,5.8676167465423745e+01,5.8676167465423163e+01,2.390240e-172,5.826e-13,0.000e+00
3-3-12,0.0022176517,5.7750210480840451e+01,5.7750210480839883e+01,1.460925e-169,5.684e-13,0.000e+00
3-3-12,0.0022540753,5.6839210398545745e+01,5.6839210398545191e+01,8.048877e-167,5.542e-13,0.000e+00
3-3-12,0.0022910972,5.5942925447025033e+01,5.5942925447024486e+01,4.003978e-164,5.471e-13,0.000e+00
3-3-12,0.0023287271,5.5061117760475810e+01,5.5061117760475270e+01,1.801415e-161,5.400e-13,0.000e+00
3-3-12,0.002366975,5.4193553315684952e+01,5.4193553315684433e+01,7.341873e-159,5.187e-13,0.000e+00
3-3-12,0.0024058512,5.3340001869926546e+01,5.3340001869926013e+01,2.714967e-156,5.329e-13,0.000e+00
3-3-12,0.0024453659,5.2500236899862358e+01,5.2500236899861839e+01,9.123662e-154,5.187e-13,0.000e+00
3-3-12,0.0024855296,5.1674035541430612e+01,5.1674035541430115e+01,2.790566e-151,4.974e-13,0.000e+00
3-3-12,0.0025263529,5.0861178530705587e+01,5.0861178530705089e+01,7.780270e-149,4.974e-13,0.000e+00
3-3-12,0.0025678468,5.0061450145712868e+01,5.0061450145712378e+01,1.980277e-146,4.903e-13,0.000e+00
3-3-12,0.0026100222,4.9274638149185023e+01,4.9274638149184540e+01,4.608141e-144,4.832e-13,0.000e+00
3-3-12,0.0026528902,4.8500533732242388e+01,4.8500533732241919e+01,9.818001e-142,4.690e-13,0.000e+00
3-3-12,0.0026964624,4.7738931458983629e+01,4.7738931458983167e+01,1.917948e-139,4.619e-13,0.000e+00
3-3-12,0.0027407502,4.6989629211971923e+01,4.6989629211971462e+01,3.440140e-137,4.619e-13,0.000e+00
3-3-12,0.0027857654,4.6252428138602284e+01,4.6252428138601829e+01,5.673353e-135,4.547e-13,0.000e+00
3-3-12,0.00283152,4.5527132598335015e+01,4.5527132598334568e+01,8.614249e-133,4.476e-13,0.000e+00
3-3-12,0.002878026,4.4813550110782387e+01,4.4813550110781954e+01,1.205837e-130,4.334e-13,0.000e+00
3-3-12,0.0029252959,4.4111491304634171e+01,4.4111491304633738e+01,1.558204e-128,4.334e-13,0.000e+00
3-3-12,0.0029733422,4.3420769867408154e+01,4.3420769867407728e+01,1.861168e-126,4.263e-13,0.000e+00
3-3-12,0.0030221775,4.2741202496013152e+01,4.2741202496012733e+01,2.057428e-124,4.192e-13,0.000e+00
3-3-12,0.003071815,4.2072608848110875e+01,4.2072608848110477e+01,2.107584e-122,3.979e-13,0.000e+00
3-3-12,0.0031222678,4.1414811494263468e+01,4.1414811494263063e+01,2.003091e-120,4.050e-13,0.000e+00
3-3-12,0.0031735492,4.0767635870854754e+01,4.0767635870854363e+01,1.768471e-118,3.908e-13,0.000e+00
3-3-12,0.0032256729,4.0130910233772155e+01,4.0130910233771772e+01,1.452092e-116,3.837e-13,0.000e+00
3-3-12,0.0032786526,3.9504465612837258e+01,3.9504465612836874e+01,1.110192e-114,3.837e-13,0.000e+00
3-3-12,0.0033325026,3.8888135766972553e+01,3.8888135766972169e+01,7.912448e-113,3.837e-13,0.000e+00
3-3-12,0.003387237,3.8281757140093006e+01,3.8281757140092630e+01,5.262899e-111,3.766e-13,0.000e+00
3-3-12,0.0034428703,3.7685168817710547e+01,3.7685168817710178e+01,3.270585e-109,3.695e-13,0.000e+00
3-3-12,0.0034994174,3.7098212484239433e+01,3.7098212484239070e+01,1.901029e-107,3.624e-13,0.000e+00
3-3-12,0.0035568933,3.6520732380992136e+01,3.6520732380991781e+01,1.034629e-105,3.553e-13,0.000e+00
3-3-12,0.0036153132,3.5952575264853913e+01,3.5952575264853579e+01,5.278057e-104,3.340e-13,0.000e+00
3-3-12,0.0036746926,3.5393590367625102e+01,3.5393590367624761e+01,2.526456e-102,3.411e-13,0.000e+00
3-3-12,0.0037350472,3.4843629356020685e+01,3.4843629356020351e+01,1.135911e-100,3.340e-13,0.000e+00
3-3-12,0.0037963932,3.4302546292316535e+01,3.4302546292316201e+01,4.801880e-99,3.340e-13,0.000e+00
3-3-12,0.0038587467,3.3770197595631267e+01,3.3770197595630933e+01,1.910492e-97,3.340e-13,0.000e+00
3-3-12,0.0039221243,3.3246442003834233e+01,3.3246442003833920e+01,7.160969e-96,3.126e-13,0.000e+00
3-3-12,0.0039865429,3.2731140536069077e+01,3.2731140536068764e+01,2.531101e-94,3.126e-13,0.000e+00
3-3-12,0.0040520195,3.2224156455883126e+01,3.2224156455882820e+01,8.444425e-93,3.055e-13,0.000e+00
3-3-12,0.0041185716,3.1725355234952392e+01,3.1725355234952087e+01,2.661699e-91,3.055e-13,0.000e+00
3-3-12,0.0041862167,3.1234604517393414e+01,3.1234604517393109e+01,7.933681e-90,3.055e-13,0.000e+00
3-3-12,0.0042549728,3.0751774084651437e+01,3.0751774084651139e+01,2.238255e-88,2.984e-13,0.000e+00
3-3-12,0.0043248582,3.0276735820956514e+01,3.0276735820956226e+01,5.982043e-87,2.878e-13,0.000e+00
3-3-12,0.0043958915,2.9809363679337764e+01,2.9809363679337476e+01,1.515912e-85,2.878e-13,0.000e+00
3-3-12,0.0044680914,2.9349533648187155e+01,2.9349533648186878e+01,3.645497e-84,2.771e-13,0.000e+00
3-3-12,0.0045414772,2.8897123718363542e+01,2.8897123718363265e+01,8.326552e-83,2.771e-13,0.000e+00
3-3-12,0.0046160682,2.8452013850828589e+01,2.8452013850828315e+01,1.807843e-81,2.736e-13,0.000e+00
3-3-12,0.0046918844,2.8014085944806030e+01,2.8014085944805764e+01,3.734214e-80,2.665e-13,0.000e+00
3-3-12,0.0047689459,2.7583223806455251e+01,2.7583223806454988e+01,7.343964e-79,2.629e-13,0.000e+00
3-3-12,0.004847273,2.7159313118051571e+01,2.7159313118051312e+01,1.376255e-77,2.593e-13,0.000e+00
3-3-12,0.0049268866,2.6742241407664778e+01,2.6742241407664523e+01,2.459480e-76,2.558e-13,0.000e+00
3-3-12,0.0050078078,2.6331898019327582e+01,2.6331898019327330e+01,4.194661e-75,2.522e-13,0.000e+00
3-3-12,0.0050900581,2.5928174083686557e+01,2.5928174083686297e+01,6.832622e-74,2.593e-13,0.000e+00
3-3-12,0.0051736593,2.5530962489127553e+01,2.5530962489127308e+01,1.063745e-72,2.451e-13,0.000e+00
3-3-12,0.0052586336,2.5140157853367771e+01,2.5140157853367526e+01,1.584034e-71,2.451e-13,0.000e+00
3-3-12,0.0053450035,2.4755656495507218e+01,2.4755656495506983e+01,2.257776e-70,2.345e-13,0.000e+00
3-3-12,0.0054327921,2.4377356408532037e+01,2.4377356408531814e+01,3.082432e-69,2.238e-13,0.000e+00
3-3-12,0.0055220225,2.4005157232262434e+01,2.4005157232262203e+01,4.033712e-68,2.309e-13,0.000e+00
3-3-12,0.0056127184,2.3638960226737705e+01,2.3638960226737478e+01,5.063048e-67,2.274e-13,0.000e+00
3-3-12,0.005704904,2.3278668246032069e+01,2.3278668246031849e+01,6.099691e-66,2.203e-13,0.000e+00
3-3-12,0.0057986037,2.2924185712493365e+01,2.2924185712493149e+01,7.057971e-65,2.167e-13,0.000e+00
3-3-12,0.0058938424,2.2575418591398655e+01,2.2575418591398435e+01,7.848947e-64,2.203e-13,0.000e+00
3-3-12,0.0059906452,2.2232274366019414e+01,2.2232274366019201e+01,8.394232e-63,2.132e-13,0.000e+00
3-3-12,0.0060890381,2.1894662013090084e+01,2.1894662013089878e+01,8.638984e-62,2.061e-13,0.000e+00
3-3-12,0.0061890469,2.1562491978673073e+01,2.1562491978672874e+01,8.561033e-61,1.990e-13,0.000e+00
3-3-12,0.0062906984,2.1235676154414222e+01,2.1235676154414019e+01,8.174039e-60,2.025e-13,0.000e+00
3-3-12,0.0063940194,2.0914127854182226e+01,2.0914127854182031e+01,7.524114e-59,1.954e-13,0.000e+00
3-3-12,0.0064990374,2.0597761791085656e+01,2.0597761791085464e+01,6.680961e-58,1.918e-13,0.000e+00
3-3-12,0.0066057802,2.0286494054861834e+01,2.0286494054861638e+01,5.725851e-57,1.954e-13,0.000e+00
3-3-12,0.0067142763,1.9980242089631233e+01,1.9980242089631044e+01,4.739224e-56,1.883e-13,0.000e+00
3-3-12,0.0068245543,1.9678924672011824e+01,1.9678924672011640e+01,3.790400e-55,1.847e-13,0.000e+00
3-3-12,0.0069366436,1.9382461889587063e+01,1.9382461889586882e+01,2.930988e-54,1.812e-13,0.000e+00
3-3-12,0.0070505739,1.9090775119722437e+01,1.9090775119722259e+01,2.192456e-53,1.776e-13,0.000e+00
3-3-12,0.0071663754,1.8803787008724356e+01,1.8803787008724179e+01,1.587336e-52,1.776e-13,0.000e+00
3-3-12,0.0072840789,1.8521421451336277e+01,1.8521421451336106e+01,1.112901e-51,1.705e-13,0.000e+00
3-3-12,0.0074037156,1.8243603570566400e+01,1.8243603570566226e+01,7.559958e-51,1.741e-13,0.000e+00
3-3-12,0.0075253172,1.7970259697841655e+01,1.7970259697841488e+01,4.978282e-50,1.670e-13,0.000e+00
3-3-12,0.0076489161,1.7701317353482604e+01,1.7701317353482438e+01,3.179471e-49,1.670e-13,0.000e+00
3-3-12,0.0077745451,1.7436705227494325e+01,1.7436705227494162e+01,1.970426e-48,1.634e-13,0.000e+00
3-3-12,0.0079022374,1.7176353160667823e+01,1.7176353160667663e+01,1.185514e-47,1.599e-13,0.000e+00
3-3-12,0.008032027,1.6920192125987256e+01,1.6920192125987100e+01,6.927908e-47,1.563e-13,0.000e+00
3-3-12,0.0081639483,1.6668154210337885e+01,1.6668154210337732e+01,3.934149e-46,1.528e-13,0.000e+00
3-3-12,0.0082980363,1.6420172596509957e+01,1.6420172596509808e+01,2.171971e-45,1.492e-13,0.000e+00
3-3-12,0.0084343267,1.6176181545493581e+01,1.6176181545493431e+01,1.166298e-44,1.492e-13,0.000e+00
3-3-12,0.0085728555,1.5936116379060152e+01,1.5936116379060005e+01,6.094135e-44,1.474e-13,0.000e+00
3-3-12,0.0087136596,1.5699913462625545e+01,1.5699913462625400e+01,3.099939e-43,1.457e-13,0.000e+00
3-3-12,0.0088567763,1.5467510188390428e+01,1.5467510188390284e+01,1.535752e-42,1.439e-13,0.000e+00
3-3-12,0.0090022436,1.5238844958753443e+01,1.5238844958753301e+01,7.413127e-42,1.421e-13,0.000e+00
3-3-12,0.0091501002,1.5013857169992681e+01,1.5013857169992544e+01,3.488000e-41,1.368e-13,0.000e+00
3-3-12,0.0093003852,1.4792487196211223e+01,1.4792487196211086e+01,1.600390e-40,1.368e-13,0.000e+00
3-3-12,0.0094531385,1.4574676373542275e+01,1.4574676373542141e+01,7.163506e-40,1.332e-13,0.000e+00
3-3-12,0.0096084007,1.4360366984610048e+01,1.4360366984609914e+01,3.129320e-39,1.332e-13,0.000e+00
3-3-12,0.0097662131,1.4149502243241852e+01,1.4149502243241725e+01,1.334657e-38,1.261e-13,0.000e+00
3-3-12,0.0099266173,1.3942026279427697e+01,1.3942026279427571e+01,5.559716e-38,1.261e-13,0.000e+00
3-3-12,0.010089656,1.3737884124523134e+01,1.3737884124523008e+01,2.262895e-37,1.261e-13,0.000e+00
3-3-12,0.010255373,1.3537021696691609e+01,1.3537021696691486e+01,9.002597e-37,1.226e-13,0.000e+00
3-3-12,0.010423811,1.3339385786582227e+01,1.3339385786582103e+01,3.502054e-36,1.243e-13,0.000e+00
3-3-12,0.010595016,1.3144924043239383e+01,1.3144924043239261e+01,1.332561e-35,1.226e-13,0.000e+00
3-3-12,0.010769033,1.2953584960240340e+01,1.2953584960240219e+01,4.961526e-35,1.208e-13,0.000e+00
3-3-12,0.010945908,1.2765317862057039e+01,1.2765317862056921e+01,1.808257e-34,1.172e-13,0.000e+00
3-3-12,0.011125688,1.2580072890638675e+01,1.2580072890638561e+01,6.453147e-34,1.137e-13,0.000e+00
3-3-12,0.011308421,1.2397800992211383e+01,1.2397800992211270e+01,2.255782e-33,1.137e-13,0.000e+00
3-3-12,0.011494155,1.2218453904291380e+01,1.2218453904291271e+01,7.726488e-33,1.084e-13,0.000e+00
3-3-12,0.01168294,1.2041984142908412e+01,1.2041984142908305e+01,2.593996e-32,1.066e-13,0.000e+00
3-3-12,0.011874825,1.1868344990035851e+01,1.1868344990035746e+01,8.538847e-32,1.048e-13,0.000e+00
3-3-12,0.012069862,1.1697490481224197e+01,1.1697490481224094e+01,2.756831e-31,1.030e-13,0.000e+00
3-3-12,0.012268103,1.1529375393434659e+01,1.1529375393434554e+01,8.732490e-31,1.048e-13,0.000e+00
3-3-12,0.012469599,1.1363955233069660e+01,1.1363955233069559e+01,2.714669e-30,1.013e-13,0.000e+00
3-3-12,0.012674405,1.1201186224196974e+01,1.1201186224196872e+01,8.284728e-30,1.013e-13,0.000e+00
3-3-12,0.012882575,1.1041025296964371e+01,1.1041025296964271e+01,2.482857e-29,9.948e-14,0.000e+00
3-3-12,0.013094163,1.0883430076201817e+01,1.0883430076201716e+01,7.309113e-29,1.013e-13,0.000e+00
3-3-12,0.013309227,1.0728358870208007e+01,1.0728358870207911e+01,2.114183e-28,9.592e-14,0.000e+00
3-3-12,0.013527823,1.0575770659718360e+01,1.0575770659718264e+01,6.010474e-28,9.592e-14,0.000e+00
3-3-12,0.01375001,1.0425625087051538e+01,1.0425625087051442e+01,1.679904e-27,9.592e-14,0.000e+00
3-3-12,0.013975846,1.0277882445431533e+01,1.0277882445431443e+01,4.617314e-27,9.059e-14,0.000e+00
3-3-12,0.014205391,1.0132503668482542e+01,1.0132503668482451e+01,1.248363e-26,9.059e-14,2.124e-321
3-3-12,0.014438706,9.9894503198937965e+00,9.9894503198937095e+00,3.320889e-26,8.704e-14,4.196e-316
3-3-12,0.014675853,9.8486845832516039e+00,9.8486845832515169e+00,8.694483e-26,8.704e-14,5.663e-311
3-3-12,0.014916895,9.7101692520358824e+00,9.7101692520357954e+00,2.240892e-25,8.704e-14,6.314e-306
3-3-12,0.015161896,9.5738677197785371e+00,9.5738677197784519e+00,5.687163e-25,8.527e-14,5.834e-301
3-3-12,0.015410922,9.4397439703810697e+00,9.4397439703809862e+00,1.421597e-24,8.349e-14,4.480e-296
3-3-12,0.015664037,9.3077625685887710e+00,9.3077625685886929e+00,3.500822e-24,7.816e-14,2.868e-291
3-3-12,0.01592131,9.1778886506190585e+00,9.1778886506189785e+00,8.495344e-24,7.994e-14,1.536e-286
3-3-12,0.016182808,9.0500879149413436e+00,9.0500879149412654e+00,2.031947e-23,7.816e-14,6.893e-282
3-3-12,0.016448601,8.9243266132061247e+00,8.9243266132060448e+00,4.791438e-23,7.994e-14,2.602e-277
3-3-12,0.016718759,8.8005715413207000e+00,8.8005715413206218e+00,1.114143e-22,7.816e-14,8.284e-273
3-3-12,0.016993355,8.6787900306692958e+00,8.6787900306692194e+00,2.555267e-22,7.638e-14,2.230e-268
3-3-12,0.017272461,8.5589499394751520e+00,8.5589499394750810e+00,5.781602e-22,7.105e-14,5.091e-264
3-3-12,0.017556151,8.4410196443022905e+00,8.4410196443022176e+00,1.290838e-21,7.283e-14,9.879e-260
3-3-12,0.0178445,8.3249680316947501e+00,8.3249680316946755e+00,2.844464e-21,7.461e-14,1.634e-255
3-3-12,0.018137586,8.2107644899509751e+00,8.2107644899509022e+00,6.187659e-21,7.283e-14,2.311e-251
3-3-12,0.018435485,8.0983789010312321e+00,8.0983789010311646e+00,1.329046e-20,6.750e-14,2.799e-247
3-3-12,0.018738277,7.9877816325958717e+00,7.9877816325958033e+00,2.819229e-20,6.839e-14,2.912e-243
3-3-12,0.019046042,7.8789435301722737e+00,7.8789435301722053e+00,5.907248e-20,6.839e-14,2.609e-239
3-3-12,0.019358862,7.7718359094484679e+00,7.7718359094484013e+00,1.222899e-19,6.661e-14,2.017e-235
3-3-12,0.01967682,7.6664305486913067e+00,7.6664305486912401e+00,2.501678e-19,6.661e-14,1.350e-231
3-3-12,0.02,7.5626996812871656e+00,7.5626996812870990e+00,5.058141e-19,6.661e-14,7.830e-228
3-3-12,0.021121458,7.2271557615173583e+00,7.2271557615172952e+00,4.920505e-18,6.306e-14,1.148e-215
3-3-12,0.022305799,6.9090987848488439e+00,6.9090987848487853e+00,4.235713e-17,5.858e-14,3.797e-204
3-3-12,0.02355655,6.6075904912530490e+00,6.6075904912529939e+00,3.247583e-16,5.474e-14,3.067e-193
3-3-12,0.024877434,6.3217423419267265e+00,6.3217423419266705e+00,2.231413e-15,5.372e-14,6.519e-183
3-3-12,0.026272384,6.0507128856073553e+00,6.0507128856072914e+00,1.382016e-14,5.013e-14,3.914e-173
3-3-12,0.027745553,5.7937052645899705e+00,5.7937052645898452e+00,7.758041e-14,4.765e-14,7.101e-164
3-3-12,0.029301327,5.5499648529819812e+00,5.5499648529815389e+00,3.967924e-13,4.552e-14,4.147e-155
3-3-12,0.030944337,5.3187770201306277e+00,5.3187770201287252e+00,1.858200e-12,4.428e-14,8.280e-147
3-3-12,0.032679476,5.0994650125357364e+00,5.0994650125276904e+00,8.005173e-12,4.084e-14,5.984e-139
3-3-12,0.034511909,4.8913879479205571e+00,4.8913879478886519e+00,3.186560e-11,3.955e-14,1.652e-131
3-3-12,0.036447092,4.6939389154794275e+00,4.6939389153616924e+00,1.176977e-10,3.750e-14,1.834e-124
3-3-12,0.038490786,4.5065431766600330e+00,4.5065431762550183e+00,4.049792e-10,3.552e-14,8.587e-118
3-3-12,0.040649076,4.3286564611842069e+00,4.3286564598811568e+00,1.303016e-09,3.413e-14,1.777e-111
3-3-12,0.042928387,4.1597633533903027e+00,4.1597633494559902e+00,3.934280e-09,3.271e-14,1.696e-105
3-3-12,0.045335507,3.9993757644351300e+00,3.9993757532499119e+00,1.118519e-08,3.098e-14,7.779e-100
3-3-12,0.0478776,3.8470314864884778e+00,3.8470314564505128e+00,3.003793e-08,3.016e-14,1.783e-94
3-3-12,0.050562236,3.7022928258718886e+00,3.7022927494428437e+00,7.642902e-08,2.881e-14,2.120e-89
3-3-12,0.053397407,3.5647453132251758e+00,3.5647451284469849e+00,1.847782e-07,2.764e-14,1.353e-84
3-3-12,0.056391554,3.4339964902961286e+00,3.4339960646742469e+00,4.256219e-07,2.605e-14,4.790e-80
3-3-12,0.059553592,3.3096747748397015e+00,3.3096738383732056e+00,9.364665e-07,2.525e-14,9.711e-76
3-3-12,0.062892935,3.1914284072600987e+00,3.1914264343356100e+00,1.972924e-06,2.390e-14,1.161e-71
3-3-12,0.066419524,3.0789244847429416e+00,3.0789204956205856e+00,3.989122e-06,2.324e-14,8.420e-68
3-3-12,0.07014386,2.9718480902330366e+00,2.9718403324338523e+00,7.757799e-06,2.315e-14,3.802e-64
3-3-12,0.074077029,2.8699015240999439e+00,2.8698869832675191e+00,1.454083e-05,2.120e-14,1.097e-60
3-3-12,0.078230743,2.7728036450382811e+00,2.7727773255658210e+00,2.631947e-05,2.003e-14,2.069e-57
3-3-12,0.082617368,2.6802893231247671e+00,2.6802432333333153e+00,4.608979e-05,1.937e-14,2.611e-54
3-3-12,0.087249963,2.5921090017454858e+00,2.5920307792450994e+00,7.822250e-05,1.830e-14,2.252e-51
3-3-12,0.092142322,2.5080283565127388e+00,2.5078994789538398e+00,1.288776e-04,1.819e-14,1.354e-48
3-3-12,0.097309009,2.4278280290480554e+00,2.4276215754163122e+00,2.064536e-04,1.785e-14,5.790e-46
3-3-12,0.10276541,2.3513034028664492e+00,2.3509813611830057e+00,3.220417e-04,1.666e-14,1.791e-43
3-3-12,0.10852776,2.2782643791731729e+00,2.2777745367086397e+00,4.898425e-04,1.620e-14,4.081e-41
3-3-12,0.11461323,2.2085351039114482e+00,2.2078076028493738e+00,7.275011e-04,1.596e-14,6.959e-39
3-3-12,0.12103992,2.1419535954271396e+00,2.1408972858145372e+00,1.056310e-03,1.462e-14,9.017e-37
3-3-12,0.12782698,2.0783712257169422e+00,2.0768699929370809e+00,1.501233e-03,1.467e-14,9.010e-35
3-3-12,0.13499461,2.0176520177758217e+00,2.0155612977180279e+00,2.090720e-03,1.411e-14,7.039e-33
3-3-12,0.14256415,1.9596717366254044e+00,1.9568154526862236e+00,2.856284e-03,1.369e-14,4.356e-31
3-3-12,0.15055814,1.9043167709673789e+00,1.9004849286959915e+00,3.831842e-03,1.314e-14,2.162e-29
3-3-12,0.15900037,1.8514828241938031e+00,1.8464299793621111e+00,5.052845e-03,1.253e-14,8.705e-28
3-3-12,0.16791598,1.8010734554069305e+00,1.7945182294041271e+00,6.555226e-03,1.189e-14,2.876e-26
3-3-12,0.17733152,1.7529985307257467e+00,1.7446242857406362e+00,8.374245e-03,1.152e-14,7.878e-25
3-3-12,0.18727501,1.7071726602207311e+00,1.6966293702390487e+00,1.054329e-02,1.127e-14,1.807e-23
3-3-12,0.19777606,1.6635137045060058e+00,1.6504209730877020e+00,1.309273e-02,1.094e-14,3.504e-22
3-3-12,0.20886594,1.6219414361887214e+00,1.6058925258151917e+00,1.604891e-02,1.084e-14,5.795e-21
3-3-12,0.22057766,1.5823764347109492e+00,1.5629430930366952e+00,1.943334e-02,1.059e-14,8.242e-20
3-3-12,0.23294609,1.5447392791609664e+00,1.5214770820589383e+00,2.326220e-02,9.673e-15,1.016e-18
3-3-12,0.24600805,1.5089500837016558e+00,1.4814039695245687e+00,2.754611e-02,9.687e-15,1.095e-17
3-3-12,0.25980244,1.4749283962810296e+00,1.4426380443230968e+00,3.229035e-02,9.007e-15,1.038e-16
3-3-12,0.27437031,1.4425934555007314e+00,1.4050981660393829e+00,3.749529e-02,9.132e-15,8.712e-16
3-3-12,0.28975505,1.4118647752050140e+00,1.3687075382520382e+00,4.315724e-02,9.041e-15,6.521e-15
3-3-12,0.30600246,1.3826630035639089e+00,1.3333934960330462e+00,4.926951e-02,9.652e-15,4.378e-14
3-3-12,0.32316091,1.3549109847803760e+00,1.2990873070365412e+00,5.582368e-02,1.617e-14,2.652e-13
3-3-12,0.34128148,1.3285349381516032e+00,1.2657239855989686e+00,6.281095e-02,5.494e-14,1.457e-12
3-3-12,0.36041812,1.3034656616478000e+00,1.2332421193048364e+00,7.022354e-02,2.585e-13,7.298e-12
3-3-12,0.38062781,1.2796396656010893e+00,1.2015837075019107e+00,7.805596e-02,1.228e-12,3.349e-11
3-3-12,0.40197071,1.2570001463771208e+00,1.1706940112769579e+00,8.630614e-02,5.475e-12,1.415e-10
3-3-12,0.42451038,1.2354977196785391e+00,1.1405214144279499e+00,9.497631e-02,2.264e-11,5.526e-10
3-3-12,0.4483139,1.2150908478875324e+00,1.1110172949908415e+00,1.040736e-01,8.698e-11,2.004e-09
3-3-12,0.47345216,1.1957459149056437e+00,1.0821359068985812e+00,1.136100e-01,3.113e-10,6.772e-09
3-3-12,0.5,1.1774369243733427e+00,1.0538342713666551e+00,1.236027e-01,1.042e-09,2.141e-08
