tau,i_from,i_to,lambda_from,lambda_to,mean_N_minus_weyl_with_a0
0.0,0,400,2.061,1198.039,-0.0031
0.0,400,800,1199.867,2395.097,0.0117
0.0,800,1200,2399.441,3599.609,-0.0398
0.0,1200,1600,3600.237,4805.867,0.0513
0.0,1600,2000,4807.437,5996.030,0.0247
0.0,2000,2400,6002.511,7198.019,-0.0285
0.0,2400,2800,7201.620,8401.591,0.0126
0.0,2800,3200,8406.741,9606.402,-0.0921
0.0,3200,3600,9611.187,10793.233,0.1182
0.0,3600,4000,10798.176,11994.012,-0.0781
0.0,4000,4400,11997.682,13190.297,0.0745
0.0,4400,4800,13193.496,14402.642,-0.0759
0.0,4800,5200,14404.419,15601.395,0.0886
0.0,5200,5570,15603.718,16697.740,-0.0265
0.4,0,400,1.492,1196.118,0.0041
0.4,400,800,1198.455,2397.006,-0.0071
0.4,800,1200,2398.904,3598.081,-0.0101
0.4,1200,1600,3601.246,4792.752,0.0121
0.4,1600,2000,4796.048,5998.232,-0.0036
0.4,2000,2400,5999.209,7197.249,-0.0237
0.4,2400,2800,7198.187,8391.654,0.0271
0.4,2800,3200,8392.965,9594.361,-0.0030
0.4,3200,3600,9597.225,10805.791,0.0274
0.4,3600,4000,10806.912,11994.705,-0.0059
0.4,4000,4400,11998.548,13194.071,-0.0316
0.4,4400,4800,13201.822,14393.035,0.0170
0.4,4800,5200,14397.167,15602.571,-0.0126
0.4,5200,5557,15605.880,16673.679,0.0037
0.8,0,400,1.071,1198.326,-0.0095
0.8,400,800,1199.951,2395.262,0.0039
0.8,800,1200,2400.341,3598.109,0.0359
0.8,1200,1600,3599.804,4794.841,-0.0374
0.8,1600,2000,4796.329,5994.456,0.0347
0.8,2000,2400,5994.787,7198.763,-0.0545
0.8,2400,2800,7202.762,8395.846,0.0174
0.8,2800,3200,8399.348,9599.372,0.0377
0.8,3200,3600,9602.946,10795.045,0.0213
0.8,3600,4000,10799.370,11999.044,-0.1084
0.8,4000,4400,12000.939,13203.434,0.0269
0.8,4400,4800,13204.310,14398.464,0.0099
0.8,4800,5200,14401.209,15602.459,0.0243
0.8,5200,5545,15604.211,16641.705,0.0450
1.2,0,400,0.769,1196.026,0.0054
1.2,400,800,1198.255,2397.546,-0.0158
1.2,800,1200,2400.615,3595.714,0.0339
1.2,1200,1600,3602.060,4798.974,-0.0168
1.2,1600,2000,4801.951,5995.725,0.0267
1.2,2000,2400,5999.523,7187.910,-0.0101
1.2,2400,2800,7191.849,8402.200,-0.0426
1.2,2800,3200,8405.427,9588.793,0.0458
1.2,3200,3600,9592.752,10805.177,-0.0292
1.2,3600,4000,10806.845,12007.102,0.0726
1.2,4000,4400,12010.704,13199.812,-0.0215
1.2,4400,4800,13201.355,14395.450,-0.0611
1.2,4800,5200,14397.264,15594.277,-0.0271
1.2,5200,5530,15597.074,16587.147,-0.0375
1.6,0,400,0.554,1197.543,-0.0057
1.6,400,800,1200.462,2396.694,0.0467
1.6,800,1200,2404.676,3596.245,-0.0779
1.6,1200,1600,3598.458,4805.077,-0.0046
1.6,1600,2000,4807.215,5997.362,0.0947
1.6,2000,2400,6001.837,7203.313,-0.0717
1.6,2400,2800,7206.990,8392.979,-0.0092
1.6,2800,3200,8400.249,9601.541,0.0396
1.6,3200,3600,9603.135,10794.681,0.0138
1.6,3600,4000,10800.103,11988.497,-0.0552
1.6,4000,4400,11994.536,13194.339,-0.0288
1.6,4400,4800,13198.778,14394.966,0.0107
1.6,4800,5200,14398.234,15598.845,0.0385
1.6,5200,5525,15602.373,16574.895,0.0571
2.0,0,400,0.402,1198.759,0.0029
2.0,400,800,1200.857,2403.062,-0.0498
2.0,800,1200,2404.120,3594.137,0.0252
2.0,1200,1600,3594.910,4796.262,0.0824
2.0,1600,2000,4799.573,6001.703,-0.0121
2.0,2000,2400,6002.865,7200.540,-0.1514
2.0,2400,2800,7201.654,8392.175,0.0393
2.0,2800,3200,8394.826,9594.010,-0.0003
2.0,3200,3600,9596.441,10799.746,-0.0100
2.0,3600,4000,10801.100,12000.661,-0.0113
2.0,4000,4400,12008.081,13200.387,0.0664
2.0,4400,4800,13204.718,14390.537,0.0346
2.0,4800,5200,14397.405,15600.551,0.0417
2.0,5200,5500,15602.126,16492.675,-0.3700
2.4,0,400,0.294,1195.379,0.0310
2.4,400,800,1197.952,2398.529,0.0261
2.4,800,1200,2402.716,3596.121,-0.1441
2.4,1200,1600,3599.075,4804.412,0.1150
2.4,1600,2000,4805.829,5989.610,0.0758
2.4,2000,2400,5993.233,7195.540,-0.0408
2.4,2400,2800,7198.138,8387.339,0.0176
2.4,2800,3200,8394.923,9598.440,-0.0912
2.4,3200,3600,9601.542,10797.448,-0.1677
2.4,3600,4000,10799.070,12002.222,0.1742
2.4,4000,4400,12004.270,13195.375,0.0680
2.4,4400,4800,13201.772,14399.116,-0.1601
2.4,4800,5200,14401.278,15602.219,0.0758
2.4,5200,5483,15605.877,16441.797,0.1871
2.8,0,400,0.217,1201.388,-0.0306
2.8,400,800,1204.484,2400.350,0.1194
2.8,800,1200,2406.138,3591.118,0.0235
2.8,1200,1600,3593.963,4792.736,0.0086
2.8,1600,2000,4798.223,5998.466,-0.0327
2.8,2000,2400,6000.718,7191.014,0.0907
2.8,2400,2800,7198.505,8394.622,-0.2678
2.8,2800,3200,8397.310,9597.714,0.0373
2.8,3200,3600,9601.103,10801.291,0.2692
2.8,3600,4000,10802.166,11986.213,-0.4077
2.8,4000,4400,11993.140,13199.974,0.2207
2.8,4400,4800,13202.454,14398.612,0.0108
2.8,4800,5200,14401.432,15596.726,-0.0538
2.8,5200,5449,15602.271,16343.520,-0.3515
