bc,"lambda_fem_(2,3,8)_triangle",lambda_bolza_strohmaier_uski,rel_diff,fem_level_diff,bolza_multiplicity
N,23.07855848138147,23.0785584813816351550752062995745529967807846993874,6.9e-15,1.9e-14,1
N,74.92670839769227,74.92670839769283328311748797245,7.6e-15,1.9e-14,1
N,116.60251775546087,116.60251775546229662661557737308,1.2e-14,1.3e-14,1
N,169.20449400139196,169.20449400139391417106181462953,1.2e-14,1.9e-14,1
N,256.69280480059314,256.69280480059646055217237695304,1.3e-14,1.7e-14,1
N,306.68023281411934,306.68023281412262250698805963676,1.1e-14,1.8e-14,1
N,387.14385904901314,387.143859055,1.5e-11,7.8e-15,1
N,442.84854162867964,442.848541637,1.9e-11,1.1e-13,1
N,500.66248122530845,500.662481234,1.7e-11,2.2e-13,1
N,590.72868315687992,590.728683167,1.7e-11,6.9e-13,1
N,667.58676062216080,667.586760632,1.5e-11,3.7e-12,1
N,757.24599441073815,757.245994423,1.6e-11,1.0e-11,1
N,821.84545115985088,821.84545116041,6.8e-13,7.2e-12,1
N,888.48577755933979,888.485777560264,1.0e-12,9.5e-12,1
N,946.01554343036719,946.015543431486,1.2e-12,5.9e-11,1
D,222.37112420711316,222.37112420711407857426264718736,4.1e-15,1.7e-14,1
D,394.57776644567298,394.577766466,5.2e-11,9.8e-15,1
D,583.47280437083691,583.4728044,5.0e-11,6.2e-13,1
D,647.70398913956205,647.703989171,4.9e-11,5.8e-13,1
D,821.13195784443144,821.131957844614,2.2e-13,6.3e-12,1
D,948.12582031854026,948.125820319044,5.3e-13,1.1e-11,1
M1,91.46486259077929,91.464862590779935859345447409101,7.0e-15,1.7e-14,1
M1,199.32631952240530,199.32631952240683481823626754341,7.7e-15,1.2e-14,1
M1,337.26534529675445,337.265345316,5.7e-11,1.1e-14,1
M1,405.40610080452393,405.406100824,4.8e-11,3.5e-14,1
M1,512.27837300337012,512.278373032,5.6e-11,7.4e-13,1
M1,640.29426006816470,640.2942601,5.0e-11,1.6e-12,1
M1,723.62120038175954,723.62120042,5.3e-11,3.3e-12,1
M1,867.12752196913436,867.127521969219,9.8e-14,1.4e-11,1
M1,941.47053164792408,941.470531647868,6.0e-14,5.0e-11,1
M1,978.18849871543148,978.188498715498,6.8e-14,6.2e-11,1
M2,32.67364961607844,32.673649616078808024835881708101467682343233419788,1.1e-14,1.4e-14,1
M2,120.44374683383474,120.44374683383610956870010341381,1.1e-14,1.7e-14,1
M2,214.45214587229552,214.45214587229753488044832805733,9.4e-15,2.0e-14,1
M2,269.80811497519539,269.80811497519906278968481767458,1.4e-14,1.2e-14,1
M2,374.64905825489558,374.64905826,1.4e-11,4.2e-15,1
M2,475.17200116677594,475.172001174,1.5e-11,9.6e-14,1
M2,568.94307103538699,568.943071045,1.7e-11,9.3e-13,1
M2,625.53090476062482,625.53090477,1.5e-11,1.2e-12,1
M2,733.82119316159276,733.821193173,1.6e-11,7.4e-12,1
M2,812.87315466955465,812.873154670182,7.7e-13,2.4e-11,1
M2,902.17302754541242,902.173027543338,2.3e-12,1.9e-11,1
