t_min,t_max,n_coeffs,c1_fit,c1_data_err,c2_fit,c2_data_err,c1_fit_on_exact_elliptic,c2_fit_on_exact_elliptic
0.0015,0.004,2,2.0672354795,2.99e-08,-60.03676896,9.90e-06,2.0672354795,-60.03676896
0.0015,0.004,3,2.0814901542,1.11e-07,-71.58538808,8.28e-05,2.0814901542,-71.58538808
0.0015,0.004,4,2.0830859408,4.39e-07,-73.53562020,5.12e-04,2.0830859408,-73.53562027
0.0015,0.004,5,2.0832954113,1.78e-06,-73.87758365,2.81e-03,2.0832954118,-73.87758434
0.0015,0.004,6,2.0833268338,7.28e-06,-73.94176283,1.45e-02,2.0833268362,-73.94176740
0.0015,0.004,7,2.0833321022,2.98e-05,-73.95468231,7.17e-02,2.0833321102,-73.95470091
0.0015,0.004,8,2.0833330571,1.24e-04,-73.95741541,3.47e-01,2.0833330839,-73.95748770
0.0015,0.004,9,2.0833331625,5.16e-04,-73.95776019,1.66e+00,2.0833332785,-73.95812447
0.0015,0.004,10,2.0833328880,2.13e-03,-73.95674949,7.71e+00,2.0833333212,-73.95828168
0.0015,0.004,11,2.0833320796,8.84e-03,-73.95344129,3.57e+01,2.0833333229,-73.95828854
0.0015,0.006,2,2.0588328191,1.87e-08,-56.56180134,4.35e-06,2.0588328191,-56.56180135
0.0015,0.006,3,2.0799059343,5.00e-08,-70.32776105,2.77e-05,2.0799059343,-70.32776105
0.0015,0.006,4,2.0827774707,1.40e-07,-73.17683808,1.26e-04,2.0827774707,-73.17683808
0.0015,0.006,5,2.0832314025,4.06e-07,-73.77980968,5.03e-04,2.0832314025,-73.77980973
0.0015,0.006,6,2.0833126246,1.19e-06,-73.91492209,1.88e-03,2.0833126249,-73.91492245
0.0015,0.006,7,2.0833287451,3.53e-06,-73.94713529,6.76e-03,2.0833287461,-73.94713724
0.0015,0.006,8,2.0833322361,1.05e-05,-73.95527949,2.35e-02,2.0833322393,-73.95528662
0.0015,0.006,9,2.0833330464,3.11e-05,-73.95744126,8.04e-02,2.0833330553,-73.95746332
0.0015,0.006,10,2.0833332356,9.33e-05,-73.95800908,2.72e-01,2.0833332587,-73.95807420
0.0015,0.006,11,2.0833332538,2.77e-04,-73.95806988,9.03e-01,2.0833333125,-73.95825346
0.0015,0.008,2,2.0507162542,1.46e-08,-53.71002313,2.66e-06,2.0507162542,-53.71002313
0.0015,0.008,3,2.0781075815,3.37e-08,-69.10781852,1.50e-05,2.0781075815,-69.10781852
0.0015,0.008,4,2.0823709537,7.92e-08,-72.77239766,5.87e-05,2.0823709537,-72.77239766
0.0015,0.008,5,2.0831344579,1.93e-07,-73.65309464,2.01e-04,2.0831344579,-73.65309464
0.0015,0.008,6,2.0832880999,4.78e-07,-73.87526296,6.40e-04,2.0832880999,-73.87526303
0.0015,0.008,7,2.0833221794,1.20e-06,-73.93449116,1.95e-03,2.0833221796,-73.93449151
0.0015,0.008,8,2.0833303860,3.00e-06,-73.95114734,5.79e-03,2.0833303868,-73.95114890
0.0015,0.008,9,2.0833325048,7.58e-06,-73.95606568,1.68e-02,2.0833325072,-73.95607081
0.0015,0.008,10,2.0833330834,1.92e-05,-73.95757736,4.81e-02,2.0833330894,-73.95759198
0.0015,0.008,11,2.0833332449,4.84e-05,-73.95804634,1.36e-01,2.0833332580,-73.95808179
0.002,0.006,2,2.0534213825,1.42e-08,-55.31150243,3.18e-06,2.0534213825,-55.31150243
0.002,0.006,3,2.0787691091,4.71e-08,-69.74057313,2.43e-05,2.0787691091,-69.74057314
0.002,0.006,4,2.0825290648,1.67e-07,-72.97432633,1.36e-04,2.0825290648,-72.97432632
0.002,0.006,5,2.0831736156,6.09e-07,-73.71520143,6.72e-04,2.0831736155,-73.71520134
0.002,0.006,6,2.0832982918,2.24e-06,-73.89453552,3.12e-03,2.0832982914,-73.89453500
0.002,0.006,7,2.0833249725,8.32e-06,-73.94061871,1.40e-02,2.0833249714,-73.94061702
0.002,0.006,8,2.0833311928,3.10e-05,-73.95315901,6.10e-02,2.0833311897,-73.95315325
0.002,0.006,9,2.0833327591,1.14e-04,-73.95676923,2.59e-01,2.0833327492,-73.95674762
0.002,0.006,10,2.0833331937,4.31e-04,-73.95789653,1.10e+00,2.0833331672,-73.95783199
0.002,0.006,11,2.0833334047,1.61e-03,-73.95850464,4.56e+00,2.0833332892,-73.95818359
0.002,0.008,2,2.0440644098,1.05e-08,-52.48107856,1.84e-06,2.0440644098,-52.48107856
0.002,0.008,3,2.0765254212,2.82e-08,-68.43546995,1.18e-05,2.0765254212,-68.43546995
0.002,0.008,4,2.0819817116,7.99e-08,-72.50720747,5.42e-05,2.0819817116,-72.50720747
0.002,0.008,5,2.0830331263,2.34e-07,-73.55752999,2.19e-04,2.0830331263,-73.55752997
0.002,0.008,6,2.0832601330,6.97e-07,-73.84150516,8.27e-04,2.0832601329,-73.84150506
0.002,0.008,7,2.0833140266,2.08e-06,-73.92248991,3.00e-03,2.0833140263,-73.92248940
0.002,0.008,8,2.0833278893,6.24e-06,-73.94680932,1.06e-02,2.0833278884,-73.94680782
0.002,0.008,9,2.0833317087,1.88e-05,-73.95447097,3.65e-02,2.0833317065,-73.95446674
0.002,0.008,10,2.0833328268,5.70e-05,-73.95699512,1.25e-01,2.0833328223,-73.95698581
0.002,0.008,11,2.0833331805,1.72e-04,-73.95788277,4.21e-01,2.0833331660,-73.95784851
0.002,0.01,2,2.0342649103,8.52e-09,-49.85717614,1.22e-06,2.0342649103,-49.85717614
0.002,0.01,3,2.0738936677,2.02e-08,-67.07544068,7.06e-06,2.0738936677,-67.07544068
0.002,0.01,4,2.0812690558,4.92e-08,-71.96686595,2.85e-05,2.0812690558,-71.96686596
0.002,0.01,5,2.0828315525,1.24e-07,-73.35662651,1.01e-04,2.0828315525,-73.35662651
0.002,0.01,6,2.0832001629,3.20e-07,-73.76751784,3.33e-04,2.0832001629,-73.76751780
0.002,0.01,7,2.0832952812,8.31e-07,-73.89493416,1.05e-03,2.0832952811,-73.89493402
0.002,0.01,8,2.0833217544,2.17e-06,-73.93634469,3.23e-03,2.0833217540,-73.93634417
0.002,0.01,9,2.0833296141,5.66e-06,-73.95040490,9.69e-03,2.0833296132,-73.95040340
0.002,0.01,10,2.0833320823,1.48e-05,-73.95537473,2.88e-02,2.0833320802,-73.95537094
0.002,0.01,11,2.0833328969,3.90e-05,-73.95719817,8.43e-02,2.0833328934,-73.95719101
0.003,0.01,2,2.0199211058,5.62e-09,-47.79714518,7.68e-07,2.0199211058,-47.79714518
0.003,0.01,3,2.0697388525,1.71e-08,-65.72119445,5.47e-06,2.0697388525,-65.72119445
0.003,0.01,4,2.0800398645,5.58e-08,-71.32951173,2.83e-05,2.0800398645,-71.32951173
0.003,0.01,5,2.0824506525,1.87e-07,-73.08457790,1.30e-04,2.0824506525,-73.08457790
0.003,0.01,6,2.0830760880,6.35e-07,-73.65448260,5.58e-04,2.0830760880,-73.65448258
0.003,0.01,7,2.0832528961,2.17e-06,-73.84796363,2.30e-03,2.0832528961,-73.84796363
0.003,0.01,8,2.0833066296,7.41e-06,-73.91660068,9.22e-03,2.0833066295,-73.91660052
0.003,0.01,9,2.0833239996,2.56e-05,-73.94196865,3.65e-02,2.0833239988,-73.94196741
0.003,0.01,10,2.0833299274,8.80e-05,-73.95171141,1.42e-01,2.0833299203,-73.95170000
0.003,0.01,11,2.0833320481,3.04e-04,-73.95558565,5.46e-01,2.0833320354,-73.95556388
0.0015,0.01,2,2.0421278561,1.23e-08,-51.05960210,1.82e-06,2.0421278561,-51.05960210
0.0015,0.01,3,2.0759620845,2.59e-08,-67.82007208,9.52e-06,2.0759620845,-67.82007208
0.0015,0.01,4,2.0818290559,5.41e-08,-72.29452447,3.39e-05,2.0818290559,-72.29452447
0.0015,0.01,5,2.0829911373,1.17e-07,-73.48697764,1.04e-04,2.0829911373,-73.48697765
0.0015,0.01,6,2.0832481411,2.57e-07,-73.81795736,2.99e-04,2.0832481411,-73.81795737
0.0015,0.01,7,2.0833104513,5.73e-07,-73.91445982,8.17e-04,2.0833104514,-73.91445992
0.0015,0.01,8,2.0833267762,1.28e-06,-73.94399608,2.17e-03,2.0833267764,-73.94399649
0.0015,0.01,9,2.0833313457,2.89e-06,-73.95345343,5.63e-03,2.0833313464,-73.95345487
0.0015,0.01,10,2.0833326992,6.51e-06,-73.95660707,1.44e-02,2.0833327012,-73.95661141
0.0015,0.01,11,2.0833331187,1.47e-05,-73.95769365,3.63e-02,2.0833331234,-73.95770514
0.0015,0.012,2,2.0339341645,1.08e-08,-48.79299360,1.37e-06,2.0339341645,-48.79299360
0.0015,0.012,3,2.0737103903,2.16e-08,-66.59907350,6.83e-06,2.0737103903,-66.59907350
0.0015,0.012,4,2.0812081644,4.19e-08,-71.79857958,2.29e-05,2.0812081644,-71.79857958
0.0015,0.012,5,2.0828129725,8.31e-08,-73.29976203,6.57e-05,2.0828129725,-73.29976203
0.0015,0.012,6,2.0831945264,1.69e-07,-73.74822276,1.75e-04,2.0831945264,-73.74822277
0.0015,0.012,7,2.0832935410,3.47e-07,-73.88825948,4.44e-04,2.0832935410,-73.88825951
0.0015,0.012,8,2.0833212034,7.19e-07,-73.93397955,1.09e-03,2.0833212035,-73.93397970
0.0015,0.012,9,2.0833294342,1.50e-06,-73.94954450,2.63e-03,2.0833294345,-73.94954502
0.0015,0.012,10,2.0833320200,3.12e-06,-73.95505024,6.24e-03,2.0833320208,-73.95505184
0.0015,0.012,11,2.0833328711,6.52e-06,-73.95706509,1.46e-02,2.0833328731,-73.95706952
