pillow,t,Z_fem,Z_selberg_identity_plus_elliptic,difference,error_bound,Z_N_minus_Z_D,mirror_term,mirror_difference
2-8-8,0.0015,8.4724224101375142e+01,8.4724224101374674e+01,4.690e-13,1.465e-11,2.0042910490273847e+01,2.0042910490273922e+01,-7.461e-14
2-8-8,0.00159185,7.9915466238819249e+01,7.9915466238818539e+01,7.105e-13,1.315e-11,1.9455619415440104e+01,1.9455619415439958e+01,1.457e-13
2-8-8,0.00168933,7.5384145891714979e+01,7.5384145891714269e+01,7.105e-13,1.219e-11,1.8885510403728389e+01,1.8885510403728212e+01,1.776e-13
2-8-8,0.00179277,7.1114252434170240e+01,7.1114252434169543e+01,6.963e-13,1.141e-11,1.8332079969598116e+01,1.8332079969597949e+01,1.670e-13
2-8-8,0.00190256,6.7090698961374400e+01,6.7090698961373747e+01,6.537e-13,1.072e-11,1.7794839357136325e+01,1.7794839357136155e+01,1.705e-13
2-8-8,0.00201906,6.3299268983560495e+01,6.3299268983559884e+01,6.111e-13,1.008e-11,1.7273314108426288e+01,1.7273314108426128e+01,1.599e-13
2-8-8,0.00214269,5.9726566195572829e+01,5.9726566195572246e+01,5.826e-13,9.489e-12,1.6767043644544060e+01,1.6767043644543914e+01,1.457e-13
2-8-8,0.0022739,5.6359967144571456e+01,5.6359967144570916e+01,5.400e-13,8.938e-12,1.6275580858812926e+01,1.6275580858812791e+01,1.350e-13
2-8-8,0.00241314,5.3187576628648081e+01,5.3187576628647570e+01,5.116e-13,8.420e-12,1.5798491721956715e+01,1.5798491721956578e+01,1.368e-13
2-8-8,0.00256091,5.0198185668776205e+01,5.0198185668775736e+01,4.690e-13,7.934e-12,1.5335354898803413e+01,1.5335354898803285e+01,1.279e-13
2-8-8,0.00271773,4.7381231905613603e+01,4.7381231905613149e+01,4.547e-13,7.476e-12,1.4885761376200691e+01,1.4885761376200572e+01,1.190e-13
2-8-8,0.00288415,4.4726762281243033e+01,4.4726762281242607e+01,4.263e-13,7.045e-12,1.4449314101814617e+01,1.4449314101814506e+01,1.101e-13
2-8-8,0.00306076,4.2225397874014057e+01,4.2225397874013645e+01,4.121e-13,6.639e-12,1.4025627633493025e+01,1.4025627633492913e+01,1.119e-13
2-8-8,0.00324819,3.9868300762255984e+01,3.9868300762255600e+01,3.837e-13,6.257e-12,1.3614327798883753e+01,1.3614327798883648e+01,1.048e-13
2-8-8,0.00344709,3.7647142799802950e+01,3.7647142799802587e+01,3.624e-13,5.896e-12,1.3215051365007401e+01,1.3215051365007300e+01,1.013e-13
2-8-8,0.00365817,3.5554076193029253e+01,3.5554076193028926e+01,3.268e-13,5.557e-12,1.2827445717492877e+01,1.2827445717492784e+01,9.237e-14
2-8-8,0.00388218,3.3581705775459788e+01,3.3581705775459469e+01,3.197e-13,5.237e-12,1.2451168549192801e+01,1.2451168549192705e+01,9.592e-14
2-8-8,0.0041199,3.1723062882019072e+01,3.1723062882018777e+01,2.949e-13,4.935e-12,1.2085887557903575e+01,1.2085887557903494e+01,8.171e-14
2-8-8,0.00437218,2.9971580730638259e+01,2.9971580730637978e+01,2.807e-13,4.651e-12,1.1731280152923901e+01,1.1731280152923825e+01,7.638e-14
2-8-8,0.00463991,2.8321071224265168e+01,2.8321071224264895e+01,2.736e-13,4.383e-12,1.1387033170192327e+01,1.1387033170192245e+01,8.171e-14
2-8-8,0.00492404,2.6765703091343202e+01,2.6765703091342960e+01,2.416e-13,4.131e-12,1.1052842595752697e+01,1.1052842595752630e+01,6.750e-14
2-8-8,0.00522556,2.5299981287556776e+01,2.5299981287556538e+01,2.380e-13,3.893e-12,1.0728413297303725e+01,1.0728413297303657e+01,6.750e-14
2-8-8,0.00554555,2.3918727586097006e+01,2.3918727586096786e+01,2.203e-13,3.669e-12,1.0413458763595457e+01,1.0413458763595393e+01,6.395e-14
2-8-8,0.00588513,2.2617062287903799e+01,2.2617062287903586e+01,2.132e-13,3.458e-12,1.0107700851443290e+01,1.0107700851443234e+01,5.684e-14
2-8-8,0.0062455,2.1390386987297180e+01,2.1390386987296989e+01,1.918e-13,3.258e-12,9.8108695401360606e+00,9.8108695401360073e+00,5.329e-14
2-8-8,0.00662794,2.0234368332142104e+01,2.0234368332141923e+01,1.812e-13,3.071e-12,9.5227026930219356e+00,9.5227026930218823e+00,5.329e-14
2-8-8,0.00703381,1.9144922721204498e+01,1.9144922721204331e+01,1.670e-13,2.894e-12,9.2429458260618773e+00,9.2429458260618294e+00,4.796e-14
2-8-8,0.00746452,1.8118201884668242e+01,1.8118201884668078e+01,1.634e-13,2.727e-12,8.9713518831466992e+00,8.9713518831466530e+00,4.619e-14
2-8-8,0.00792161,1.7150579296903672e+01,1.7150579296903516e+01,1.563e-13,2.570e-12,8.7076810179798443e+00,8.7076810179797963e+00,4.796e-14
2-8-8,0.00840669,1.6238637373517744e+01,1.6238637373517602e+01,1.421e-13,2.422e-12,8.4517003823337351e+00,8.4517003823336907e+00,4.441e-14
2-8-8,0.00892147,1.5379155407486635e+01,1.5379155407486497e+01,1.386e-13,2.282e-12,8.2031839204933448e+00,8.2031839204933021e+00,4.263e-14
2-8-8,0.00946777,1.4569098201781198e+01,1.4569098201781070e+01,1.279e-13,2.151e-12,7.9619121697059647e+00,7.9619121697059212e+00,4.352e-14
2-8-8,0.0100475,1.3805605358355404e+01,1.3805605358355285e+01,1.190e-13,2.027e-12,7.7276720664618033e+00,7.7276720664617651e+00,3.819e-14
2-8-8,0.0106628,1.3085981185683597e+01,1.3085981185683483e+01,1.137e-13,1.910e-12,7.5002567584349613e+00,7.5002567584349222e+00,3.908e-14
2-8-8,0.0113157,1.2407685189215790e+01,1.2407685189215684e+01,1.066e-13,1.800e-12,7.2794654219195509e+00,7.2794654219195145e+00,3.642e-14
2-8-8,0.0120086,1.1768323111175503e+01,1.1768323111175400e+01,1.030e-13,1.697e-12,7.0651030846007128e+00,7.0651030846006755e+00,3.730e-14
2-8-8,0.012744,1.1165638488061623e+01,1.1165638488061528e+01,9.415e-14,1.599e-12,6.8569804535048835e+00,6.8569804535048489e+00,3.464e-14
2-8-8,0.0135244,1.0597504696039737e+01,1.0597504696039646e+01,9.059e-14,1.508e-12,6.6549137479785276e+00,6.6549137479784948e+00,3.286e-14
2-8-8,0.0143525,1.0061917456126857e+01,1.0061917456126773e+01,8.349e-14,1.421e-12,6.4587245375489530e+00,6.4587245375489220e+00,3.109e-14
2-8-8,0.0152314,9.5569877726914374e+00,9.5569877726913592e+00,7.816e-14,1.340e-12,6.2682395845253485e+00,6.2682395845253156e+00,3.286e-14
2-8-8,0.0161641,9.0809352803148329e+00,9.0809352803147583e+00,7.461e-14,1.263e-12,6.0832906912023708e+00,6.0832906912023397e+00,3.109e-14
2-8-8,0.0171539,8.6320819754956002e+00,8.6320819754955309e+00,6.928e-14,1.191e-12,5.9037145515329126e+00,5.9037145515328779e+00,3.464e-14
2-8-8,0.0182043,8.2088463110298839e+00,8.2088463110298200e+00,6.395e-14,1.123e-12,5.7293526071407070e+00,5.7293526071406493e+00,5.773e-14
2-8-8,0.0193191,7.8097376321738210e+00,7.8097376321737553e+00,6.573e-14,1.059e-12,5.5600509075474456e+00,5.5600509075472413e+00,2.043e-13
2-8-8,0.0205021,7.4333509348927995e+00,7.4333509348927400e+00,5.951e-14,9.984e-13,5.3956599744931699e+00,5.3956599744921707e+00,9.992e-13
2-8-8,0.0217575,7.0783619276312910e+00,7.0783619276312315e+00,5.951e-14,9.416e-13,5.2360346702331695e+00,5.2360346702282676e+00,4.902e-12
2-8-8,0.0230898,6.7435223790998329e+00,6.7435223790997796e+00,5.329e-14,8.881e-13,5.0810340697006673e+00,5.0810340696783838e+00,2.228e-11
2-8-8,0.0245037,6.4276557355773090e+00,6.4276557355772574e+00,5.151e-14,8.378e-13,4.9305213364360974e+00,4.9305213363431024e+00,9.299e-11
2-8-8,0.0260042,6.1296529921693752e+00,6.1296529921693272e+00,4.796e-14,7.903e-13,4.7843636022096119e+00,4.7843636018526006e+00,3.570e-10
2-8-8,0.0275966,5.8484688033524375e+00,5.8484688033523895e+00,4.796e-14,7.457e-13,4.6424318503254920e+00,4.6424318490593288e+00,1.266e-09
2-8-8,0.0292864,5.5831178189693285e+00,5.5831178189692832e+00,4.530e-14,7.036e-13,4.5046008027385236e+00,4.5046007985715235e+00,4.167e-09
2-8-8,0.0310798,5.3326712326314887e+00,5.3326712326314469e+00,4.174e-14,6.640e-13,4.3707488114113211e+00,4.3707487986309310e+00,1.278e-08
2-8-8,0.0329829,5.0962535302256633e+00,5.0962535302256224e+00,4.086e-14,6.267e-13,4.2407577549200433e+00,4.2407577182413725e+00,3.668e-08
2-8-8,0.0350027,4.8730394269237323e+00,4.8730394269236950e+00,3.730e-14,5.916e-13,4.1145129423347733e+00,4.1145128434579767e+00,9.888e-08
2-8-8,0.037146,4.6622509817550988e+00,4.6622509817550588e+00,3.997e-14,5.585e-13,3.9919030280275809e+00,3.9919027767500763e+00,2.513e-07
2-8-8,0.0394207,4.4631548794241738e+00,4.4631548794241169e+00,5.684e-14,5.274e-13,3.8728199433970754e+00,3.8728193393539021e+00,6.040e-07
2-8-8,0.0418346,4.2750598696436963e+00,4.2750598696435276e+00,1.688e-13,4.980e-13,3.7571588544699797e+00,3.7571574765342053e+00,1.378e-06
2-8-8,0.0443963,4.0973143548098339e+00,4.0973143548090452e+00,7.887e-13,4.704e-13,3.6448181575813194e+00,3.6448151656770542e+00,2.992e-06
2-8-8,0.0471149,3.9293041173698491e+00,3.9293041173659766e+00,3.872e-12,4.444e-13,3.5356995281067594e+00,3.5356933271389859e+00,6.201e-06
2-8-8,0.05,3.7704501787302518e+00,3.7704501787124953e+00,1.776e-11,4.199e-13,3.4297080384365199e+00,3.4296957377806927e+00,1.230e-05
3-3-12,0.0015,8.4721255550073778e+01,8.4721255550073280e+01,4.974e-13,1.388e-11,1.9586152679213960e+01,1.9586152679213985e+01,-2.487e-14
3-3-12,0.00159185,7.9912325441940396e+01,7.9912325441939686e+01,7.105e-13,1.280e-11,1.9012245378454605e+01,1.9012245378454466e+01,1.386e-13
3-3-12,0.00168933,7.5380823427067554e+01,7.5380823427066858e+01,6.963e-13,1.202e-11,1.8455128578846079e+01,1.8455128578845919e+01,1.599e-13
3-3-12,0.00179277,7.1110738430663389e+01,7.1110738430662707e+01,6.821e-13,1.132e-11,1.7914310268777822e+01,1.7914310268777676e+01,1.457e-13
3-3-12,0.00190256,6.7086983085274255e+01,6.7086983085273602e+01,6.537e-13,1.067e-11,1.7389312830593518e+01,1.7389312830593369e+01,1.492e-13
3-3-12,0.00201906,6.3295340425239189e+01,6.3295340425238571e+01,6.182e-13,1.005e-11,1.6879672618796107e+01,1.6879672618795961e+01,1.457e-13
3-3-12,0.00214269,5.9722413656885983e+01,5.9722413656885394e+01,5.898e-13,9.472e-12,1.6384939550592996e+01,1.6384939550592858e+01,1.386e-13
3-3-12,0.0022739,5.6355578827013318e+01,5.6355578827012778e+01,5.400e-13,8.926e-12,1.5904676708419810e+01,1.5904676708419673e+01,1.368e-13
3-3-12,0.00241314,5.3182940222446625e+01,5.3182940222446106e+01,5.187e-13,8.411e-12,1.5438459954091890e+01,1.5438459954091771e+01,1.190e-13
3-3-12,0.00256091,5.0193288343104136e+01,5.0193288343103660e+01,4.761e-13,7.926e-12,1.4985877554242911e+01,1.4985877554242787e+01,1.243e-13
3-3-12,0.00271773,4.7376060300104797e+01,4.7376060300104342e+01,4.547e-13,7.469e-12,1.4546529816719676e+01,1.4546529816719561e+01,1.155e-13
3-3-12,0.00288415,4.4721302499017241e+01,4.4721302499016801e+01,4.405e-13,7.038e-12,1.4120028737612399e+01,1.4120028737612291e+01,1.084e-13
3-3-12,0.00306076,4.2219635476425928e+01,4.2219635476425523e+01,4.050e-13,6.633e-12,1.3705997658608643e+01,1.3705997658608538e+01,1.048e-13
3-3-12,0.00324819,3.9862220765597257e+01,3.9862220765596867e+01,3.908e-13,6.251e-12,1.3304070934368582e+01,1.3304070934368481e+01,1.013e-13
3-3-12,0.00344709,3.7640729674197999e+01,3.7640729674197630e+01,3.695e-13,5.891e-12,1.2913893609627788e+01,1.2913893609627685e+01,1.030e-13
3-3-12,0.00365817,3.5547313863775670e+01,3.5547313863775344e+01,3.268e-13,5.552e-12,1.2535121105742736e+01,1.2535121105742643e+01,9.237e-14
3-3-12,0.00388218,3.3574577627074390e+01,3.3574577627074063e+01,3.268e-13,5.232e-12,1.2167418916402317e+01,1.2167418916402230e+01,8.704e-14
3-3-12,0.0041199,3.1715551765257956e+01,3.1715551765257651e+01,3.055e-13,4.931e-12,1.1810462312236622e+01,1.1810462312236535e+01,8.704e-14
3-3-12,0.00437218,2.9963668972764847e+01,2.9963668972764559e+01,2.878e-13,4.647e-12,1.1463936054062582e+01,1.1463936054062506e+01,7.638e-14
3-3-12,0.00463991,2.8312740642843785e+01,2.8312740642843512e+01,2.736e-13,4.380e-12,1.1127534114513367e+01,1.1127534114513288e+01,7.816e-14
3-3-12,0.00492404,2.6756935011835921e+01,2.6756935011835662e+01,2.593e-13,4.128e-12,1.0800959407805736e+01,1.0800959407805658e+01,7.816e-14
3-3-12,0.00522556,2.5290756564998681e+01,2.5290756564998439e+01,2.416e-13,3.891e-12,1.0483923527407249e+01,1.0483923527407182e+01,6.750e-14
3-3-12,0.00554555,2.3909026631119112e+01,2.3909026631118881e+01,2.309e-13,3.667e-12,1.0176146491371782e+01,1.0176146491371712e+01,6.928e-14
3-3-12,0.00588513,2.2606865097362139e+01,2.2606865097361922e+01,2.167e-13,3.456e-12,9.8773564951186881e+00,9.8773564951186259e+00,6.217e-14
3-3-12,0.0062455,2.1379673179752878e+01,2.1379673179752679e+01,1.990e-13,3.257e-12,9.5872896714377713e+00,9.5872896714377109e+00,6.040e-14
3-3-12,0.00662794,2.0223117188417813e+01,2.0223117188417618e+01,1.954e-13,3.070e-12,9.3056898575083622e+00,9.3056898575083018e+00,6.040e-14
3-3-12,0.00703381,1.9133113230219049e+01,1.9133113230218871e+01,1.776e-13,2.894e-12,9.0323083687272181e+00,9.0323083687271648e+00,5.329e-14
3-3-12,0.00746452,1.8105812794722524e+01,1.8105812794722350e+01,1.741e-13,2.727e-12,8.7669037791458937e+00,8.7669037791458404e+00,5.329e-14
3-3-12,0.00792161,1.7137589172556567e+01,1.7137589172556403e+01,1.634e-13,2.571e-12,8.5092417083241685e+00,8.5092417083241134e+00,5.507e-14
3-3-12,0.00840669,1.6225024658151714e+01,1.6225024658151565e+01,1.492e-13,2.423e-12,8.2590946144118398e+00,8.2590946144117883e+00,5.151e-14
3-3-12,0.00892147,1.5364898491617899e+01,1.5364898491617755e+01,1.439e-13,2.284e-12,8.0162415932767122e+00,8.0162415932766624e+00,4.974e-14
3-3-12,0.00946777,1.4554175497119589e+01,1.4554175497119454e+01,1.350e-13,2.153e-12,7.7804681835019149e+00,7.7804681835018670e+00,4.796e-14
3-3-12,0.0100475,1.3789995377564257e+01,1.3789995377564130e+01,1.261e-13,2.029e-12,7.5515661770811775e+00,7.5515661770811331e+00,4.441e-14
3-3-12,0.0106628,1.3069662627730585e+01,1.3069662627730464e+01,1.208e-13,1.913e-12,7.3293334356454611e+00,7.3293334356454176e+00,4.352e-14
3-3-12,0.0113157,1.2390637030142017e+01,1.2390637030141907e+01,1.101e-13,1.803e-12,7.1135737120595550e+00,7.1135737120595151e+00,3.997e-14
3-3-12,0.0120086,1.1750524700042940e+01,1.1750524700042831e+01,1.084e-13,1.700e-12,6.9040964772319438e+00,6.9040964772319020e+00,4.174e-14
3-3-12,0.012744,1.1147069647768790e+01,1.1147069647768690e+01,9.948e-14,1.602e-12,6.7007167519859170e+00,6.7007167519858770e+00,3.997e-14
3-3-12,0.0135244,1.0578145828623294e+01,1.0578145828623200e+01,9.415e-14,1.511e-12,6.5032549438445511e+00,6.5032549438445155e+00,3.553e-14
3-3-12,0.0143525,1.0041749652093207e+01,1.0041749652093118e+01,8.882e-14,1.424e-12,6.3115366885865267e+00,6.3115366885864912e+00,3.553e-14
3-3-12,0.0152314,9.5359929238488217e+00,9.5359929238487382e+00,8.349e-14,1.343e-12,6.1253926964341039e+00,6.1253926964340693e+00,3.464e-14
3-3-12,0.0161641,9.0590961955036118e+00,9.0590961955035336e+00,7.816e-14,1.266e-12,5.9446586027388113e+00,5.9446586027387793e+00,3.197e-14
3-3-12,0.0171539,8.6093824985437681e+00,8.6093824985436918e+00,7.638e-14,1.194e-12,5.7691748230344277e+00,5.7691748230343949e+00,3.286e-14
3-3-12,0.0182043,8.1852714401934961e+00,8.1852714401934268e+00,6.928e-14,1.125e-12,5.5987864123308997e+00,5.5987864123308695e+00,3.020e-14
3-3-12,0.0193191,7.7852736402593274e+00,7.7852736402592608e+00,6.661e-14,1.061e-12,5.4333429285266854e+00,5.4333429285266561e+00,2.931e-14
3-3-12,0.0205021,7.4079854892012973e+00,7.4079854892012351e+00,6.217e-14,1.001e-12,5.2726982998208163e+00,5.2726982998207852e+00,3.109e-14
3-3-12,0.0217575,7.0520842088148648e+00,7.0520842088148044e+00,6.040e-14,9.440e-13,5.1167106960097009e+00,5.1167106960096547e+00,4.619e-14
3-3-12,0.0230898,6.7163231979786122e+00,6.7163231979785554e+00,5.684e-14,8.904e-13,4.9652424035573048e+00,4.9652424035571663e+00,1.386e-13
3-3-12,0.0245037,6.3995276469335209e+00,6.3995276469334659e+00,5.507e-14,8.399e-13,4.8181597043310482e+00,4.8181597043303652e+00,6.830e-13
3-3-12,0.0260042,6.1005904045128467e+00,6.1005904045127846e+00,6.217e-14,7.924e-13,4.6753327578997386e+00,4.6753327578962063e+00,3.532e-12
3-3-12,0.0275966,5.8184680836411831e+00,5.8184680836410685e+00,1.146e-13,7.476e-13,4.5366354872953965e+00,4.5366354872784251e+00,1.697e-11
3-3-12,0.0292864,5.5521773912702210e+00,5.5521773912697849e+00,4.361e-13,7.055e-13,4.4019454681515287e+00,4.4019454680768426e+00,7.469e-11
3-3-12,0.0310798,5.3007916697198603e+00,5.3007916697177215e+00,2.139e-12,6.658e-13,4.2711438211561354e+00,4.2711438208546610e+00,3.015e-10
3-3-12,0.0329829,5.0634376371507708e+00,5.0634376371405585e+00,1.021e-11,6.285e-13,4.1441151078235192e+00,4.1441151067025235e+00,1.121e-09
3-3-12,0.0350027,4.8392923156123020e+00,4.8392923155672625e+00,4.504e-11,5.933e-13,4.0207472297486051e+00,4.0207472258912142e+00,3.857e-09
3-3-12,0.037146,4.6275801357969160e+00,4.6275801356144770e+00,1.824e-10,5.603e-13,3.9009313318660852e+00,3.9009313195279707e+00,1.234e-08
3-3-12,0.0394207,4.4275702083064470e+00,4.4275702076256600e+00,6.808e-10,5.291e-13,3.7845617109724579e+00,3.7845616741344577e+00,3.684e-08
3-3-12,0.0418346,4.2385737519321438e+00,4.2385737495815414e+00,2.351e-09,4.998e-13,3.6715357321436439e+00,3.6715356290673915e+00,1.031e-07
3-3-12,0.0443963,4.0599416702374524e+00,4.0599416626947233e+00,7.543e-09,4.723e-13,3.5617537580126704e+00,3.5617534867058005e+00,2.713e-07
3-3-12,0.0471149,3.8910622687238838e+00,3.8910622461354603e+00,2.259e-08,4.463e-13,3.4551190994455592e+00,3.4551184253318401e+00,6.741e-07
3-3-12,0.05,3.7313591062235170e+00,3.7313590428397827e+00,6.338e-08,4.219e-13,3.3515380010541409e+00,3.3515364146349609e+00,1.586e-06
