t,Z_2_8_8,Z_3_3_12,D,D_err_eigenvalues,D_err_truncation_tail,pred_c1_t,pred_c1_t_plus_c2_t2,pred_exact_elliptic_difference,D_minus_exact_elliptic,geodesic_term_bound
0.0015,8.4724224101375142e+01,8.4721255550073778e+01,2.9685513013646414e-03,2.778e-11,7.561e-13,3.1250000000000002e-03,2.9585937500000003e-03,2.9685513013988363e-03,-3.419e-14,3.876e-250
0.0015246366,8.3377559912151270e+01,8.3374545059546023e+01,3.0148526052471425e-03,2.721e-11,4.356e-13,3.1763262817297985e-03,3.0044088927677517e-03,3.0148526052800051e-03,-3.286e-14,4.391e-246
0.0015496779,8.2052653899364032e+01,8.2049592061430118e+01,3.0618379339131252e-03,2.668e-11,2.488e-13,3.2284955673623850e-03,3.0508845183331102e-03,3.0618379339226731e-03,-9.548e-15,4.278e-242
0.0015751304,8.0749154431614443e+01,8.0746044915398301e+01,3.1095162161420831e-03,2.617e-11,1.408e-13,3.2815217027396147e-03,3.0980284276978238e-03,3.1095162161274281e-03,1.465e-14,3.593e-238
0.001601001,7.9466715558895459e+01,7.9463557662434283e+01,3.1578964611753690e-03,2.568e-11,7.900e-14,3.3354187611131371e-03,3.1458484490769043e-03,3.1578964611798099e-03,-4.441e-15,2.607e-234
0.0016272965,7.8204996920777944e+01,7.8201789933019512e+01,3.2069877584319784e-03,2.522e-11,4.392e-14,3.3902010468794585e-03,3.1943524350034644e-03,3.2069877584255391e-03,6.439e-15,1.638e-230
0.0016540239,7.6963663656079888e+01,7.6960406856803075e+01,3.2567992768122167e-03,2.477e-11,2.419e-14,3.4458830993763512e-03,3.2435482592753197e-03,3.2567992768004483e-03,1.177e-14,8.937e-227
0.0016811903,7.5742386313994672e+01,7.5739078973730358e+01,3.3073402643140071e-03,2.433e-11,1.320e-14,3.5024796967416429e-03,3.2934438137371129e-03,3.3073402643089000e-03,5.107e-15,4.242e-223
0.0017088028,7.4540840766656032e+01,7.4537482146608582e+01,3.3586200474502448e-03,2.391e-11,7.131e-15,3.5600058598353607e-03,3.3440470048914225e-03,3.3586200474597927e-03,-9.548e-15,1.756e-219
0.0017368689,7.3358708123115690e+01,7.3355297475085038e+01,3.4106480306519416e-03,2.350e-11,3.816e-15,3.6184768562262854e-03,3.3953657503321541e-03,3.4106480306432818e-03,8.660e-15,6.352e-216
0.0017653959,7.2195674644710309e+01,7.2192211211014836e+01,3.4634336954724176e-03,2.310e-11,2.022e-15,3.6779082042440198e-03,3.4474079749932931e-03,3.4634336954630918e-03,9.326e-15,2.013e-212
0.0017943915,7.1051431661796613e+01,7.1047914675196608e+01,3.5169866000046568e-03,2.271e-11,1.061e-15,3.7383156770975758e-03,3.5001816072057408e-03,3.5169866000122063e-03,-7.550e-15,5.597e-209
0.0018238633,6.9925675491831512e+01,6.9922104175453427e+01,3.5713163780854984e-03,2.233e-11,5.506e-16,3.7997153070616204e-03,3.5536945745548191e-03,3.5713163780901613e-03,-4.663e-15,1.369e-205
0.0018538192,6.8818107358776302e+01,6.8814480926037945e+01,3.6264327383577211e-03,2.196e-11,2.829e-16,3.8621233897314657e-03,3.6079547995306804e-03,3.6264327383745965e-03,-1.688e-14,2.953e-202
0.0018842671,6.7728433313802270e+01,6.7724750968338753e+01,3.6823454635168673e-03,2.159e-11,1.438e-16,3.9255564883479768e-03,3.6629701949636630e-03,3.6823454635208641e-03,-3.997e-15,5.623e-199
0.0019152151,6.6656364157278389e+01,6.6652625092869158e+01,3.7390644092312186e-03,2.124e-11,7.233e-17,3.9900314381934796e-03,3.7187486592362394e-03,3.7390644092145653e-03,1.665e-14,9.478e-196
0.0019466714,6.5601615362019203e+01,6.5597818762516056e+01,3.7965995031470356e-03,2.089e-11,3.598e-17,4.0555653510598684e-03,3.7752980712630049e-03,3.7965995031568056e-03,-9.770e-15,1.417e-192
0.0019786443,6.4563906997772619e+01,6.4560052037028626e+01,3.8549607439932743e-03,2.055e-11,1.770e-17,4.1221756197901416e-03,3.8326262852298580e-03,3.8549607439881672e-03,5.107e-15,1.881e-189
0.0020111424,6.3542963656928009e+01,6.3539049498727856e+01,3.9141582001533948e-03,2.021e-11,8.608e-18,4.1898799228944810e-03,3.8907411250830876e-03,3.9141582001496200e-03,3.775e-15,2.223e-186
0.0020441742,6.2538514381424918e+01,6.2534540179416233e+01,3.9742020086848129e-03,1.988e-11,4.139e-18,4.2586962292421628e-03,3.9496503787589000e-03,3.9742020086768193e-03,7.994e-15,2.344e-183
0.0020777485,6.1550292590842176e+01,6.1546257488468257e+01,4.0351023739191305e-03,1.956e-11,1.967e-18,4.3286428028305492e-03,4.0093617921435256e-03,4.0351023739324532e-03,-1.332e-14,2.208e-180
0.0021118743,6.0578036011649445e+01,6.0573939142083191e+01,4.0968695662542132e-03,1.924e-11,9.236e-19,4.3997382076323907e-03,4.0698830627536580e-03,4.0968695662602084e-03,-5.995e-15,1.862e-177
0.0021465606,5.9621486607601824e+01,5.9617327093681240e+01,4.1595139205838905e-03,1.893e-11,4.285e-19,4.4720013125227245e-03,4.1312218331266718e-03,4.1595139205790055e-03,4.885e-15,1.408e-174
0.0021818166,5.8680390511258629e+01,5.8676167465423745e+01,4.2230458348839761e-03,1.862e-11,1.964e-19,4.5454512962867450e-03,4.1933856839097162e-03,4.2230458348992972e-03,-1.532e-14,9.561e-172
0.0022176517,5.7754497956609207e+01,5.7750210480840451e+01,4.2874757687556553e-03,1.832e-11,8.888e-20,4.6201076527098818e-03,4.2563821266362939e-03,4.2874757687685339e-03,-1.288e-14,5.844e-169
0.0022540753,5.6843563212787373e+01,5.6839210398545745e+01,4.3528142416278115e-03,1.802e-11,3.972e-20,4.6959901957514746e-03,4.3202185961786332e-03,4.3528142416409121e-03,-1.310e-14,3.220e-166
0.0022910972,5.5947344518856198e+01,5.5942925447025033e+01,4.4190718311654109e-03,1.773e-11,1.752e-20,4.7731190648034761e-03,4.3849024428637678e-03,4.4190718311716282e-03,-6.217e-15,1.602e-163
0.0023287271,5.5065604019647232e+01,5.5061117760475810e+01,4.4862591714220912e-03,1.744e-11,7.627e-21,4.8515147300354665e-03,4.4504409242406675e-03,4.4862591714318611e-03,-9.770e-15,7.206e-161
0.002366975,5.4198107702636001e+01,5.4193553315684952e+01,4.5543869510495938e-03,1.716e-11,3.277e-21,4.9311979978274917e-03,4.5168411964855168e-03,4.5543869510458190e-03,3.775e-15,2.937e-158
0.0024058512,5.3344625335837776e+01,5.3340001869926546e+01,4.6234659112300847e-03,1.688e-11,1.389e-21,5.0121900162921019e-03,4.5841103054316155e-03,4.6234659112487364e-03,-1.865e-14,1.086e-155
0.0024453659,5.2504930406706208e+01,5.2500236899862358e+01,4.6935068438500593e-03,1.661e-11,5.804e-22,5.0945122808871372e-03,4.6522551772100653e-03,4.6935068438531680e-03,-3.109e-15,3.649e-153
0.0024855296,5.1678800062019747e+01,5.1674035541430612e+01,4.7645205891342357e-03,1.634e-11,2.392e-22,5.1781866401206540e-03,4.7212826084867491e-03,4.7645205891433395e-03,-9.104e-15,1.116e-150
0.0025263529,5.0866015048739257e+01,5.0861178530705587e+01,4.8365180336702451e-03,1.608e-11,9.720e-23,5.2632353013495510e-03,4.7911992562807305e-03,4.8365180336742419e-03,-3.997e-15,3.112e-148
0.0025678468,5.0066359655820847e+01,5.0061450145712868e+01,4.9095101079785763e-03,1.582e-11,3.892e-23,5.3496808366734821e-03,4.8620116273486958e-03,4.9095101079885684e-03,-9.992e-15,7.921e-146
0.0026100222,4.9279621656969248e+01,4.9274638149185023e+01,4.9835077842246278e-03,1.556e-11,1.536e-23,5.4375461889255190e-03,4.9337260671193780e-03,4.9835077842408371e-03,-1.621e-14,1.843e-143
0.0026528902,4.8505592254316120e+01,4.8500533732242388e+01,5.0585220737318082e-03,1.531e-11,5.971e-24,5.5268546777612242e-03,5.0063487481615118e-03,5.0585220737371372e-03,-5.329e-15,3.927e-141
0.0026964624,4.7744066023007996e+01,4.7738931458983629e+01,5.1345640243667390e-03,1.506e-11,2.286e-24,5.6176300058477582e-03,5.0798856581682362e-03,5.1345640243749546e-03,-8.216e-15,7.672e-139
0.0027407502,4.6994840856689905e+01,4.6989629211971923e+01,5.2116447179813008e-03,1.482e-11,8.617e-25,5.7098962651546134e-03,5.1543425874402086e-03,5.2116447179955117e-03,-1.421e-14,1.376e-136
0.0027857654,4.6257717913869911e+01,4.6252428138602284e+01,5.2897752676273058e-03,1.458e-11,3.198e-25,5.8036779433476510e-03,5.2297251158491464e-03,5.2897752676401844e-03,-1.288e-14,2.269e-134
0.00283152,4.5532501565149715e+01,4.5527132598335015e+01,5.3689668147001157e-03,1.434e-11,1.168e-25,5.8989999302882182e-03,5.3060385992629300e-03,5.3689668147076652e-03,-7.550e-15,3.446e-132
0.002878026,4.4818999341308398e+01,4.4813550110782387e+01,5.4492305260112062e-03,1.411e-11,4.195e-26,5.9958875246389530e-03,5.3832881554125708e-03,5.4492305260165352e-03,-5.329e-15,4.823e-130
0.0029252959,4.4117021882224932e+01,4.4111491304634171e+01,5.5305775907612542e-03,1.389e-11,1.483e-26,6.0943664405780874e-03,5.4614786491808502e-03,5.5305775907672494e-03,-5.995e-15,6.233e-128
0.0029733422,4.3426382886625554e+01,4.3420769867408154e+01,5.6130192173995397e-03,1.366e-11,5.152e-27,6.1944628146240821e-03,5.5406146772916829e-03,5.6130192174046467e-03,-5.107e-15,7.445e-126
0.0030221775,4.2746899062643521e+01,4.2741202496013152e+01,5.6965666303696594e-03,1.344e-11,1.760e-27,6.2962032125722959e-03,5.6207005523784392e-03,5.6965666303752105e-03,-5.551e-15,8.230e-124
0.003071815,4.2078390079177659e+01,4.2072608848110875e+01,5.7812310667841871e-03,1.322e-11,5.908e-28,6.3996146365455885e-03,5.7017402864088318e-03,5.7812310667857414e-03,-1.554e-15,8.430e-122
0.0031222678,4.1420678518036411e+01,4.1414811494263468e+01,5.8670237729430141e-03,1.301e-11,1.949e-28,6.5047245321607806e-03,5.7837375734432067e-03,5.8670237729547825e-03,-1.177e-14,8.012e-120
0.0031735492,4.0773589826855613e+01,4.0767635870854754e+01,5.9539560008587955e-03,1.280e-11,6.313e-29,6.6115607958127506e-03,5.8666957717021032e-03,5.9539560008565751e-03,2.220e-15,7.074e-118
0.0032256729,4.0136952272776618e+01,4.0130910233772155e+01,6.0420390044626515e-03,1.259e-11,2.008e-29,6.7201517820782188e-03,5.9506178849183782e-03,6.0420390044639838e-03,-1.332e-15,5.808e-116
0.0032786526,3.9510596896873224e+01,3.9504465612837258e+01,6.1312840359661891e-03,1.239e-11,6.271e-30,6.8305263112410806e-03,6.0355065429480749e-03,6.1312840359746268e-03,-8.438e-15,4.441e-114
0.0033325026,3.8894357469314478e+01,3.8888135766972553e+01,6.2217023419250950e-03,1.219e-11,1.922e-30,6.9427136769414184e-03,6.1213639816135989e-03,6.2217023419386397e-03,-1.354e-14,3.165e-112
0.003387237,3.8288070445252266e+01,3.8281757140093006e+01,6.3133051592600964e-03,1.199e-11,5.776e-31,7.0567436539500693e-03,6.2081920217515688e-03,6.3133051592623168e-03,-2.220e-15,2.105e-110
0.0034428703,3.7691574921421655e+01,3.7685168817710547e+01,6.4061037111073915e-03,1.180e-11,1.703e-31,7.1726465060709009e-03,6.2959920474369904e-03,6.4061037111169394e-03,-9.548e-15,1.308e-108
0.0034994174,3.7104712593442144e+01,3.7098212484239433e+01,6.5001092027117124e-03,1.161e-11,4.921e-32,7.2904529941729300e-03,6.3847649833543548e-03,6.5001092027188179e-03,-7.105e-15,7.604e-107
0.0035568933,3.6527327713809136e+01,3.6520732380992136e+01,6.5953328169996439e-03,1.142e-11,1.394e-32,7.4101943843543020e-03,6.4745112712851728e-03,6.5953328170100800e-03,-1.044e-14,4.139e-105
0.0036153132,3.5959267050564122e+01,3.5952575264853913e+01,6.6917857102097855e-03,1.124e-11,3.868e-33,7.5319024562403598e-03,6.5652308456805144e-03,6.6917857102124501e-03,-2.665e-15,2.111e-103
0.0036746926,3.5400379846632376e+01,3.5393590367625102e+01,6.7894790072742239e-03,1.106e-11,1.051e-33,7.6556095114180701e-03,6.6569231082860662e-03,6.7894790072808853e-03,-6.661e-15,1.011e-101
0.0037350472,3.4850517779817906e+01,3.4843629356020685e+01,6.8884237972213214e-03,1.088e-11,2.798e-34,7.7813483820089128e-03,6.7495869017859490e-03,6.8884237972302031e-03,-8.882e-15,4.544e-100
0.0037963932,3.4309534923444886e+01,3.4302546292316535e+01,6.9886311283511304e-03,1.070e-11,7.286e-35,7.9091524393825746e-03,6.8432204824305466e-03,6.9886311283475777e-03,3.553e-15,1.921e-98
0.0038587467,3.3777287707634557e+01,3.3770197595631267e+01,7.0901120032900167e-03,1.053e-11,1.857e-35,8.0390556030138262e-03,6.9378214916123769e-03,7.0901120032949017e-03,-4.885e-15,7.642e-97
0.0039221243,3.3253634881208313e+01,3.3246442003834233e+01,7.1928773740808083e-03,1.036e-11,4.627e-36,8.1710923494848001e-03,7.0333869263526951e-03,7.1928773740839169e-03,-3.109e-15,2.864e-95
0.0039865429,3.2738437474206023e+01,3.2731140536069077e+01,7.2969381369460962e-03,1.020e-11,1.127e-36,8.3052977216351593e-03,7.1299131086603913e-03,7.2969381369447639e-03,1.332e-15,1.012e-93
0.0040520195,3.2231558761010191e+01,3.2224156455883126e+01,7.4023051270657447e-03,1.003e-11,2.684e-37,8.4417073378625172e-03,7.2273956537233213e-03,7.4023051270679652e-03,-2.220e-15,3.378e-92
0.0041185716,3.1732864224065615e+01,3.1725355234952392e+01,7.5089891132229525e-03,9.869e-12,6.244e-38,8.5803574015756862e-03,7.3258294368909660e-03,7.5089891132322784e-03,-9.326e-15,1.065e-90
0.0041862167,3.1242221518185715e+01,3.1234604517393414e+01,7.6170007923010985e-03,9.710e-12,1.418e-38,8.7212847108030858e-03,7.4252085594057205e-03,7.6170007923148653e-03,-1.377e-14,3.173e-89
0.0042549728,3.0759500435435104e+01,3.0751774084651437e+01,7.7263507836669021e-03,9.554e-12,3.146e-39,8.8645266679590710e-03,7.5255263128389148e-03,7.7263507836797807e-03,-1.288e-14,8.953e-88
0.0043248582,3.0284572870579964e+01,3.0276735820956514e+01,7.8370496234505538e-03,9.400e-12,6.807e-40,9.0101212897705802e-03,7.6267751421859155e-03,7.8370496234532183e-03,-2.665e-15,2.393e-86
0.0043958915,2.9817312787096427e+01,2.9809363679337764e+01,7.9491077586624215e-03,9.248e-12,1.437e-40,9.1581072173668801e-03,7.7289466075733037e-03,7.9491077586761882e-03,-1.377e-14,6.064e-85
0.0044680914,2.9357596183728500e+01,2.9349533648187155e+01,8.0625355413452837e-03,9.099e-12,2.956e-41,9.3085237265349650e-03,7.8320313445293718e-03,8.0625355413439515e-03,1.332e-15,1.458e-83
0.0045414772,2.8905301061585860e+01,2.8897123718363542e+01,8.1773432223180009e-03,8.953e-12,5.930e-42,9.4614107381434873e-03,7.9360190227676861e-03,8.1773432223219977e-03,-3.997e-15,3.331e-82
0.0046160682,2.8460307391773732e+01,2.8452013850828589e+01,8.2935409451430075e-03,8.808e-12,1.159e-42,9.6168088287378276e-03,8.0408983034315623e-03,8.2935409451525555e-03,-9.548e-15,7.231e-81
0.0046918844,2.8022497083545765e+01,2.8014085944806030e+01,8.4111387397349802e-03,8.666e-12,2.204e-43,9.7747592413091559e-03,8.1466567947456360e-03,8.4111387397360904e-03,-1.110e-15,1.494e-79
0.0047689459,2.7591753952971153e+01,2.7583223806455251e+01,8.5301465159020040e-03,8.527e-12,4.082e-44,9.9353038962404737e-03,8.2532810060189782e-03,8.5301465159077772e-03,-5.773e-15,2.938e-78
0.004847273,2.7167963692108454e+01,2.7159313118051571e+01,8.6505740568831868e-03,8.389e-12,7.354e-45,1.0098485402432354e-02,8.3607562999420595e-03,8.6505740568900702e-03,-6.883e-15,5.505e-77
0.0049268866,2.6751013838677405e+01,2.6742241407664778e+01,8.7724310126269245e-03,8.254e-12,1.288e-45,1.0264347068611391e-02,8.4690668431181039e-03,8.7724310126338079e-03,-6.883e-15,9.838e-76
0.0050078078,2.6340793746220626e+01,2.6331898019327582e+01,8.8957268930442979e-03,8.121e-12,2.194e-46,1.0432932914824500e-02,8.5781955547674076e-03,8.8957268930522915e-03,-7.994e-15,1.678e-74
0.0050900581,2.5937194554747677e+01,2.5928174083686557e+01,9.0204710611203609e-03,7.990e-12,3.630e-47,1.0604287684121904e-02,8.6881240535408681e-03,9.0204710611332395e-03,-1.288e-14,2.733e-73
0.0051736593,2.5540109161853501e+01,2.5530962489127553e+01,9.1466727259472691e-03,7.862e-12,5.833e-48,1.0778456854432003e-02,8.7988326023770019e-03,9.1466727259521541e-03,-4.885e-15,4.255e-72
0.0052586336,2.5149432194303330e+01,2.5140157853367771e+01,9.2743409355584561e-03,7.735e-12,9.097e-49,1.0955486650631376e-02,8.9103000513345298e-03,9.2743409355668938e-03,-8.438e-15,6.336e-71
0.0053450035,2.4765059980077027e+01,2.4755656495507218e+01,9.4034845698089953e-03,7.610e-12,1.376e-49,1.1135424056812924e-02,9.0225037783301064e-03,9.4034845698138803e-03,-4.885e-15,9.031e-70
0.0054327921,2.4386890520865030e+01,2.4377356408532037e+01,9.5341123329930610e-03,7.488e-12,2.019e-50,1.1318316828755575e-02,9.1354196277085731e-03,9.5341123329910626e-03,1.998e-15,1.233e-68
0.0055220225,2.4014823465008874e+01,2.4005157232262434e+01,9.6662327464400732e-03,7.367e-12,2.871e-51,1.1504213506598714e-02,9.2490218465705563e-03,9.6662327464429598e-03,-2.887e-15,1.613e-67
0.0056127184,2.3648760080878741e+01,2.3638960226737705e+01,9.7998541410362350e-03,7.248e-12,3.955e-52,1.1693163427724942e-02,9.3632830187798128e-03,9.7998541410446727e-03,-8.438e-15,2.025e-66
0.005704904,2.3288603230681641e+01,2.3278668246032069e+01,9.9349846495719873e-03,7.131e-12,5.274e-53,1.1885216739854213e-02,9.4781739965697984e-03,9.9349846495797589e-03,-7.772e-15,2.440e-65
0.0057986037,2.2934257344692391e+01,2.2924185712493365e+01,1.0071632199025515e-02,7.017e-12,6.806e-54,1.2080424414353240e-02,9.5936638296666744e-03,1.0071632199030844e-02,-5.329e-15,2.823e-64
0.0058938424,2.2585628395901420e+01,2.2575418591398655e+01,1.0209804502764541e-02,6.903e-12,8.495e-55,1.2278838259763357e-02,9.7097196918426963e-03,1.0209804502770536e-02,-5.995e-15,3.140e-63
0.0059906452,2.2242623875072066e+01,2.2232274366019414e+01,1.0349509052652195e-02,6.792e-12,1.025e-55,1.2480510935550642e-02,9.8263068048113616e-03,1.0349509052658856e-02,-6.661e-15,3.358e-62
0.0060890381,2.1905152766201137e+01,2.1894662013090084e+01,1.0490753111053408e-02,6.683e-12,1.194e-56,1.2685495966081806e-02,9.9433883593724650e-03,1.0490753111058959e-02,-5.551e-15,3.456e-61
0.0061890469,2.1573125522375825e+01,2.1562491978673073e+01,1.0633543702752490e-02,6.575e-12,1.344e-57,1.2893847754829749e-02,1.0060925433712382e-02,1.0633543702757375e-02,-4.885e-15,3.424e-60
0.0062906984,2.1246454042021028e+01,2.1235676154414222e+01,1.0777887606806758e-02,6.469e-12,1.459e-58,1.3105621598812324e-02,1.0178876908761320e-02,1.0777887606813641e-02,-6.883e-15,3.270e-59
0.0063940194,2.0925051645530537e+01,2.0914127854182226e+01,1.0923791348311340e-02,6.365e-12,1.528e-59,1.3320873703268246e-02,1.0297199380506310e-02,1.0923791348315781e-02,-4.441e-15,3.010e-58
0.0064990374,2.0608833052275727e+01,2.0597761791085656e+01,1.1071261190071624e-02,6.262e-12,1.543e-60,1.3539661196574165e-02,1.0415847069155170e-02,1.1071261190076509e-02,-4.885e-15,2.672e-57
0.0066057802,2.0297714357986063e+01,2.0286494054861834e+01,1.1220303124229503e-02,6.161e-12,1.500e-61,1.3762042145406602e-02,1.0534771725043017e-02,1.1220303124241937e-02,-1.243e-14,2.290e-56
0.0067142763,1.9991613012495066e+01,1.9980242089631233e+01,1.1370922863832789e-02,6.062e-12,1.404e-62,1.3988075570153011e-02,1.0653922531169464e-02,1.1370922863841448e-02,-8.660e-15,1.896e-55
0.0068245543,1.9690447797846090e+01,1.9678924672011824e+01,1.1523125834266068e-02,5.964e-12,1.264e-63,1.4217821460575849e-02,1.0773246002250667e-02,1.1523125834269177e-02,-3.109e-15,1.516e-54
0.0069366436,1.9394138806751766e+01,1.9382461889587063e+01,1.1676917164702871e-02,5.868e-12,1.094e-64,1.4451340791734095e-02,1.0892685880166699e-02,1.1676917164709755e-02,-6.883e-15,1.172e-53
0.0070505739,1.9102607421401927e+01,1.9090775119722437e+01,1.1832301679490342e-02,5.774e-12,9.102e-66,1.4688695540166049e-02,1.1012183025680383e-02,1.1832301679498336e-02,-7.994e-15,8.770e-53
0.0071663754,1.8815776292613791e+01,1.8803787008724356e+01,1.1989283889434432e-02,5.681e-12,7.269e-67,1.4929948700338137e-02,1.1131675306299965e-02,1.1989283889440205e-02,-5.773e-15,6.349e-52
0.0072840789,1.8533569319319348e+01,1.8521421451336277e+01,1.2147867983070881e-02,5.589e-12,5.571e-68,1.5175164301363729e-02,1.1251097480153264e-02,1.2147867983077099e-02,-6.217e-15,4.452e-51
0.0074037156,1.8255911628384300e+01,1.8243603570566400e+01,1.2308057817900675e-02,5.499e-12,4.094e-69,1.5424407423996627e-02,1.1370381075736853e-02,1.2308057817912443e-02,-1.177e-14,3.024e-50
0.0075253172,1.7982729554753249e+01,1.7970259697841655e+01,1.2469856911593524e-02,5.411e-12,2.883e-70,1.5677744217903581e-02,1.1489454267398946e-02,1.2469856911601740e-02,-8.216e-15,1.991e-49
0.0076489161,1.7713950621915700e+01,1.7701317353482604e+01,1.2633268433095424e-02,5.323e-12,1.944e-71,1.5935241919220657e-02,1.1608241746410211e-02,1.2633268433107636e-02,-1.221e-14,1.272e-48
0.0077745451,1.7449503522688151e+01,1.7436705227494325e+01,1.2798295193825027e-02,5.238e-12,1.254e-72,1.6196968868397745e-02,1.1726664587471416e-02,1.2798295193831244e-02,-6.217e-15,7.882e-48
0.0079022374,1.7189318100306540e+01,1.7176353160667823e+01,1.2964939638717254e-02,5.153e-12,7.740e-74,1.6462994528336349e-02,1.1844640110502194e-02,1.2964939638721251e-02,-3.997e-15,4.742e-47
0.008032027,1.6933325329824619e+01,1.6920192125987256e+01,1.3133203837362828e-02,5.070e-12,4.563e-75,1.6733389502825147e-02,1.1962081737549618e-02,1.3133203837368379e-02,-5.551e-15,2.771e-46
0.0081639483,1.6681457299812969e+01,1.6668154210337885e+01,1.3303089475083851e-02,4.989e-12,2.568e-76,1.7008225555278426e-02,1.2078898844650014e-02,1.3303089475089624e-02,-5.773e-15,1.574e-45
0.0082980363,1.6433647194353956e+01,1.6420172596509957e+01,1.3474597843998737e-02,4.908e-12,1.379e-77,1.7287575627782156e-02,1.2194996608471816e-02,1.3474597844006952e-02,-8.216e-15,8.688e-45
0.0084343267,1.6189829275327707e+01,1.6176181545493581e+01,1.3647729834126210e-02,4.829e-12,7.060e-79,1.7571513860453108e-02,1.2310275847561558e-02,1.3647729834134648e-02,-8.438e-15,4.665e-44
0.0085728555,1.5949938864984611e+01,1.5936116379060152e+01,1.3822485924459116e-02,4.751e-12,3.443e-80,1.7860115611115734e-02,1.2424632858008898e-02,1.3822485924467776e-02,-8.660e-15,2.438e-43
0.0087136596,1.5713912328799630e+01,1.5699913462625545e+01,1.3998866174084412e-02,4.675e-12,1.598e-81,1.8153457475302254e-02,1.2537959243340627e-02,1.3998866174092406e-02,-7.994e-15,1.240e-42
0.0088567763,1.5481687058603733e+01,1.5467510188390428e+01,1.4176870213304937e-02,4.600e-12,7.055e-83,1.8451617306581378e-02,1.2650141738447170e-02,1.4176870213313819e-02,-8.882e-15,6.143e-42
0.0090022436,1.5253201455988249e+01,1.5238844958753443e+01,1.4356497234805587e-02,4.525e-12,2.959e-84,1.8754674237220735e-02,1.2761062027338354e-02,1.4356497234814469e-02,-8.882e-15,2.965e-41
0.0091501002,1.5028394915977525e+01,1.5013857169992681e+01,1.4537745984844364e-02,4.453e-12,1.179e-85,1.9062708699188805e-02,1.2870596554518617e-02,1.4537745984849693e-02,-5.329e-15,1.395e-40
0.0093003852,1.4807207810965698e+01,1.4792487196211223e+01,1.4720614754475392e-02,4.381e-12,4.453e-87,1.9375802445501647e-02,1.2978616329764533e-02,1.4720614754481609e-02,-6.217e-15,6.402e-40
0.0094531385,1.4589581474913139e+01,1.4574676373542275e+01,1.4905101370864315e-02,4.310e-12,1.595e-88,1.9694038571920452e-02,1.3084986726080623e-02,1.4905101370867868e-02,-3.553e-15,2.865e-39
0.0096084007,1.4375458187798644e+01,1.4360366984610048e+01,1.5091203188596580e-02,4.241e-12,5.408e-90,2.0017501539005216e-02,1.3189567270601358e-02,1.5091203188604352e-02,-7.772e-15,1.252e-38
0.0097662131,1.4164781160322981e+01,1.4149502243241852e+01,1.5278917081129606e-02,4.173e-12,1.735e-91,2.0346277194530856e-02,1.3292211428200119e-02,1.5278917081132048e-02,-2.442e-15,5.339e-38
0.0099266173,1.3957494518859910e+01,1.3942026279427697e+01,1.5468239432212982e-02,4.106e-12,5.263e-93,2.0680452796271353e-02,1.3392766377557274e-02,1.5468239432219644e-02,-6.661e-15,2.224e-37
0.010089656,1.3753543290650651e+01,1.3737884124523134e+01,1.5659166127516500e-02,4.039e-12,1.508e-94,2.1020117035158156e-02,1.3491072779431604e-02,1.5659166127521829e-02,-5.329e-15,9.052e-37
0.010255373,1.3552873389237829e+01,1.3537021696691609e+01,1.5851692546220875e-02,3.974e-12,4.075e-96,2.1365360058818905e-02,1.3586964536870628e-02,1.5851692546227092e-02,-6.217e-15,3.601e-36
0.010423811,1.3355431600135022e+01,1.3339385786582227e+01,1.6045813552794996e-02,3.910e-12,1.038e-97,2.1716273495502914e-02,1.3680268547086458e-02,1.6045813552803878e-02,-8.882e-15,1.401e-35
0.010595016,1.3161165566728219e+01,1.3144924043239383e+01,1.6241523488835341e-02,3.848e-12,2.491e-99,2.2072950478399408e-02,1.3770804444714700e-02,1.6241523488842446e-02,-7.105e-15,5.330e-35
0.010769033,1.2970023776405348e+01,1.2953584960240340e+01,1.6438816165008419e-02,3.786e-12,5.622e-101,2.2435485670355308e-02,1.3858384336164507e-02,1.6438816165018189e-02,-9.770e-15,1.985e-34
0.010945908,1.2781955546910195e+01,1.2765317862057039e+01,1.6637684853156642e-02,3.725e-12,1.193e-102,2.2803975288998985e-02,1.3942812524758038e-02,1.6637684853166856e-02,-1.021e-14,7.233e-34
0.011125688,1.2596911012917161e+01,1.2580072890638675e+01,1.6838122278485912e-02,3.665e-12,2.375e-104,2.3178517132276609e-02,1.4023885226347477e-02,1.6838122278491019e-02,-5.107e-15,2.581e-33
0.011308421,1.2414841112823279e+01,1.2397800992211383e+01,1.7040120611895304e-02,3.606e-12,4.438e-106,2.3559210604407858e-02,1.4101390275087404e-02,1.7040120611905518e-02,-1.021e-14,9.023e-33
0.011494155,1.2235697575753894e+01,1.2218453904291380e+01,1.7243671462514598e-02,3.548e-12,7.767e-108,2.3946156742268170e-02,1.4175106819029481e-02,1.7243671462520593e-02,-5.995e-15,3.091e-32
0.01168294,1.2059432908778692e+01,1.2041984142908412e+01,1.7448765870280880e-02,3.491e-12,1.272e-109,2.4339458242204032e-02,1.4244805005195179e-02,1.7448765870287097e-02,-6.217e-15,1.038e-31
0.011874825,1.1886000384334642e+01,1.1868344990035851e+01,1.7655394298790483e-02,3.435e-12,1.949e-111,2.4739219487288844e-02,1.4310245653770948e-02,1.7655394298795812e-02,-5.329e-15,3.416e-31
0.012069862,1.1715354027852445e+01,1.1697490481224197e+01,1.7863546628248628e-02,3.380e-12,2.787e-113,2.5145546575026403e-02,1.4371179921058156e-02,1.7863546628251292e-02,-2.665e-15,1.103e-30
0.012268103,1.1547448605583279e+01,1.1529375393434659e+01,1.8073212148619788e-02,3.325e-12,3.718e-115,2.5558547345509473e-02,1.4427348950797933e-02,1.8073212148622231e-02,-2.442e-15,3.493e-30
0.012469599,1.1382239612622641e+01,1.1363955233069660e+01,1.8284379552980567e-02,3.272e-12,4.622e-117,2.5978331410040682e-02,1.4478483513478281e-02,1.8284379552982566e-02,-1.998e-15,1.086e-29
0.012674405,1.1219683261128013e+01,1.1201186224196974e+01,1.8497036931039545e-02,3.219e-12,5.347e-119,2.6405010180223652e-02,1.4524303633217795e-02,1.8497036931044875e-02,-5.329e-15,3.314e-29
0.012882575,1.1059736468727264e+01,1.1041025296964371e+01,1.8711171762893386e-02,3.168e-12,5.751e-121,2.6838696897531929e-02,1.4564518201806598e-02,1.8711171762900269e-02,-6.883e-15,9.931e-29
0.013094163,1.0902356847114778e+01,1.0883430076201817e+01,1.8926770912960578e-02,3.117e-12,5.743e-123,2.7279506663363418e-02,1.4598824579471245e-02,1.8926770912969682e-02,-9.104e-15,2.924e-28
0.013309227,1.0747502690832183e+01,1.0728358870208007e+01,1.9143820624176300e-02,3.067e-12,5.318e-125,2.7727556469588591e-02,1.4626908181915813e-02,1.9143820624182517e-02,-6.217e-15,8.457e-28
0.013527823,1.0595132966230729e+01,1.0575770659718360e+01,1.9362306512368477e-02,3.017e-12,4.561e-127,2.8182965229600433e-02,1.4648442053176381e-02,1.9362306512376026e-02,-7.550e-15,2.404e-27
0.01375001,1.0445207300612475e+01,1.0425625087051538e+01,1.9582213560937589e-02,2.969e-12,3.618e-129,2.8645853809874226e-02,1.4663086423810702e-02,1.9582213560944695e-02,-7.105e-15,6.720e-27
0.013975846,1.0297685971547255e+01,1.0277882445431533e+01,1.9803526115721226e-02,2.921e-12,2.652e-131,2.9116345062045811e-02,1.4670488253928899e-02,1.9803526115726999e-02,-5.773e-15,1.847e-26
0.014205391,1.0152529896362694e+01,1.0132503668482542e+01,2.0026227880151737e-02,2.874e-12,1.793e-133,2.9594563855516721e-02,1.4670280760554429e-02,2.0026227880155956e-02,-4.219e-15,4.993e-26
0.014438706,1.0009700621804457e+01,9.9894503198937965e+00,2.0250301910660795e-02,2.828e-12,1.117e-135,3.0080637110594728e-02,1.4662082928787651e-02,2.0250301910666346e-02,-5.551e-15,1.328e-25
0.014675853,9.8691603138639827e+00,9.8486845832516039e+00,2.0475730612378840e-02,2.783e-12,6.405e-138,3.0574693832178784e-02,1.4645499006226515e-02,2.0475730612382836e-02,-3.997e-15,3.478e-25
0.014916895,9.7308717477709568e+00,9.7101692520358824e+00,2.0702495735074322e-02,2.738e-12,3.375e-140,3.1076865143997247e-02,1.4620117980080873e-02,2.0702495735080984e-02,-6.661e-15,8.964e-25
0.015161896,9.5947982981479711e+00,9.5738677197785371e+00,2.0930578369434016e-02,2.694e-12,1.632e-142,3.1587284323408377e-02,1.4585513036397976e-02,2.0930578369440900e-02,-6.883e-15,2.275e-24
0.015410922,9.4609039293246635e+00,9.4397439703810697e+00,2.1159958943593793e-02,2.651e-12,7.228e-145,3.2106086836772380e-02,1.4541241000797300e-02,2.1159958943598678e-02,-4.885e-15,5.686e-24
0.015664037,9.3291531858087637e+00,9.3077625685887710e+00,2.1390617219992691e-02,2.609e-12,2.930e-147,3.2633410375404563e-02,1.4486841760092826e-02,2.1390617219995800e-02,-3.109e-15,1.400e-23
0.01592131,9.1995111829116070e+00,9.1778886506190585e+00,2.1622532292548513e-02,2.567e-12,1.085e-149,3.3169394892118835e-02,1.4421837664160043e-02,2.1622532292553398e-02,-4.885e-15,3.398e-23
0.016182808,9.0719435975254914e+00,9.0500879149413436e+00,2.1855682584147829e-02,2.526e-12,3.667e-152,3.3714182638371580e-02,1.4345732907383557e-02,2.1855682584150715e-02,-2.887e-15,8.128e-23
0.016448601,8.9464166590505627e+00,8.9243266132061247e+00,2.2090045844437967e-02,2.486e-12,1.129e-154,3.4267918202015392e-02,1.4258012888999094e-02,2.2090045844443740e-02,-5.773e-15,1.917e-22
0.016718759,8.8228971404687062e+00,8.8005715413207000e+00,2.2325599148006248e-02,2.446e-12,3.161e-157,3.4830748545673099e-02,1.4158143551620577e-02,2.2325599148011577e-02,-5.329e-15,4.457e-22
0.016993355,8.7013523495621392e+00,8.6787900306692958e+00,2.2562318892843436e-02,2.407e-12,8.038e-160,3.5402823045741903e-02,1.4045570697219647e-02,2.2562318892847433e-02,-3.997e-15,1.022e-21
0.017272461,8.5817501202743465e+00,8.5589499394751520e+00,2.2800180799194436e-02,2.368e-12,1.853e-162,3.5984293532038192e-02,1.3919719279800145e-02,2.2800180799195324e-02,-8.882e-16,2.313e-21
0.017556151,8.4640588042110352e+00,8.4410196443022905e+00,2.3039159908744722e-02,2.330e-12,3.868e-165,3.6575314328093612e-02,1.3779992673985216e-02,2.3039159908746942e-02,-2.220e-15,5.163e-21
0.0178445,8.3482472622789388e+00,8.3249680316947501e+00,2.3279230584188682e-02,2.293e-12,7.297e-168,3.7176042292112702e-02,1.3625771918708316e-02,2.3279230584193567e-02,-4.885e-15,1.138e-20
0.018137586,8.2342848564601248e+00,8.2107644899509751e+00,2.3520366509149682e-02,2.256e-12,1.242e-170,3.7786636858603534e-02,1.3456414935172602e-02,2.3520366509153678e-02,-3.997e-15,2.475e-20
0.018435485,8.1221414417196964e+00,8.0983789010312321e+00,2.3762540688464284e-02,2.220e-12,1.904e-173,3.8407260080691945e-02,1.3271255718215195e-02,2.3762540688466949e-02,-2.665e-15,5.316e-20
0.018738277,8.0117873580447423e+00,7.9877816325958717e+00,2.4005725448870585e-02,2.185e-12,2.625e-176,3.9038076673130723e-02,1.3069603500184275e-02,2.4005725448874582e-02,-3.997e-15,1.128e-19
0.019046042,7.9031934226123512e+00,7.8789435301722737e+00,2.4249892440077581e-02,2.150e-12,3.248e-179,3.9679254056015391e-02,1.2850741886406884e-02,2.4249892440082466e-02,-4.885e-15,2.363e-19
0.019358862,7.7963309220846773e+00,7.7718359094484679e+00,2.4495012636209346e-02,2.116e-12,3.601e-182,4.0330962399217733e-02,1.2613927961294905e-02,2.4495012636212898e-02,-3.553e-15,4.892e-19
0.01967682,7.6911716050289591e+00,7.6664305486913067e+00,2.4741056337652445e-02,2.082e-12,3.572e-185,4.0993374667549286e-02,1.2358391364104711e-02,2.4741056337655554e-02,-3.109e-15,1.001e-18
0.02,7.5876876744604820e+00,7.5626996812871656e+00,2.4987993173316347e-02,2.049e-12,3.163e-188,4.1666666666666671e-02,1.2083333333333338e-02,2.4987993173322121e-02,-5.773e-15,2.023e-18
0.021121458,7.2529768222046904e+00,7.2271557615173583e+00,2.5821060687332142e-02,1.941e-12,8.073e-199,4.4003037516651286e-02,1.1009042542462669e-02,2.5821060687335251e-02,-3.109e-15,1.968e-17
0.022305799,6.9357613554672533e+00,6.9090987848488439e+00,2.6662570618409376e-02,1.840e-12,5.259e-210,4.6470415456603680e-02,9.6725437600363520e-03,2.6662570618411596e-02,-2.220e-15,1.694e-16
0.02355655,6.6351017123968248e+00,6.6075904912530490e+00,2.7511221143775799e-02,1.744e-12,8.097e-222,4.9076146434031249e-02,8.0358491782325583e-03,2.7511221143776687e-02,-8.882e-16,1.299e-15
0.024877434,6.3501079726586687e+00,6.3217423419267265e+00,2.8365630731942204e-02,1.653e-12,2.718e-234,5.1827988305024372e-02,6.0561563704769131e-03,2.8365630731946867e-02,-4.663e-15,8.926e-15
0.026272384,6.0799372266255887e+00,6.0507128856073553e+00,2.9224341018233346e-02,1.567e-12,1.825e-247,5.4734133931165226e-02,3.6852688221669996e-03,2.9224341018249778e-02,-1.643e-14,5.528e-14
0.027745553,5.8237910848792005e+00,5.7937052645899705e+00,3.0085820289230014e-02,1.485e-12,2.241e-261,5.7803235571547491e-02,8.6894828666907870e-04,3.0085820289309506e-02,-7.949e-14,3.103e-13
0.029301327,5.5809133205554877e+00,5.5499648529819812e+00,3.0948467573506555e-02,1.408e-12,4.572e-276,6.1044430642527230e-02,-2.4538089699669627e-03,3.0948467573903793e-02,-3.972e-13,1.587e-12
0.030944337,5.3505876374600172e+00,5.3187770201306277e+00,3.1810617329389501e-02,1.335e-12,1.402e-291,6.4467368921897819e-02,-6.3515808914359623e-03,3.1810617331250679e-02,-1.861e-12,7.433e-12
0.032679476,5.1321355572491418e+00,5.0994650125357364e+00,3.2670544713405469e-02,1.267e-12,5.806e-308,6.8082241278481642e-02,-1.0901423202142019e-02,3.2670544721412398e-02,-8.007e-12,3.202e-11
0.034511909,4.9249144193246703e+00,4.8913879479205571e+00,3.3526471404113245e-02,1.201e-12,0.000e+00,7.1899810012673551e-02,-1.6189878852116174e-02,3.3526471435978200e-02,-3.186e-11,1.275e-10
0.036447092,4.7283154874225435e+00,4.6939389154794275e+00,3.4376571943115941e-02,1.139e-12,0.000e+00,7.5931440898266575e-02,-2.2314105637487022e-02,3.4376572060813571e-02,-1.177e-10,4.708e-10
0.038490786,4.5417621571914548e+00,4.5065431766600330e+00,3.5218980531421806e-02,1.081e-12,0.000e+00,8.0189137020955467e-02,-2.9383135721705825e-02,3.5218980936390976e-02,-4.050e-10,1.620e-09
0.040649076,4.3647082593564601e+00,4.3286564611842069e+00,3.6051798172253235e-02,1.026e-12,0.000e+00,8.4685574514263826e-02,-3.7519282370754428e-02,3.6051799475214530e-02,-1.303e-09,5.212e-09
0.042928387,4.1966364533464890e+00,4.1597633533903027e+00,3.6873099956186373e-02,9.735e-13,0.000e+00,8.9434140299287646e-02,-4.6859710986990544e-02,3.6873103890178172e-02,-3.934e-09,1.574e-08
0.045335507,4.0370567065337566e+00,3.9993757644351300e+00,3.7680942098626602e-02,9.240e-13,0.000e+00,9.4448971940616147e-02,-5.7558193502277435e-02,3.7680953282457352e-02,-1.118e-08,4.475e-08
0.0478776,3.8855048544892243e+00,3.8470314864884778e+00,3.8473368000746522e-02,8.772e-13,0.000e+00,9.9744999737089821e-02,-6.9787067395197064e-02,3.8473398032819572e-02,-3.003e-08,1.202e-07
0.050562236,3.7415412379023394e+00,3.7022928258718886e+00,3.9248412030450819e-02,8.330e-13,0.000e+00,1.0533799117270884e-01,-8.3739423055791823e-02,3.9248488436071316e-02,-7.641e-08,3.058e-07
0.053397407,3.6047494120485286e+00,3.5647453132251758e+00,4.0004098823352763e-02,7.911e-13,0.000e+00,1.1124459786003332e-01,-9.9631545963777240e-02,4.0004283514888384e-02,-1.847e-07,7.395e-07
0.056391554,3.4747349249195270e+00,3.4339964902961286e+00,4.0738434623398323e-02,7.515e-13,0.000e+00,1.1748240511583592e-01,-1.1770564320525974e-01,4.0738859946487294e-02,-4.253e-07,1.704e-06
0.059553592,3.3511241603701492e+00,3.3096747748397015e+00,4.1449385530447636e-02,7.141e-13,0.000e+00,1.2406998431660517e-01,-1.3823288726521282e-01,4.1450321033552617e-02,-9.355e-07,3.750e-06
0.062892935,3.2335632428998760e+00,3.1914284072600987e+00,4.2134835639777268e-02,6.787e-13,0.000e+00,1.3102694818977390e-01,-1.6151681383903982e-01,4.2136805649596321e-02,-1.970e-06,7.903e-06
0.066419524,3.1217170010111119e+00,3.0789244847429416e+00,4.2792516268170377e-02,6.453e-13,0.000e+00,1.3837400920528667e-01,-1.8789711465191603e-01,4.2796497088469554e-02,-3.981e-06,1.599e-05
0.07014386,3.0152679865165335e+00,2.9718480902330366e+00,4.3419896283496850e-02,6.136e-13,0.000e+00,1.4613304124135221e-01,-2.1775387100994029e-01,4.3427631748113260e-02,-7.735e-06,3.112e-05
0.074077029,2.9139155477692933e+00,2.8699015240999439e+00,4.4014023669349367e-02,5.838e-13,0.000e+00,1.5432714470797365e-01,-2.5151227908894414e-01,4.4028507579807918e-02,-1.448e-05,5.839e-05
0.078230743,2.8173749556305254e+00,2.7728036450382811e+00,4.4571310592244284e-02,5.555e-13,0.000e+00,1.6298071532214323e-01,-2.8964792385813076e-01,4.4597492236122971e-02,-2.618e-05,1.058e-04
0.082617368,2.7253765821210694e+00,2.6802893231247671e+00,4.5087258996302282e-02,5.289e-13,0.000e+00,1.7211951673946235e-01,-3.3269266510688555e-01,4.5133030853500511e-02,-4.577e-05,1.856e-04
0.087249963,2.6376651331316241e+00,2.5921090017454858e+00,4.5556131386138343e-02,5.037e-13,0.000e+00,1.8177075725842678e-01,-3.8124120637247766e-01,4.5633653408829966e-02,-7.752e-05,3.157e-04
0.092142322,2.5539989382024189e+00,2.5080283565127388e+00,4.5970581689680046e-02,4.799e-13,0.000e+00,1.9196317082574396e-01,-4.3595842574144861e-01,4.6097981593469228e-02,-1.274e-04,5.214e-04
0.097309009,2.4741493020252547e+00,2.4278280290480554e+00,4.6321272977199346e-02,4.574e-13,0.000e+00,2.0272710258385310e-01,-4.9758755661577814e-01,4.6524735152895902e-02,-2.035e-04,8.378e-04
0.10276541,2.3978999236377709e+00,2.3513034028664492e+00,4.6596520771321703e-02,4.362e-13,0.000e+00,2.1409459921534316e-01,-5.6695931670521693e-01,4.6912737645413038e-02,-3.162e-04,1.311e-03
0.10852776,2.3250463898530698e+00,2.2782643791731729e+00,4.6782010679896846e-02,4.161e-13,0.000e+00,2.2609950435324389e-01,-6.4500209485081050e-01,4.7260921579071358e-02,-4.789e-04,2.003e-03
0.11461323,2.2553957488733150e+00,2.2085351039114482e+00,4.6860644961866704e-02,3.971e-13,0.000e+00,2.3877755934124917e-01,-7.3275331793693321e-01,4.7568332892091281e-02,-7.077e-04,2.989e-03
0.12103992,2.1887661679654604e+00,2.1419535954271396e+00,4.6812572538320829e-02,3.792e-13,0.000e+00,2.5216650964385789e-01,-8.3137213426100054e-01,4.7834134748500068e-02,-1.022e-03,4.364e-03
0.12782698,2.1249866754660554e+00,2.0783712257169422e+00,4.6615449749113136e-02,3.622e-13,0.000e+00,2.6630621722324038e-01,-9.4215356546980833e-01,4.8057610627374903e-02,-1.442e-03,6.241e-03
0.13499461,2.0638969824994557e+00,2.0176520177758217e+00,4.6244964723634041e-02,3.461e-13,0.000e+00,2.8123877921740154e-01,-1.0665442967268293e+00,4.8238166690880879e-02,-1.993e-03,8.752e-03
0.14256415,2.0053473742530898e+00,1.9596717366254044e+00,4.5675637627685450e-02,3.308e-13,0.000e+00,2.9700865327297254e-01,-1.2061602943552101e+00,4.8375333423180455e-02,-2.700e-03,1.205e-02
0.15055814,1.9491986553173837e+00,1.9043167709673789e+00,4.4881884350004730e-02,3.163e-13,0.000e+00,3.1366278990577640e-01,-1.3628064620401608e+00,4.8468766539136787e-02,-3.587e-03,1.630e-02
0.15900037,1.8953221293863072e+00,1.8514828241938031e+00,4.3839305192504119e-02,3.024e-13,0.000e+00,3.3125077228323313e-01,-1.5384985710323480e+00,4.8518247168489292e-02,-4.679e-03,2.169e-02
0.16791598,1.8435995912605101e+00,1.8010734554069305e+00,4.2526135853579561e-02,2.892e-13,0.000e+00,3.4982496384477157e-01,-1.7354877269613156e+00,4.8523681327754975e-02,-5.998e-03,2.843e-02
0.17733152,1.7939233089227831e+00,1.7529985307257467e+00,4.0924778197036327e-02,2.766e-13,0.000e+00,3.6944066419974370e-01,-1.9562876661687421e+00,4.8485098698448192e-02,-7.560e-03,3.671e-02
0.18727501,1.7461959752569534e+00,1.7071726602207311e+00,3.9023315036222250e-02,2.645e-13,0.000e+00,3.9015627376698936e-01,-2.2037052082670132e+00,4.8402650736206532e-02,-9.379e-03,4.674e-02
0.19777606,1.7003306120474995e+00,1.6635137045060058e+00,3.6816907541493693e-02,2.529e-13,0.000e+00,4.1203346764621662e-01,-2.4808742293218251e+00,4.8276608141076149e-02,-1.146e-02,5.875e-02
0.20886594,1.6562504122139992e+00,1.6219414361887214e+00,3.4308976025277715e-02,2.418e-13,0.000e+00,4.3513737923885737e-01,-2.7912935620982169e+00,4.8107357724391564e-02,-1.380e-02,7.293e-02
0.22057766,1.6138885087957004e+00,1.5823764347109492e+00,3.1512074084751207e-02,2.311e-13,0.000e+00,4.5953679416507415e-01,-3.1388692766983191e+00,4.7895398712436421e-02,-1.638e-02,8.949e-02
0.23294609,1.5731876603479222e+00,1.5447392791609664e+00,2.8448381186955807e-02,2.209e-13,0.000e+00,4.8530435505425762e-01,-3.5279618472158183e+00,4.7641338531266397e-02,-1.919e-02,1.086e-01
0.24600805,1.5340998420890513e+00,1.5089500837016558e+00,2.5149758387395416e-02,2.109e-13,0.000e+00,5.1251677781872196e-01,-3.9634387683597536e+00,4.7345888120744473e-02,-2.220e-02,1.304e-01
0.25980244,1.4965857309776847e+00,1.4749283962810296e+00,2.1657334696655095e-02,2.014e-13,0.000e+00,5.4125508005449086e-01,-4.4507332510543858e+00,4.7009856828913010e-02,-2.535e-02,1.551e-01
0.27437031,1.4606140720928018e+00,1.4425934555007314e+00,1.8020616592070438e-02,1.921e-13,0.000e+00,5.7160482224918030e-01,-4.9959096985783491e+00,4.6634146940301990e-02,-2.861e-02,1.828e-01
0.28975505,1.4261609146574037e+00,1.4118647752050140e+00,1.4296139452389722e-02,1.832e-13,0.000e+00,6.0365636251510724e-01,-5.6057367457295904e+00,4.6219747893654350e-02,-3.192e-02,2.136e-01
0.30600246,1.3932087100132615e+00,1.3826630035639089e+00,1.0545706449352599e-02,1.745e-13,0.000e+00,6.3750512560601991e-01,-6.2877687337580390e+00,4.5767730245790283e-02,-3.522e-02,2.475e-01
0.32316091,1.3617452714387059e+00,1.3549109847803760e+00,6.8342866583299688e-03,1.661e-13,0.000e+00,6.7325188701838012e-01,-7.0504365944713356e+00,4.5279239438992813e-02,-3.844e-02,2.847e-01
0.34128148,1.3317626066375985e+00,1.3285349381516032e+00,3.2276684859953164e-03,1.579e-13,0.000e+00,7.1100307302302512e-01,-7.9031492291900500e+00,4.4755489429322948e-02,-4.153e-02,3.251e-01
0.36041812,1.3032556468166909e+00,1.3034656616478000e+00,-2.1001483110905106e-04,1.499e-13,0.000e+00,7.5087107752047666e-01,-8.8564065934467386e+00,4.4197756232737806e-02,-4.441e-02,3.687e-01
0.38062781,1.2762209095712642e+00,1.2796396656010893e+00,-3.4187560298251096e-03,1.421e-13,0.000e+00,7.9297459666324510e-01,-9.9219258379798987e+00,4.3607371444775778e-02,-4.703e-02,4.156e-01
0.40197071,1.2506551440296376e+00,1.2570001463771208e+00,-6.3450023474831418e-03,1.345e-13,0.000e+00,8.3743898224138058e-01,-1.1112782012334865e+01,4.2985715787910772e-02,-4.933e-02,4.657e-01
0.42451038,1.2265540137287336e+00,1.2354977196785391e+00,-8.9437059498054250e-03,1.270e-13,0.000e+00,8.8439661488336951e-01,-1.2443565011105086e+01,4.2334212738545540e-02,-5.128e-02,5.189e-01
0.4483139,1.2039108739902642e+00,1.2150908478875324e+00,-1.1179973897268214e-02,1.197e-13,0.000e+00,9.3398729818349524e-01,-1.3930554636601014e+01,4.1654322282969836e-02,-5.283e-02,5.751e-01
0.47345216,1.1827156955851066e+00,1.1957459149056437e+00,-1.3030219320537162e-02,1.125e-13,0.000e+00,9.8635867492905793e-01,-1.5591915867827968e+01,4.0947534848558398e-02,-5.398e-02,6.343e-01
0.5,1.1629541757457265e+00,1.1774369243733427e+00,-1.4482748627616226e-02,1.055e-13,0.000e+00,1.0416666666666667e+00,-1.7447916666666664e+01,4.0215365453044494e-02,-5.470e-02,6.963e-01
