triangle,bc,i_from,i_to,lambda_from,lambda_to,mean_N_minus_area_term,mean_N_minus_area_boundary_constant
2-8-8,N,0,100,0.000,1350.843,10.9251,-0.0225
2-8-8,N,100,200,1350.843,2834.850,20.5705,0.0056
2-8-8,N,200,300,2834.850,4334.520,26.8630,0.0067
2-8-8,N,300,400,4334.520,5860.225,31.9460,-0.0011
2-8-8,N,400,500,5860.225,7400.919,36.3259,-0.0174
2-8-8,N,500,600,7400.919,8939.308,40.2585,-0.0107
2-8-8,N,600,700,8939.308,10493.873,43.8362,-0.0149
2-8-8,N,700,800,10493.873,12039.174,47.2014,0.0372
2-8-8,N,800,900,12039.174,13591.534,50.2632,-0.0023
2-8-8,N,900,1000,13591.534,15137.448,53.1761,-0.0117
2-8-8,N,1000,1100,15137.448,16687.447,55.9912,0.0328
2-8-8,N,1100,1200,16687.447,18245.794,58.6013,-0.0007
2-8-8,N,1200,1300,18245.794,19802.179,61.1184,-0.0139
2-8-8,N,1300,1400,19802.179,21373.180,63.5616,-0.0011
2-8-8,N,1400,1424,21373.180,21735.972,65.0779,0.0513
2-8-8,D,0,100,40.116,1903.855,-12.6118,0.0037
2-8-8,D,100,200,1903.855,3622.899,-22.2418,-0.0008
2-8-8,D,200,300,3622.899,5298.591,-28.5256,0.0062
2-8-8,D,300,400,5298.591,6988.348,-33.6218,0.0007
2-8-8,D,400,500,6988.348,8642.497,-38.0317,-0.0133
2-8-8,D,500,600,8642.497,10314.824,-41.9374,0.0066
2-8-8,D,600,700,10314.824,11953.011,-45.5392,-0.0127
2-8-8,D,700,800,11953.011,13620.986,-48.8573,-0.0160
2-8-8,D,800,900,13620.986,15265.575,-51.8877,0.0514
2-8-8,D,900,1000,15265.575,16910.247,-54.8740,-0.0108
2-8-8,D,1000,1100,16910.247,18558.362,-57.6008,0.0330
2-8-8,D,1100,1200,18558.362,20201.131,-60.3588,-0.0794
2-8-8,D,1200,1300,20201.131,21827.165,-62.8078,-0.0004
2-8-8,D,1300,1400,21827.165,23446.967,-65.2128,0.0246
2-8-8,D,1400,1419,23446.967,23808.416,-66.6212,0.0232
3-3-12,N,0,100,0.000,1358.856,10.7230,-0.0199
3-3-12,N,100,200,1358.856,2844.948,20.1620,0.0187
3-3-12,N,200,300,2844.948,4352.857,26.2819,-0.0118
3-3-12,N,300,400,4352.857,5890.778,31.2748,0.0076
3-3-12,N,400,500,5890.778,7394.454,35.5836,0.0213
3-3-12,N,500,600,7394.454,8958.297,39.3758,-0.0252
3-3-12,N,600,700,8958.297,10490.729,42.8911,-0.0095
3-3-12,N,700,800,10490.729,12074.706,46.1496,0.0103
3-3-12,N,800,900,12074.706,13621.915,49.1686,-0.0004
3-3-12,N,900,1000,13621.915,15155.173,52.0316,0.0072
3-3-12,N,1000,1100,15155.173,16693.385,54.7379,0.0047
3-3-12,N,1100,1200,16693.385,18263.734,57.3054,-0.0107
3-3-12,N,1200,1300,18263.734,19827.157,59.7616,-0.0272
3-3-12,N,1300,1400,19827.157,21388.054,62.2203,0.0582
3-3-12,N,1400,1433,21388.054,21893.133,63.4904,-0.2119
3-3-12,D,0,100,37.822,1914.257,-12.2694,0.0031
3-3-12,D,100,200,1914.257,3633.542,-21.6865,-0.0047
3-3-12,D,200,300,3633.542,5290.561,-27.8091,0.0198
3-3-12,D,300,400,5290.561,6970.472,-32.8363,-0.0303
3-3-12,D,400,500,6970.472,8629.414,-37.0591,0.0394
3-3-12,D,500,600,8629.414,10279.748,-40.9925,-0.0536
3-3-12,D,600,700,10279.748,11948.021,-44.4079,0.0284
3-3-12,D,700,800,11948.021,13587.955,-47.6807,-0.0040
3-3-12,D,800,900,13587.955,15242.330,-50.7114,-0.0053
3-3-12,D,900,1000,15242.330,16873.943,-53.4880,0.0716
3-3-12,D,1000,1100,16873.943,18536.616,-56.3290,-0.0572
3-3-12,D,1100,1200,18536.616,20178.379,-58.9016,-0.0477
3-3-12,D,1200,1300,20178.379,21837.425,-61.2711,0.0527
3-3-12,D,1300,1400,21837.425,23438.658,-63.7378,-0.0365
3-3-12,D,1400,1419,23438.658,23775.360,-64.9171,0.1546
