m,j,lambda,lambda_coarse,rel_diff,bc,h_m,rayleigh_bound
7,1,44.888353604,44.888353604,1.5e-14,N,0.545274831754,133.028828286
7,2,142.555152617,142.555152617,1.65e-14,N,0.545274831754,299.002363643
7,3,201.470527713,201.470527713,1.61e-14,N,0.545274831754,531.365313143
7,4,323.360369555,323.360369555,1.51e-14,N,0.545274831754,830.117676786
7,5,373.206347195,373.206347195,2.54e-14,D,0.545274831754,1195.25945457
7,6,454.601021601,454.601021601,6.63e-14,N,0.545274831754,1626.7906465
8,1,23.0785584814,23.0785584814,1.06e-14,N,0.76428545974,67.8347235967
8,2,74.9267083977,74.9267083977,1.67e-14,N,0.76428545974,152.315628092
8,3,116.602517755,116.602517755,1.41e-14,N,0.76428545974,270.588894387
8,4,169.204494001,169.204494001,1.55e-14,N,0.76428545974,422.654522479
8,5,222.371124207,222.371124207,1.92e-14,D,0.76428545974,608.51251237
8,6,256.692804801,256.692804801,1.26e-14,N,0.76428545974,828.162864059
10,1,12.1362326992,12.1362326992,2.34e-14,N,1.06127506191,35.301274851
10,2,40.0096778714,40.0096778714,2.02e-14,N,1.06127506191,79.1153684148
10,3,73.4883958744,73.4883958744,1.53e-14,N,1.06127506191,140.455099404
10,4,93.2411761379,93.2411761379,1.65e-14,N,1.06127506191,219.320467819
10,5,145.975614706,145.975614706,1.75e-14,N,1.06127506191,315.711473659
10,6,148.713331461,148.713331461,1.38e-14,D,1.06127506191,429.628116925
12,1,8.46775926086,8.46775926086,2.81e-14,N,1.27668686838,24.4709377754
12,2,28.0486090785,28.0486090785,1.94e-14,N,1.27668686838,54.7471099947
12,3,55.8039650376,55.8039650376,2.24e-14,N,1.27668686838,97.1337511017
12,4,71.2429024414,71.2429024414,1.42e-14,N,1.27668686838,151.630861096
12,5,104.08015114,104.08015114,1.72e-14,N,1.27668686838,218.238439979
12,6,125.315827995,125.315827995,1.98e-14,D,1.27668686838,296.956487749
16,1,5.50844619629,5.50844619629,1.61e-16,N,1.5938551142,15.7903950996
16,2,18.2783014282,18.2783014282,7.58e-15,N,1.5938551142,35.2158889742
16,3,37.7260860976,37.7260860976,9.42e-15,N,1.5938551142,62.4115803985
16,4,56.3628171125,56.3628171125,1.3e-14,N,1.5938551142,97.3774693727
16,5,70.1758725245,70.1758725245,1.34e-14,N,1.5938551142,140.113555897
16,6,101.368998812,101.368998812,1.4e-14,N,1.5938551142,190.61983997
24,1,3.4998469479,3.4998469479,3.32e-14,N,2.01869162589,9.93767975258
24,2,11.5698245252,11.5698245252,4.3e-15,N,2.01869162589,22.0472794433
24,3,24.118238323,24.118238323,2.65e-15,N,2.01869162589,39.0007190103
24,4,40.4239257079,40.4239257079,1.14e-14,N,2.01869162589,60.7979984536
24,5,53.2070623531,53.2070623531,1.58e-14,N,2.01869162589,87.4391177732
24,6,66.2795269088,66.2795269088,1.2e-14,N,2.01869162589,118.924076969
32,1,2.70532160863,2.70532160863,1.21e-13,N,2.31286406986,7.63005363028
32,2,8.89159631346,8.89159631346,6.23e-14,N,2.31286406986,16.8551206681
32,3,18.5581808308,18.5581808308,4.5e-14,N,2.31286406986,29.7702145211
32,4,31.4912740762,31.4912740762,3.84e-14,N,2.31286406986,46.3753351892
32,5,45.9955921552,45.9955921552,2.9e-14,N,2.31286406986,66.6704826725
32,6,54.7885028933,54.7885028933,2.15e-14,N,2.31286406986,90.6556569709
48,1,1.99811870862,1.99811870862,8.89e-15,N,2.72287989453,5.57479345435
48,2,6.48838521269,6.48838521269,1.01e-14,N,2.72287989453,12.2307852723
48,3,13.5299793207,13.5299793207,1.69e-14,N,2.72287989453,21.5491738174
48,4,23.0573792352,23.0573792352,1.79e-14,N,2.72287989453,33.5299590897
48,5,34.8332093509,34.8332093509,1.31e-14,N,2.72287989453,48.1731410892
48,6,46.9097641105,46.9097641105,1.62e-14,N,2.72287989453,65.4787198158
64,1,1.66426474068,1.66426474068,1.71e-13,N,3.01213844645,4.60120833698
64,2,5.34398058818,5.34398058818,7.98e-14,N,3.01213844645,10.0402187582
64,3,11.1243865137,11.1243865137,5.19e-14,N,3.01213844645,17.6548333479
64,4,18.9691385295,18.9691385295,3.67e-14,N,3.01213844645,27.4450521061
64,5,28.7873772677,28.7873772677,2.43e-14,N,3.01213844645,39.4108750328
64,6,40.1378586575,40.1378586575,7.08e-15,N,3.01213844645,53.552302128
96,1,1.33233551583,1.33233551583,7.42e-13,N,3.4187245372,3.62778123457
96,2,4.19620418323,4.19620418323,4.28e-13,N,3.4187245372,7.85000777779
96,3,8.7044111429,8.7044111429,3.03e-13,N,3.4187245372,13.7611249383
96,4,14.8360503568,14.8360503568,2.35e-13,N,3.4187245372,21.3611327161
96,5,22.558227803,22.558227803,1.88e-13,N,3.4187245372,30.6500311112
96,6,31.7732292304,31.7732292304,1.51e-13,N,3.4187245372,41.6278201235
128,1,1.1615365591,1.1615365591,1.01e-12,N,3.70679796217,3.12317385299
128,2,3.60006407245,3.60006407245,5.08e-13,N,3.70679796217,6.71464116923
128,3,7.44428215445,7.44428215445,3.1e-13,N,3.70679796217,11.742695412
128,4,12.6776291392,12.6776291392,2.06e-13,N,3.70679796217,18.2073365812
128,5,19.281391197,19.281391197,1.32e-13,N,3.70679796217,26.1085646769
128,6,27.2109252136,27.2109252136,7.4e-14,N,3.70679796217,35.4463796991
192,1,0.980614092734,0.980614092734,6.73e-13,N,4.11254229444,2.58420492988
192,2,2.96279752357,2.96279752357,4.43e-13,N,4.11254229444,5.50196109223
192,3,6.09426782273,6.09426782273,3.01e-13,N,4.11254229444,9.58681971952
192,4,10.3611486198,10.3611486198,2.45e-13,N,4.11254229444,14.8387808118
192,5,15.7534799931,15.7534799931,2.31e-13,N,4.11254229444,21.2578443689
192,6,22.2526054692,22.2526054692,2.07e-13,N,4.11254229444,28.844010391
256,1,0.882385537155,0.882385537151,3.69e-12,N,4.40032203378,2.2888760035
256,2,2.61355934223,2.61355934222,2.24e-12,N,4.40032203378,4.83747100788
256,3,5.35284748418,5.35284748418,1.46e-12,N,4.40032203378,8.40550401401
256,4,9.08720383005,9.08720383004,1.03e-12,N,4.40032203378,12.9929750219
256,5,13.8095915288,13.8095915288,7.04e-13,N,4.40032203378,18.5998840315
256,6,19.5087660446,19.5087660446,5.66e-13,N,4.40032203378,25.2262310429
384,1,0.773781893721,0.773781893712,1.15e-11,N,4.80585688442,1.95929912166
384,2,2.22401180273,2.22401180271,6.66e-12,N,4.80585688442,4.09592302374
384,3,4.52418639069,4.52418639068,4e-12,N,4.80585688442,7.08719648665
384,4,7.66183450057,7.66183450055,2.55e-12,N,4.80585688442,10.9331195104
384,5,11.6320722725,11.6320722724,1.78e-12,N,4.80585688442,15.633692095
384,6,16.4287078529,16.4287078528,1.28e-12,N,4.80585688442,21.1889142404
512,1,0.712542793455,0.712542793453,2.09e-12,N,5.09356336292,1.77165539662
512,2,2.00243462064,2.00243462063,2.57e-12,N,5.09356336292,3.67372464239
512,3,4.05187449211,4.0518744921,2.24e-12,N,5.09356336292,6.33662158646
512,4,6.84863677106,6.84863677105,1.93e-12,N,5.09356336292,9.76034622885
512,5,10.3886505657,10.3886505657,1.68e-12,N,5.09356336292,13.9448985695
512,6,14.6675719743,14.6675719743,1.5e-12,N,5.09356336292,18.8902786085
768,1,0.642662456672,0.642662456664,1.17e-11,N,5.49904590269,1.55552456159
768,2,1.74755647014,1.74755647012,7.79e-12,N,5.49904590269,3.18743026358
768,3,3.50749648108,3.50749648106,5.74e-12,N,5.49904590269,5.47209824636
768,4,5.91056456807,5.91056456804,4.56e-12,N,5.49904590269,8.40952850993
768,5,8.95332657259,8.95332657256,3.72e-12,N,5.49904590269,11.9997210543
768,6,12.6329141181,12.632914118,2.98e-12,N,5.49904590269,16.2426758795
1024,1,0.602116746977,0.602116746989,2.14e-11,N,5.78673407599,1.42894266912
1024,2,1.59852697853,1.59852697855,1.45e-11,N,5.78673407599,2.90262100552
1024,3,3.18854551522,3.18854551526,1e-11,N,5.78673407599,4.96577067648
1024,4,5.36049794575,5.36049794579,7.81e-12,N,5.78673407599,7.618391682
1024,5,8.11119671109,8.11119671115,6.41e-12,N,5.78673407599,10.8604840221
1024,6,11.4383843567,11.4383843567,5.47e-12,N,5.78673407599,14.6920476967
1536,1,0.554702991337,0.554702991307,5.55e-11,N,6.19220354177,1.27960179208
1536,2,1.42303155941,1.42303155935,4.38e-11,N,6.19220354177,2.56660403218
1536,3,2.81220394095,2.81220394087,3e-11,N,6.19220354177,4.36840716833
1536,4,4.71095461608,4.71095461599,2.08e-11,N,6.19220354177,6.68501120051
1536,5,7.11628724726,7.11628724715,1.46e-11,N,6.19220354177,9.51641612873
1536,6,10.0264735903,10.0264735902,1.01e-11,N,6.19220354177,12.862621953
2048,1,0.526568500117,0.526568500235,2.24e-10,N,6.47988713939,1.1902099721
2048,2,1.31820480751,1.31820480777,1.91e-10,N,6.47988713939,2.36547243723
2048,3,2.58695253849,2.58695253887,1.45e-10,N,6.47988713939,4.01083988841
2048,4,4.32188492903,4.32188492952,1.14e-10,N,6.47988713939,6.12631232565
2048,5,6.5200775978,6.5200775984,9.2e-11,N,6.47988713939,8.71188974893
2048,6,9.18003504402,9.18003504472,7.59e-11,N,6.47988713939,11.7675721583
3072,1,0.493017811811,0.493017811843,6.55e-11,N,6.8853533369,1.08273587116
3072,2,1.19245430565,1.19245430572,5.33e-11,N,6.8853533369,2.12365571012
3072,3,2.31620736821,2.31620736829,3.64e-11,N,6.8853533369,3.58094348466
3072,4,3.8538868813,3.85388688138,2.22e-11,N,6.8853533369,5.45459919478
3072,5,5.8026240632,5.80262406327,1.31e-11,N,6.8853533369,7.74462284048
3072,6,8.16113199378,8.16113199385,8.85e-12,N,6.8853533369,10.4510144218
4096,1,0.47274570181,0.472745701703,2.27e-10,N,7.17303579064,1.01727975819
4096,2,1.11604981458,1.11604981437,1.91e-10,N,7.17303579064,1.97637945593
4096,3,2.15137947735,2.15137947705,1.4e-10,N,7.17303579064,3.31911903277
4096,4,3.56875799594,3.56875799556,1.07e-10,N,7.17303579064,5.0454984887
4096,5,5.36534018753,5.36534018706,8.75e-11,N,7.17303579064,7.15551782373
4096,6,7.53993239815,7.53993239758,7.59e-11,N,7.17303579064,9.64917703785
