m,h,p,bc,j,lambda,elements,dofs
7,0.1,8,N,0,0,18,633
7,0.1,8,N,1,44.888353604,18,633
7,0.1,8,N,2,142.555152617,18,633
7,0.1,8,N,3,201.470527713,18,633
7,0.1,8,N,4,323.360369555,18,633
7,0.1,8,N,5,454.601021601,18,633
7,0.1,8,N,6,573.324010519,18,633
7,0.1,8,N,7,663.978872447,18,633
7,0.1,8,N,8,805.755431043,18,633
7,0.1,8,N,9,900.078154978,18,633
7,0.1,8,N,10,1053.44734053,18,633
7,0.1,8,N,11,1240.31675923,18,633
7,0.1,8,D,0,373.206347195,18,521
7,0.1,8,D,1,675.205949082,18,521
7,0.1,8,D,2,999.942481139,18,521
7,0.1,8,D,3,1094.47300972,18,521
7,0.1,8,D,4,1432.33694438,18,521
7,0.1,8,D,5,1612.17707507,18,521
7,0.1,8,D,6,1917.59368181,18,521
7,0.1,8,D,7,2029.65321116,18,521
7,0.1,8,D,8,2234.22036861,18,521
7,0.1,8,D,9,2482.09947603,18,521
7,0.1,8,D,10,2683.72829514,18,521
7,0.1,8,D,11,2958.24295763,18,521
7,0.07,10,N,0,0,35,1856
7,0.07,10,N,1,44.888353604,35,1856
7,0.07,10,N,2,142.555152617,35,1856
7,0.07,10,N,3,201.470527713,35,1856
7,0.07,10,N,4,323.360369555,35,1856
7,0.07,10,N,5,454.601021601,35,1856
7,0.07,10,N,6,573.324010519,35,1856
7,0.07,10,N,7,663.978872445,35,1856
7,0.07,10,N,8,805.755431035,35,1856
7,0.07,10,N,9,900.078154971,35,1856
7,0.07,10,N,10,1053.44734051,35,1856
7,0.07,10,N,11,1240.31675911,35,1856
7,0.07,10,D,0,373.206347195,35,1646
7,0.07,10,D,1,675.205949081,35,1646
7,0.07,10,D,2,999.942481109,35,1646
7,0.07,10,D,3,1094.47300957,35,1646
7,0.07,10,D,4,1432.33694421,35,1646
7,0.07,10,D,5,1612.17707388,35,1646
7,0.07,10,D,6,1917.5936794,35,1646
7,0.07,10,D,7,2029.65320127,35,1646
7,0.07,10,D,8,2234.22035555,35,1646
7,0.07,10,D,9,2482.09946363,35,1646
7,0.07,10,D,10,2683.72820984,35,1646
7,0.07,10,D,11,2958.24251349,35,1646
8,0.1,8,N,0,0,28,969
8,0.1,8,N,1,23.0785584814,28,969
8,0.1,8,N,2,74.9267083977,28,969
8,0.1,8,N,3,116.602517755,28,969
8,0.1,8,N,4,169.204494001,28,969
8,0.1,8,N,5,256.692804801,28,969
8,0.1,8,N,6,306.680232814,28,969
8,0.1,8,N,7,387.143859049,28,969
8,0.1,8,N,8,442.848541629,28,969
8,0.1,8,N,9,500.662481225,28,969
8,0.1,8,N,10,590.728683157,28,969
8,0.1,8,N,11,667.586760623,28,969
8,0.1,8,D,0,222.371124207,28,825
8,0.1,8,D,1,394.577766446,28,825
8,0.1,8,D,2,583.472804371,28,825
8,0.1,8,D,3,647.703989141,28,825
8,0.1,8,D,4,821.13195785,28,825
8,0.1,8,D,5,948.125820334,28,825
8,0.1,8,D,6,1093.09806268,28,825
8,0.1,8,D,7,1203.83446898,28,825
8,0.1,8,D,8,1311.64023462,28,825
8,0.1,8,D,9,1406.13422693,28,825
8,0.1,8,D,10,1565.51829235,28,825
8,0.1,8,D,11,1719.42331198,28,825
8,0.07,10,N,0,0,54,2841
8,0.07,10,N,1,23.0785584814,54,2841
8,0.07,10,N,2,74.9267083977,54,2841
8,0.07,10,N,3,116.602517755,54,2841
8,0.07,10,N,4,169.204494001,54,2841
8,0.07,10,N,5,256.692804801,54,2841
8,0.07,10,N,6,306.680232814,54,2841
8,0.07,10,N,7,387.143859049,54,2841
8,0.07,10,N,8,442.848541629,54,2841
8,0.07,10,N,9,500.662481225,54,2841
8,0.07,10,N,10,590.728683157,54,2841
8,0.07,10,N,11,667.586760622,54,2841
8,0.07,10,D,0,222.371124207,54,2561
8,0.07,10,D,1,394.577766446,54,2561
8,0.07,10,D,2,583.472804371,54,2561
8,0.07,10,D,3,647.70398914,54,2561
8,0.07,10,D,4,821.131957844,54,2561
8,0.07,10,D,5,948.125820319,54,2561
8,0.07,10,D,6,1093.09806265,54,2561
8,0.07,10,D,7,1203.83446889,54,2561
8,0.07,10,D,8,1311.64023436,54,2561
8,0.07,10,D,9,1406.13422615,54,2561
8,0.07,10,D,10,1565.51829119,54,2561
8,0.07,10,D,11,1719.42330581,54,2561
10,0.1,8,N,0,0,37,1285
10,0.1,8,N,1,12.1362326992,37,1285
10,0.1,8,N,2,40.0096778714,37,1285
10,0.1,8,N,3,73.4883958744,37,1285
10,0.1,8,N,4,93.2411761379,37,1285
10,0.1,8,N,5,145.975614706,37,1285
10,0.1,8,N,6,184.171236542,37,1285
10,0.1,8,N,7,229.712824771,37,1285
10,0.1,8,N,8,264.835093456,37,1285
10,0.1,8,N,9,316.057650088,37,1285
10,0.1,8,N,10,336.154222695,37,1285
10,0.1,8,N,11,398.695799925,37,1285
10,0.1,8,D,0,148.713331461,37,1085
10,0.1,8,D,1,257.08691745,37,1085
10,0.1,8,D,2,375.490953444,37,1085
10,0.1,8,D,3,432.688159852,37,1085
10,0.1,8,D,4,517.997428324,37,1085
10,0.1,8,D,5,622.936146363,37,1085
10,0.1,8,D,6,683.639292066,37,1085
10,0.1,8,D,7,794.598275962,37,1085
10,0.1,8,D,8,849.292938379,37,1085
10,0.1,8,D,9,891.010162307,37,1085
10,0.1,8,D,10,1002.05692808,37,1085
10,0.1,8,D,11,1074.57163542,37,1085
10,0.07,10,N,0,0,83,4336
10,0.07,10,N,1,12.1362326992,83,4336
10,0.07,10,N,2,40.0096778714,83,4336
10,0.07,10,N,3,73.4883958744,83,4336
10,0.07,10,N,4,93.2411761379,83,4336
10,0.07,10,N,5,145.975614706,83,4336
10,0.07,10,N,6,184.171236542,83,4336
10,0.07,10,N,7,229.712824771,83,4336
10,0.07,10,N,8,264.835093456,83,4336
10,0.07,10,N,9,316.057650088,83,4336
10,0.07,10,N,10,336.154222695,83,4336
10,0.07,10,N,11,398.695799925,83,4336
10,0.07,10,D,0,148.713331461,83,3966
10,0.07,10,D,1,257.08691745,83,3966
10,0.07,10,D,2,375.490953444,83,3966
10,0.07,10,D,3,432.688159851,83,3966
10,0.07,10,D,4,517.997428324,83,3966
10,0.07,10,D,5,622.936146354,83,3966
10,0.07,10,D,6,683.639292033,83,3966
10,0.07,10,D,7,794.59827577,83,3966
10,0.07,10,D,8,849.29293797,83,3966
10,0.07,10,D,9,891.010161955,83,3966
10,0.07,10,D,10,1002.05692617,83,3966
10,0.07,10,D,11,1074.57163332,83,3966
12,0.1,8,N,0,0,54,1849
12,0.1,8,N,1,8.46775926086,54,1849
12,0.1,8,N,2,28.0486090785,54,1849
12,0.1,8,N,3,55.8039650376,54,1849
12,0.1,8,N,4,71.2429024414,54,1849
12,0.1,8,N,5,104.08015114,54,1849
12,0.1,8,N,6,145.027290383,54,1849
12,0.1,8,N,7,168.30538471,54,1849
12,0.1,8,N,8,211.695815022,54,1849
12,0.1,8,N,9,236.351349771,54,1849
12,0.1,8,N,10,269.922207029,54,1849
12,0.1,8,N,11,300.462785675,54,1849
12,0.1,8,D,0,125.315827995,54,1609
12,0.1,8,D,1,213.189794458,54,1609
12,0.1,8,D,2,307.971997539,54,1609
12,0.1,8,D,3,364.886389095,54,1609
12,0.1,8,D,4,420.047110577,54,1609
12,0.1,8,D,5,515.547931876,54,1609
12,0.1,8,D,6,554.614197536,54,1609
12,0.1,8,D,7,652.67312899,54,1609
12,0.1,8,D,8,693.901095346,54,1609
12,0.1,8,D,9,743.029898725,54,1609
12,0.1,8,D,10,804.762530362,54,1609
12,0.1,8,D,11,873.950141983,54,1609
12,0.07,10,N,0,0,108,5621
12,0.07,10,N,1,8.46775926086,108,5621
12,0.07,10,N,2,28.0486090785,108,5621
12,0.07,10,N,3,55.8039650376,108,5621
12,0.07,10,N,4,71.2429024414,108,5621
12,0.07,10,N,5,104.08015114,108,5621
12,0.07,10,N,6,145.027290383,108,5621
12,0.07,10,N,7,168.30538471,108,5621
12,0.07,10,N,8,211.695815022,108,5621
12,0.07,10,N,9,236.351349771,108,5621
12,0.07,10,N,10,269.922207029,108,5621
12,0.07,10,N,11,300.462785675,108,5621
12,0.07,10,D,0,125.315827995,108,5181
12,0.07,10,D,1,213.189794458,108,5181
12,0.07,10,D,2,307.971997539,108,5181
12,0.07,10,D,3,364.886389095,108,5181
12,0.07,10,D,4,420.047110577,108,5181
12,0.07,10,D,5,515.547931876,108,5181
12,0.07,10,D,6,554.614197535,108,5181
12,0.07,10,D,7,652.673128989,108,5181
12,0.07,10,D,8,693.901095344,108,5181
12,0.07,10,D,9,743.029898717,108,5181
12,0.07,10,D,10,804.762530357,108,5181
12,0.07,10,D,11,873.95014197,108,5181
16,0.1,8,N,0,0,63,2165
16,0.1,8,N,1,5.50844619629,63,2165
16,0.1,8,N,2,18.2783014282,63,2165
16,0.1,8,N,3,37.7260860976,63,2165
16,0.1,8,N,4,56.3628171125,63,2165
16,0.1,8,N,5,70.1758725245,63,2165
16,0.1,8,N,6,101.368998812,63,2165
16,0.1,8,N,7,128.953478296,63,2165
16,0.1,8,N,8,149.815096233,63,2165
16,0.1,8,N,9,182.760019333,63,2165
16,0.1,8,N,10,204.17507365,63,2165
16,0.1,8,N,11,229.61865019,63,2165
16,0.1,8,D,0,107.948918205,63,1869
16,0.1,8,D,1,180.430745168,63,1869
16,0.1,8,D,2,257.006684687,63,1869
16,0.1,8,D,3,314.174990725,63,1869
16,0.1,8,D,4,346.540669558,63,1869
16,0.1,8,D,5,427.767208893,63,1869
16,0.1,8,D,6,464.113200593,63,1869
16,0.1,8,D,7,532.403243757,63,1869
16,0.1,8,D,8,583.637727129,63,1869
16,0.1,8,D,9,635.516809449,63,1869
16,0.1,8,D,10,648.700723414,63,1869
16,0.1,8,D,11,724.749325824,63,1869
16,0.07,10,N,0,0,135,7016
16,0.07,10,N,1,5.50844619629,135,7016
16,0.07,10,N,2,18.2783014282,135,7016
16,0.07,10,N,3,37.7260860976,135,7016
16,0.07,10,N,4,56.3628171125,135,7016
16,0.07,10,N,5,70.1758725245,135,7016
16,0.07,10,N,6,101.368998812,135,7016
16,0.07,10,N,7,128.953478296,135,7016
16,0.07,10,N,8,149.815096233,135,7016
16,0.07,10,N,9,182.760019333,135,7016
16,0.07,10,N,10,204.17507365,135,7016
16,0.07,10,N,11,229.61865019,135,7016
16,0.07,10,D,0,107.948918205,135,6486
16,0.07,10,D,1,180.430745168,135,6486
16,0.07,10,D,2,257.006684687,135,6486
16,0.07,10,D,3,314.174990725,135,6486
16,0.07,10,D,4,346.540669558,135,6486
16,0.07,10,D,5,427.767208892,135,6486
16,0.07,10,D,6,464.113200592,135,6486
16,0.07,10,D,7,532.403243749,135,6486
16,0.07,10,D,8,583.637727117,135,6486
16,0.07,10,D,9,635.516809422,135,6486
16,0.07,10,D,10,648.700723368,135,6486
16,0.07,10,D,11,724.749325719,135,6486
24,0.1,8,N,0,0,76,2617
24,0.1,8,N,1,3.4998469479,76,2617
24,0.1,8,N,2,11.5698245252,76,2617
24,0.1,8,N,3,24.118238323,76,2617
24,0.1,8,N,4,40.4239257079,76,2617
24,0.1,8,N,5,53.2070623531,76,2617
24,0.1,8,N,6,66.2795269088,76,2617
24,0.1,8,N,7,90.6365010749,76,2617
24,0.1,8,N,8,114.215670313,76,2617
24,0.1,8,N,9,128.705567187,76,2617
24,0.1,8,N,10,156.359556097,76,2617
24,0.1,8,N,11,173.608760268,76,2617
24,0.1,8,D,0,97.9987371194,76,2249
24,0.1,8,D,1,161.538502648,76,2249
24,0.1,8,D,2,227.273216643,76,2249
24,0.1,8,D,3,283.912356647,76,2249
24,0.1,8,D,4,304.639892335,76,2249
24,0.1,8,D,5,371.929922542,76,2249
24,0.1,8,D,6,415.035918724,76,2249
24,0.1,8,D,7,457.492091384,76,2249
24,0.1,8,D,8,518.419583033,76,2249
24,0.1,8,D,9,550.734760161,76,2249
24,0.1,8,D,10,580.900575536,76,2249
24,0.1,8,D,11,623.978284794,76,2249
24,0.07,10,N,0,0,161,8376
24,0.07,10,N,1,3.4998469479,161,8376
24,0.07,10,N,2,11.5698245252,161,8376
24,0.07,10,N,3,24.118238323,161,8376
24,0.07,10,N,4,40.4239257079,161,8376
24,0.07,10,N,5,53.2070623531,161,8376
24,0.07,10,N,6,66.2795269088,161,8376
24,0.07,10,N,7,90.6365010749,161,8376
24,0.07,10,N,8,114.215670313,161,8376
24,0.07,10,N,9,128.705567187,161,8376
24,0.07,10,N,10,156.359556097,161,8376
24,0.07,10,N,11,173.608760268,161,8376
24,0.07,10,D,0,97.9987371194,161,7726
24,0.07,10,D,1,161.538502648,161,7726
24,0.07,10,D,2,227.273216643,161,7726
24,0.07,10,D,3,283.912356647,161,7726
24,0.07,10,D,4,304.639892335,161,7726
24,0.07,10,D,5,371.929922541,161,7726
24,0.07,10,D,6,415.035918723,161,7726
24,0.07,10,D,7,457.492091379,161,7726
24,0.07,10,D,8,518.419583025,161,7726
24,0.07,10,D,9,550.734760142,161,7726
24,0.07,10,D,10,580.900575496,161,7726
24,0.07,10,D,11,623.978284763,161,7726
32,0.1,8,N,0,0,87,2989
32,0.1,8,N,1,2.70532160863,87,2989
32,0.1,8,N,2,8.89159631346,87,2989
32,0.1,8,N,3,18.5581808308,87,2989
32,0.1,8,N,4,31.4912740762,87,2989
32,0.1,8,N,5,45.9955921552,87,2989
32,0.1,8,N,6,54.7885028933,87,2989
32,0.1,8,N,7,70.7122520243,87,2989
32,0.1,8,N,8,92.8870355726,87,2989
32,0.1,8,N,9,112.259674328,87,2989
32,0.1,8,N,10,125.986683211,87,2989
32,0.1,8,N,11,150.719163242,87,2989
32,0.1,8,D,0,94.8913027968,87,2581
32,0.1,8,D,1,155.610148059,87,2581
32,0.1,8,D,2,217.868079517,87,2581
32,0.1,8,D,3,273.801378394,87,2581
32,0.1,8,D,4,291.946817177,87,2581
32,0.1,8,D,5,353.583460875,87,2581
32,0.1,8,D,6,399.572182519,87,2581
32,0.1,8,D,7,433.441998055,87,2581
32,0.1,8,D,8,494.869647457,87,2581
32,0.1,8,D,9,523.290807113,87,2581
32,0.1,8,D,10,562.336306164,87,2581
32,0.1,8,D,11,587.295604366,87,2581
32,0.07,10,N,0,0,180,9371
32,0.07,10,N,1,2.70532160863,180,9371
32,0.07,10,N,2,8.89159631346,180,9371
32,0.07,10,N,3,18.5581808308,180,9371
32,0.07,10,N,4,31.4912740762,180,9371
32,0.07,10,N,5,45.9955921552,180,9371
32,0.07,10,N,6,54.7885028933,180,9371
32,0.07,10,N,7,70.7122520243,180,9371
32,0.07,10,N,8,92.8870355726,180,9371
32,0.07,10,N,9,112.259674328,180,9371
32,0.07,10,N,10,125.986683211,180,9371
32,0.07,10,N,11,150.719163242,180,9371
32,0.07,10,D,0,94.8913027968,180,8631
32,0.07,10,D,1,155.610148059,180,8631
32,0.07,10,D,2,217.868079517,180,8631
32,0.07,10,D,3,273.801378394,180,8631
32,0.07,10,D,4,291.946817177,180,8631
32,0.07,10,D,5,353.583460875,180,8631
32,0.07,10,D,6,399.572182519,180,8631
32,0.07,10,D,7,433.441998054,180,8631
32,0.07,10,D,8,494.869647456,180,8631
32,0.07,10,D,9,523.290807112,180,8631
32,0.07,10,D,10,562.336306162,180,8631
32,0.07,10,D,11,587.295604363,180,8631
48,0.1,8,N,0,0,92,3185
48,0.1,8,N,1,1.99811870862,92,3185
48,0.1,8,N,2,6.48838521269,92,3185
48,0.1,8,N,3,13.5299793207,92,3185
48,0.1,8,N,4,23.0573792352,92,3185
48,0.1,8,N,5,34.8332093509,92,3185
48,0.1,8,N,6,46.9097641105,92,3185
48,0.1,8,N,7,54.5969114747,92,3185
48,0.1,8,N,8,68.9063064174,92,3185
48,0.1,8,N,9,87.6296663658,92,3185
48,0.1,8,N,10,106.109751861,92,3185
48,0.1,8,N,11,117.471347958,92,3185
48,0.1,8,D,0,92.7755596405,92,2705
48,0.1,8,D,1,151.56380973,92,2705
48,0.1,8,D,2,211.422339865,92,2705
48,0.1,8,D,3,266.552955125,92,2705
48,0.1,8,D,4,283.562768354,92,2705
48,0.1,8,D,5,340.819994168,92,2705
48,0.1,8,D,6,388.701644774,92,2705
48,0.1,8,D,7,417.051368478,92,2705
48,0.1,8,D,8,476.822889494,92,2705
48,0.1,8,D,9,505.761836016,92,2705
48,0.1,8,D,10,549.724207421,92,2705
48,0.1,8,D,11,561.008482858,92,2705
48,0.07,10,N,0,0,179,9376
48,0.07,10,N,1,1.99811870862,179,9376
48,0.07,10,N,2,6.48838521269,179,9376
48,0.07,10,N,3,13.5299793207,179,9376
48,0.07,10,N,4,23.0573792352,179,9376
48,0.07,10,N,5,34.8332093509,179,9376
48,0.07,10,N,6,46.9097641105,179,9376
48,0.07,10,N,7,54.5969114747,179,9376
48,0.07,10,N,8,68.9063064174,179,9376
48,0.07,10,N,9,87.6296663658,179,9376
48,0.07,10,N,10,106.109751861,179,9376
48,0.07,10,N,11,117.471347958,179,9376
48,0.07,10,D,0,92.7755596405,179,8526
48,0.07,10,D,1,151.56380973,179,8526
48,0.07,10,D,2,211.422339865,179,8526
48,0.07,10,D,3,266.552955125,179,8526
48,0.07,10,D,4,283.562768354,179,8526
48,0.07,10,D,5,340.819994168,179,8526
48,0.07,10,D,6,388.701644773,179,8526
48,0.07,10,D,7,417.051368475,179,8526
48,0.07,10,D,8,476.822889483,179,8526
48,0.07,10,D,9,505.761836006,179,8526
48,0.07,10,D,10,549.724207418,179,8526
48,0.07,10,D,11,561.008482841,179,8526
64,0.1,8,N,0,0,101,3493
64,0.1,8,N,1,1.66426474068,101,3493
64,0.1,8,N,2,5.34398058818,101,3493
64,0.1,8,N,3,11.1243865137,101,3493
64,0.1,8,N,4,18.9691385295,101,3493
64,0.1,8,N,5,28.7873772677,101,3493
64,0.1,8,N,6,40.1378586575,101,3493
64,0.1,8,N,7,49.591082419,101,3493
64,0.1,8,N,8,57.911117718,101,3493
64,0.1,8,N,9,72.7008916771,101,3493
64,0.1,8,N,10,90.0664448267,101,3493
64,0.1,8,N,11,106.493589276,101,3493
64,0.1,8,D,0,92.0543771922,101,2973
64,0.1,8,D,1,150.182503325,101,2973
64,0.1,8,D,2,209.216440409,101,2973
64,0.1,8,D,3,263.995884897,101,2973
64,0.1,8,D,4,280.767872087,101,2973
64,0.1,8,D,5,336.41495408,101,2973
64,0.1,8,D,6,384.876682828,101,2973
64,0.1,8,D,7,411.499869218,101,2973
64,0.1,8,D,8,470.24198926,101,2973
64,0.1,8,D,9,500.011266208,101,2973
64,0.1,8,D,10,545.331773454,101,2973
64,0.1,8,D,11,551.911977444,101,2973
64,0.07,10,N,0,0,197,10316
64,0.07,10,N,1,1.66426474068,197,10316
64,0.07,10,N,2,5.34398058818,197,10316
64,0.07,10,N,3,11.1243865137,197,10316
64,0.07,10,N,4,18.9691385295,197,10316
64,0.07,10,N,5,28.7873772677,197,10316
64,0.07,10,N,6,40.1378586575,197,10316
64,0.07,10,N,7,49.591082419,197,10316
64,0.07,10,N,8,57.911117718,197,10316
64,0.07,10,N,9,72.7008916771,197,10316
64,0.07,10,N,10,90.0664448267,197,10316
64,0.07,10,N,11,106.493589276,197,10316
64,0.07,10,D,0,92.0543771922,197,9386
64,0.07,10,D,1,150.182503325,197,9386
64,0.07,10,D,2,209.216440409,197,9386
64,0.07,10,D,3,263.995884897,197,9386
64,0.07,10,D,4,280.767872087,197,9386
64,0.07,10,D,5,336.414954079,197,9386
64,0.07,10,D,6,384.876682827,197,9386
64,0.07,10,D,7,411.499869217,197,9386
64,0.07,10,D,8,470.241989257,197,9386
64,0.07,10,D,9,500.011266205,197,9386
64,0.07,10,D,10,545.331773451,197,9386
64,0.07,10,D,11,551.91197743,197,9386
96,0.1,8,N,0,0,107,3717
96,0.1,8,N,1,1.33233551583,107,3717
96,0.1,8,N,2,4.19620418323,107,3717
96,0.1,8,N,3,8.7044111429,107,3717
96,0.1,8,N,4,14.8360503568,107,3717
96,0.1,8,N,5,22.558227803,107,3717
96,0.1,8,N,6,31.7732292304,107,3717
96,0.1,8,N,7,41.9805874519,107,3717
96,0.1,8,N,8,50.0097313182,107,3717
96,0.1,8,N,9,58.044376538,107,3717
96,0.1,8,N,10,71.1980414902,107,3717
96,0.1,8,N,11,86.4302636688,107,3717
96,0.1,8,D,0,91.5451881365,107,3133
96,0.1,8,D,1,149.20656519,107,3133
96,0.1,8,D,2,207.656086879,107,3133
96,0.1,8,D,3,262.160916107,107,3133
96,0.1,8,D,4,278.816114103,107,3133
96,0.1,8,D,5,333.287160773,107,3133
96,0.1,8,D,6,382.12390573,107,3133
96,0.1,8,D,7,407.602570485,107,3133
96,0.1,8,D,8,465.464551306,107,3133
96,0.1,8,D,9,496.005568724,107,3133
96,0.1,8,D,10,541.985177435,107,3133
96,0.1,8,D,11,545.666531626,107,3133
96,0.07,10,N,0,0,193,10166
96,0.07,10,N,1,1.33233551583,193,10166
96,0.07,10,N,2,4.19620418323,193,10166
96,0.07,10,N,3,8.7044111429,193,10166
96,0.07,10,N,4,14.8360503568,193,10166
96,0.07,10,N,5,22.558227803,193,10166
96,0.07,10,N,6,31.7732292304,193,10166
96,0.07,10,N,7,41.9805874519,193,10166
96,0.07,10,N,8,50.0097313182,193,10166
96,0.07,10,N,9,58.044376538,193,10166
96,0.07,10,N,10,71.1980414902,193,10166
96,0.07,10,N,11,86.4302636688,193,10166
96,0.07,10,D,0,91.5451881365,193,9136
96,0.07,10,D,1,149.20656519,193,9136
96,0.07,10,D,2,207.656086879,193,9136
96,0.07,10,D,3,262.160916107,193,9136
96,0.07,10,D,4,278.816114103,193,9136
96,0.07,10,D,5,333.287160773,193,9136
96,0.07,10,D,6,382.123905729,193,9136
96,0.07,10,D,7,407.602570485,193,9136
96,0.07,10,D,8,465.464551303,193,9136
96,0.07,10,D,9,496.005568721,193,9136
96,0.07,10,D,10,541.985177427,193,9136
96,0.07,10,D,11,545.666531617,193,9136
128,0.1,8,N,0,0,117,4061
128,0.1,8,N,1,1.1615365591,117,4061
128,0.1,8,N,2,3.60006407245,117,4061
128,0.1,8,N,3,7.44428215445,117,4061
128,0.1,8,N,4,12.6776291392,117,4061
128,0.1,8,N,5,19.281391197,117,4061
128,0.1,8,N,6,27.2109252136,117,4061
128,0.1,8,N,7,36.3095805958,117,4061
128,0.1,8,N,8,45.5984038368,117,4061
128,0.1,8,N,9,52.064987229,117,4061
128,0.1,8,N,10,61.4143425142,117,4061
128,0.1,8,N,11,74.2816643541,117,4061
128,0.1,8,D,0,91.3681257392,117,3429
128,0.1,8,D,1,148.867064555,117,3429
128,0.1,8,D,2,207.112921818,117,3429
128,0.1,8,D,3,261.516877269,117,3429
128,0.1,8,D,4,278.141754135,117,3429
128,0.1,8,D,5,332.196009086,117,3429
128,0.1,8,D,6,381.154913249,117,3429
128,0.1,8,D,7,406.252916716,117,3429
128,0.1,8,D,8,463.778275965,117,3429
128,0.1,8,D,9,494.621249577,117,3429
128,0.1,8,D,10,540.632234183,117,3429
128,0.1,8,D,11,543.671045339,117,3429
128,0.07,10,N,0,0,199,10506
128,0.07,10,N,1,1.1615365591,199,10506
128,0.07,10,N,2,3.60006407245,199,10506
128,0.07,10,N,3,7.44428215445,199,10506
128,0.07,10,N,4,12.6776291392,199,10506
128,0.07,10,N,5,19.281391197,199,10506
128,0.07,10,N,6,27.2109252136,199,10506
128,0.07,10,N,7,36.3095805958,199,10506
128,0.07,10,N,8,45.5984038368,199,10506
128,0.07,10,N,9,52.064987229,199,10506
128,0.07,10,N,10,61.4143425142,199,10506
128,0.07,10,N,11,74.2816643541,199,10506
128,0.07,10,D,0,91.3681257392,199,9396
128,0.07,10,D,1,148.867064555,199,9396
128,0.07,10,D,2,207.112921818,199,9396
128,0.07,10,D,3,261.516877269,199,9396
128,0.07,10,D,4,278.141754135,199,9396
128,0.07,10,D,5,332.196009086,199,9396
128,0.07,10,D,6,381.154913249,199,9396
128,0.07,10,D,7,406.252916715,199,9396
128,0.07,10,D,8,463.778275963,199,9396
128,0.07,10,D,9,494.621249576,199,9396
128,0.07,10,D,10,540.63223418,199,9396
128,0.07,10,D,11,543.671045336,199,9396
192,0.1,8,N,0,0,124,4313
192,0.1,8,N,1,0.980614092734,124,4313
192,0.1,8,N,2,2.96279752357,124,4313
192,0.1,8,N,3,6.09426782273,124,4313
192,0.1,8,N,4,10.3611486198,124,4313
192,0.1,8,N,5,15.7534799931,124,4313
192,0.1,8,N,6,22.2526054692,124,4313
192,0.1,8,N,7,29.8112615426,124,4313
192,0.1,8,N,8,38.2569985499,124,4313
192,0.1,8,N,9,46.5394582098,124,4313
192,0.1,8,N,10,52.4778161744,124,4313
192,0.1,8,N,11,61.2984645977,124,4313
192,0.1,8,D,0,91.2420159783,124,3625
192,0.1,8,D,1,148.625218101,124,3625
192,0.1,8,D,2,206.725876631,124,3625
192,0.1,8,D,3,261.056259184,124,3625
192,0.1,8,D,4,277.662838532,124,3625
192,0.1,8,D,5,331.417731403,124,3625
192,0.1,8,D,6,380.4607336,124,3625
192,0.1,8,D,7,405.293653101,124,3625
192,0.1,8,D,8,462.569480588,124,3625
192,0.1,8,D,9,493.637573974,124,3625
192,0.1,8,D,10,539.533618089,124,3625
192,0.1,8,D,11,542.380791472,124,3625
192,0.07,10,N,0,0,200,10601
192,0.07,10,N,1,0.980614092734,200,10601
192,0.07,10,N,2,2.96279752357,200,10601
192,0.07,10,N,3,6.09426782273,200,10601
192,0.07,10,N,4,10.3611486198,200,10601
192,0.07,10,N,5,15.7534799931,200,10601
192,0.07,10,N,6,22.2526054692,200,10601
192,0.07,10,N,7,29.8112615426,200,10601
192,0.07,10,N,8,38.2569985499,200,10601
192,0.07,10,N,9,46.5394582098,200,10601
192,0.07,10,N,10,52.4778161744,200,10601
192,0.07,10,N,11,61.2984645977,200,10601
192,0.07,10,D,0,91.2420159783,200,9401
192,0.07,10,D,1,148.625218101,200,9401
192,0.07,10,D,2,206.725876631,200,9401
192,0.07,10,D,3,261.056259184,200,9401
192,0.07,10,D,4,277.662838532,200,9401
192,0.07,10,D,5,331.417731403,200,9401
192,0.07,10,D,6,380.4607336,200,9401
192,0.07,10,D,7,405.2936531,200,9401
192,0.07,10,D,8,462.569480585,200,9401
192,0.07,10,D,9,493.637573971,200,9401
192,0.07,10,D,10,539.533618084,200,9401
192,0.07,10,D,11,542.380791467,200,9401
256,0.1,8,N,0,0,119,4173
256,0.1,8,N,1,0.882385537151,119,4173
256,0.1,8,N,2,2.61355934222,119,4173
256,0.1,8,N,3,5.35284748418,119,4173
256,0.1,8,N,4,9.08720383004,119,4173
256,0.1,8,N,5,13.8095915288,119,4173
256,0.1,8,N,6,19.5087660446,119,4173
256,0.1,8,N,7,26.1602917342,119,4173
256,0.1,8,N,8,33.694902457,119,4173
256,0.1,8,N,9,41.8143846852,119,4173
256,0.1,8,N,10,48.8340219476,119,4173
256,0.1,8,N,11,54.818798092,119,4173
256,0.1,8,D,0,91.1979488595,119,3445
256,0.1,8,D,1,148.540700129,119,3445
256,0.1,8,D,2,206.590593088,119,3445
256,0.1,8,D,3,260.894925255,119,3445
256,0.1,8,D,4,277.495762399,119,3445
256,0.1,8,D,5,331.145552375,119,3445
256,0.1,8,D,6,380.217343193,119,3445
256,0.1,8,D,7,404.958868863,119,3445
256,0.1,8,D,8,462.145569028,119,3445
256,0.1,8,D,9,493.294252768,119,3445
256,0.1,8,D,10,539.116547646,119,3445
256,0.1,8,D,11,541.962328966,119,3445
256,0.07,10,N,0,0,189,10076
256,0.07,10,N,1,0.882385537155,189,10076
256,0.07,10,N,2,2.61355934223,189,10076
256,0.07,10,N,3,5.35284748418,189,10076
256,0.07,10,N,4,9.08720383005,189,10076
256,0.07,10,N,5,13.8095915288,189,10076
256,0.07,10,N,6,19.5087660446,189,10076
256,0.07,10,N,7,26.1602917342,189,10076
256,0.07,10,N,8,33.694902457,189,10076
256,0.07,10,N,9,41.8143846853,189,10076
256,0.07,10,N,10,48.8340219476,189,10076
256,0.07,10,N,11,54.8187980921,189,10076
256,0.07,10,D,0,91.1979488595,189,8826
256,0.07,10,D,1,148.540700129,189,8826
256,0.07,10,D,2,206.590593088,189,8826
256,0.07,10,D,3,260.894925255,189,8826
256,0.07,10,D,4,277.495762399,189,8826
256,0.07,10,D,5,331.145552374,189,8826
256,0.07,10,D,6,380.217343192,189,8826
256,0.07,10,D,7,404.958868861,189,8826
256,0.07,10,D,8,462.14556902,189,8826
256,0.07,10,D,9,493.294252761,189,8826
256,0.07,10,D,10,539.116547628,189,8826
256,0.07,10,D,11,541.96232895,189,8826
384,0.1,8,N,0,0,120,4225
384,0.1,8,N,1,0.773781893712,120,4225
384,0.1,8,N,2,2.22401180271,120,4225
384,0.1,8,N,3,4.52418639068,120,4225
384,0.1,8,N,4,7.66183450055,120,4225
384,0.1,8,N,5,11.6320722724,120,4225
384,0.1,8,N,6,16.4287078528,120,4225
384,0.1,8,N,7,22.0403345636,120,4225
384,0.1,8,N,8,28.4412998765,120,4225
384,0.1,8,N,9,35.556766682,120,4225
384,0.1,8,N,10,43.058198105,120,4225
384,0.1,8,N,11,49.3460953928,120,4225
384,0.1,8,D,0,91.1664949354,120,3457
384,0.1,8,D,1,148.480370788,120,3457
384,0.1,8,D,2,206.494019705,120,3457
384,0.1,8,D,3,260.779649168,120,3457
384,0.1,8,D,4,277.376594897,120,3457
384,0.1,8,D,5,330.951207736,120,3457
384,0.1,8,D,6,380.043352401,120,3457
384,0.1,8,D,7,404.720044788,120,3457
384,0.1,8,D,8,461.842513507,120,3457
384,0.1,8,D,9,493.049321616,120,3457
384,0.1,8,D,10,538.807953218,120,3457
384,0.1,8,D,11,541.674297653,120,3457
384,0.07,10,N,0,0,189,10106
384,0.07,10,N,1,0.773781893721,189,10106
384,0.07,10,N,2,2.22401180273,189,10106
384,0.07,10,N,3,4.52418639069,189,10106
384,0.07,10,N,4,7.66183450057,189,10106
384,0.07,10,N,5,11.6320722725,189,10106
384,0.07,10,N,6,16.4287078529,189,10106
384,0.07,10,N,7,22.0403345636,189,10106
384,0.07,10,N,8,28.4412998766,189,10106
384,0.07,10,N,9,35.5567666821,189,10106
384,0.07,10,N,10,43.0581981051,189,10106
384,0.07,10,N,11,49.3460953928,189,10106
384,0.07,10,D,0,91.1664949354,189,8796
384,0.07,10,D,1,148.480370788,189,8796
384,0.07,10,D,2,206.494019705,189,8796
384,0.07,10,D,3,260.779649167,189,8796
384,0.07,10,D,4,277.376594895,189,8796
384,0.07,10,D,5,330.951207735,189,8796
384,0.07,10,D,6,380.043352393,189,8796
384,0.07,10,D,7,404.720044782,189,8796
384,0.07,10,D,8,461.842513488,189,8796
384,0.07,10,D,9,493.049321532,189,8796
384,0.07,10,D,10,538.807952811,189,8796
384,0.07,10,D,11,541.674297388,189,8796
512,0.1,8,N,0,0,120,4249
512,0.1,8,N,1,0.712542793453,120,4249
512,0.1,8,N,2,2.00243462063,120,4249
512,0.1,8,N,3,4.0518744921,120,4249
512,0.1,8,N,4,6.84863677105,120,4249
512,0.1,8,N,5,10.3886505657,120,4249
512,0.1,8,N,6,14.6675719743,120,4249
512,0.1,8,N,7,19.678163346,120,4249
512,0.1,8,N,8,25.4059162697,120,4249
512,0.1,8,N,9,31.8154126418,120,4249
512,0.1,8,N,10,38.790236767,120,4249
512,0.1,8,N,11,45.7527041785,120,4249
512,0.1,8,D,0,91.1554905055,120,3433
512,0.1,8,D,1,148.459263512,120,3433
512,0.1,8,D,2,206.460230372,120,3433
512,0.1,8,D,3,260.739295123,120,3433
512,0.1,8,D,4,277.334920232,120,3433
512,0.1,8,D,5,330.883200666,120,3433
512,0.1,8,D,6,379.982427554,120,3433
512,0.1,8,D,7,404.636517199,120,3433
512,0.1,8,D,8,461.736392869,120,3433
512,0.1,8,D,9,492.963653904,120,3433
512,0.1,8,D,10,538.697871313,120,3433
512,0.1,8,D,11,541.575597023,120,3433
512,0.07,10,N,0,0,194,10401
512,0.07,10,N,1,0.712542793455,194,10401
512,0.07,10,N,2,2.00243462064,194,10401
512,0.07,10,N,3,4.05187449211,194,10401
512,0.07,10,N,4,6.84863677106,194,10401
512,0.07,10,N,5,10.3886505657,194,10401
512,0.07,10,N,6,14.6675719743,194,10401
512,0.07,10,N,7,19.678163346,194,10401
512,0.07,10,N,8,25.4059162697,194,10401
512,0.07,10,N,9,31.8154126419,194,10401
512,0.07,10,N,10,38.790236767,194,10401
512,0.07,10,N,11,45.7527041785,194,10401
512,0.07,10,D,0,91.1554905055,194,9001
512,0.07,10,D,1,148.459263512,194,9001
512,0.07,10,D,2,206.460230372,194,9001
512,0.07,10,D,3,260.739295121,194,9001
512,0.07,10,D,4,277.334920229,194,9001
512,0.07,10,D,5,330.883200662,194,9001
512,0.07,10,D,6,379.982427543,194,9001
512,0.07,10,D,7,404.636517187,194,9001
512,0.07,10,D,8,461.736392806,194,9001
512,0.07,10,D,9,492.963653606,194,9001
512,0.07,10,D,10,538.697870558,194,9001
512,0.07,10,D,11,541.575596541,194,9001
768,0.1,8,N,0,0,126,4465
768,0.1,8,N,1,0.642662456664,126,4465
768,0.1,8,N,2,1.74755647012,126,4465
768,0.1,8,N,3,3.50749648106,126,4465
768,0.1,8,N,4,5.91056456804,126,4465
768,0.1,8,N,5,8.95332657256,126,4465
768,0.1,8,N,6,12.632914118,126,4465
768,0.1,8,N,7,16.9451548264,126,4465
768,0.1,8,N,8,21.8826680769,126,4465
768,0.1,8,N,9,27.4303066563,126,4465
768,0.1,8,N,10,33.5502701243,126,4465
768,0.1,8,N,11,40.1155160424,126,4465
768,0.1,8,D,0,91.1476316083,126,3601
768,0.1,8,D,1,148.444189423,126,3601
768,0.1,8,D,2,206.436098736,126,3601
768,0.1,8,D,3,260.710468447,126,3601
768,0.1,8,D,4,277.305163389,126,3601
768,0.1,8,D,5,330.834628485,126,3601
768,0.1,8,D,6,379.938900822,126,3601
768,0.1,8,D,7,404.576874007,126,3601
768,0.1,8,D,8,461.660576166,126,3601
768,0.1,8,D,9,492.902480728,126,3601
768,0.1,8,D,10,538.61859242,126,3601
768,0.1,8,D,11,541.505756135,126,3601
768,0.07,10,N,0,0,196,10531
768,0.07,10,N,1,0.642662456672,196,10531
768,0.07,10,N,2,1.74755647014,196,10531
768,0.07,10,N,3,3.50749648108,196,10531
768,0.07,10,N,4,5.91056456807,196,10531
768,0.07,10,N,5,8.95332657259,196,10531
768,0.07,10,N,6,12.6329141181,196,10531
768,0.07,10,N,7,16.9451548265,196,10531
768,0.07,10,N,8,21.882668077,196,10531
768,0.07,10,N,9,27.4303066564,196,10531
768,0.07,10,N,10,33.5502701244,196,10531
768,0.07,10,N,11,40.1155160425,196,10531
768,0.07,10,D,0,91.1476316083,196,9071
768,0.07,10,D,1,148.444189423,196,9071
768,0.07,10,D,2,206.436098735,196,9071
768,0.07,10,D,3,260.710468445,196,9071
768,0.07,10,D,4,277.305163388,196,9071
768,0.07,10,D,5,330.834628477,196,9071
768,0.07,10,D,6,379.938900806,196,9071
768,0.07,10,D,7,404.576873984,196,9071
768,0.07,10,D,8,461.660576097,196,9071
768,0.07,10,D,9,492.902480514,196,9071
768,0.07,10,D,10,538.618592302,196,9071
768,0.07,10,D,11,541.505755505,196,9071
1024,0.1,8,N,0,0,129,4573
1024,0.1,8,N,1,0.602116746989,129,4573
1024,0.1,8,N,2,1.59852697855,129,4573
1024,0.1,8,N,3,3.18854551526,129,4573
1024,0.1,8,N,4,5.36049794579,129,4573
1024,0.1,8,N,5,8.11119671115,129,4573
1024,0.1,8,N,6,11.4383843567,129,4573
1024,0.1,8,N,7,15.3390854682,129,4573
1024,0.1,8,N,8,19.8084119286,129,4573
1024,0.1,8,N,9,24.8371957061,129,4573
1024,0.1,8,N,10,30.4053985929,129,4573
1024,0.1,8,N,11,36.4584025062,129,4573
1024,0.1,8,D,0,91.1448812719,129,3685
1024,0.1,8,D,1,148.438913991,129,3685
1024,0.1,8,D,2,206.427653373,129,3685
1024,0.1,8,D,3,260.700378654,129,3685
1024,0.1,8,D,4,277.294750643,129,3685
1024,0.1,8,D,5,330.817629091,129,3685
1024,0.1,8,D,6,379.92366563,129,3685
1024,0.1,8,D,7,404.556003843,129,3685
1024,0.1,8,D,8,461.634039927,129,3685
1024,0.1,8,D,9,492.881087545,129,3685
1024,0.1,8,D,10,538.590719142,129,3685
1024,0.1,8,D,11,541.48146774,129,3685
1024,0.07,10,N,0,0,189,10206
1024,0.07,10,N,1,0.602116746977,189,10206
1024,0.07,10,N,2,1.59852697853,189,10206
1024,0.07,10,N,3,3.18854551522,189,10206
1024,0.07,10,N,4,5.36049794575,189,10206
1024,0.07,10,N,5,8.11119671109,189,10206
1024,0.07,10,N,6,11.4383843567,189,10206
1024,0.07,10,N,7,15.3390854681,189,10206
1024,0.07,10,N,8,19.8084119285,189,10206
1024,0.07,10,N,9,24.837195706,189,10206
1024,0.07,10,N,10,30.4053985928,189,10206
1024,0.07,10,N,11,36.4584025061,189,10206
1024,0.07,10,D,0,91.1448812718,189,8696
1024,0.07,10,D,1,148.438913991,189,8696
1024,0.07,10,D,2,206.427653371,189,8696
1024,0.07,10,D,3,260.700378645,189,8696
1024,0.07,10,D,4,277.294750615,189,8696
1024,0.07,10,D,5,330.817629058,189,8696
1024,0.07,10,D,6,379.923664672,189,8696
1024,0.07,10,D,7,404.55600268,189,8696
1024,0.07,10,D,8,461.634037059,189,8696
1024,0.07,10,D,9,492.88107352,189,8696
1024,0.07,10,D,10,538.590718412,189,8696
1024,0.07,10,D,11,541.48143991,189,8696
1536,0.1,8,N,0,0,139,4917
1536,0.1,8,N,1,0.554702991307,139,4917
1536,0.1,8,N,2,1.42303155935,139,4917
1536,0.1,8,N,3,2.81220394087,139,4917
1536,0.1,8,N,4,4.71095461599,139,4917
1536,0.1,8,N,5,7.11628724715,139,4917
1536,0.1,8,N,6,10.0264735902,139,4917
1536,0.1,8,N,7,13.4395454208,139,4917
1536,0.1,8,N,8,17.352561528,139,4917
1536,0.1,8,N,9,21.7605283631,139,4917
1536,0.1,8,N,10,26.6539136162,139,4917
1536,0.1,8,N,11,32.0115174576,139,4917
1536,0.1,8,D,0,91.1429168339,139,3981
1536,0.1,8,D,1,148.435145984,139,3981
1536,0.1,8,D,2,206.421621197,139,3981
1536,0.1,8,D,3,260.693171504,139,3981
1536,0.1,8,D,4,277.287313601,139,3981
1536,0.1,8,D,5,330.805486948,139,3981
1536,0.1,8,D,6,379.912781239,139,3981
1536,0.1,8,D,7,404.541096,139,3981
1536,0.1,8,D,8,461.615080308,139,3981
1536,0.1,8,D,9,492.865784673,139,3981
1536,0.1,8,D,10,538.570769184,139,3981
1536,0.1,8,D,11,541.464113876,139,3981
1536,0.07,10,N,0,0,187,10136
1536,0.07,10,N,1,0.554702991337,187,10136
1536,0.07,10,N,2,1.42303155941,187,10136
1536,0.07,10,N,3,2.81220394095,187,10136
1536,0.07,10,N,4,4.71095461608,187,10136
1536,0.07,10,N,5,7.11628724726,187,10136
1536,0.07,10,N,6,10.0264735903,187,10136
1536,0.07,10,N,7,13.4395454209,187,10136
1536,0.07,10,N,8,17.352561528,187,10136
1536,0.07,10,N,9,21.7605283632,187,10136
1536,0.07,10,N,10,26.6539136163,187,10136
1536,0.07,10,N,11,32.0115174576,187,10136
1536,0.07,10,D,0,91.1429168339,187,8566
1536,0.07,10,D,1,148.435145983,187,8566
1536,0.07,10,D,2,206.421621193,187,8566
1536,0.07,10,D,3,260.693171496,187,8566
1536,0.07,10,D,4,277.287313593,187,8566
1536,0.07,10,D,5,330.805486884,187,8566
1536,0.07,10,D,6,379.912781155,187,8566
1536,0.07,10,D,7,404.541095819,187,8566
1536,0.07,10,D,8,461.615079592,187,8566
1536,0.07,10,D,9,492.865783947,187,8566
1536,0.07,10,D,10,538.570768547,187,8566
1536,0.07,10,D,11,541.464112289,187,8566
2048,0.1,8,N,0,0,146,5161
2048,0.1,8,N,1,0.526568500235,146,5161
2048,0.1,8,N,2,1.31820480777,146,5161
2048,0.1,8,N,3,2.58695253887,146,5161
2048,0.1,8,N,4,4.32188492952,146,5161
2048,0.1,8,N,5,6.5200775984,146,5161
2048,0.1,8,N,6,9.18003504472,146,5161
2048,0.1,8,N,7,12.3002284652,146,5161
2048,0.1,8,N,8,15.8785174353,146,5161
2048,0.1,8,N,9,19.9114747,146,5161
2048,0.1,8,N,10,24.3930165871,146,5161
2048,0.1,8,N,11,29.3109341709,146,5161
2048,0.1,8,D,0,91.1422292979,146,4185
2048,0.1,8,D,1,148.433827213,146,4185
2048,0.1,8,D,2,206.419509983,146,4185
2048,0.1,8,D,3,260.690648979,146,4185
2048,0.1,8,D,4,277.284710781,146,4185
2048,0.1,8,D,5,330.801237278,146,4185
2048,0.1,8,D,6,379.908972043,146,4185
2048,0.1,8,D,7,404.535878906,146,4185
2048,0.1,8,D,8,461.608444869,146,4185
2048,0.1,8,D,9,492.860435673,146,4185
2048,0.1,8,D,10,538.563779532,146,4185
2048,0.1,8,D,11,541.458058666,146,4185
2048,0.07,10,N,0,0,202,10921
2048,0.07,10,N,1,0.526568500117,202,10921
2048,0.07,10,N,2,1.31820480751,202,10921
2048,0.07,10,N,3,2.58695253849,202,10921
2048,0.07,10,N,4,4.32188492903,202,10921
2048,0.07,10,N,5,6.5200775978,202,10921
2048,0.07,10,N,6,9.18003504402,202,10921
2048,0.07,10,N,7,12.3002284644,202,10921
2048,0.07,10,N,8,15.8785174344,202,10921
2048,0.07,10,N,9,19.911474699,202,10921
2048,0.07,10,N,10,24.393016586,202,10921
2048,0.07,10,N,11,29.3109341698,202,10921
2048,0.07,10,D,0,91.1422292979,202,9281
2048,0.07,10,D,1,148.433827212,202,9281
2048,0.07,10,D,2,206.419509975,202,9281
2048,0.07,10,D,3,260.690648966,202,9281
2048,0.07,10,D,4,277.284710768,202,9281
2048,0.07,10,D,5,330.801237176,202,9281
2048,0.07,10,D,6,379.908971812,202,9281
2048,0.07,10,D,7,404.535878656,202,9281
2048,0.07,10,D,8,461.608444279,202,9281
2048,0.07,10,D,9,492.860432821,202,9281
2048,0.07,10,D,10,538.56377825,202,9281
2048,0.07,10,D,11,541.458055608,202,9281
3072,0.1,8,N,0,0,147,5205
3072,0.1,8,N,1,0.493017811843,147,5205
3072,0.1,8,N,2,1.19245430572,147,5205
3072,0.1,8,N,3,2.31620736829,147,5205
3072,0.1,8,N,4,3.85388688138,147,5205
3072,0.1,8,N,5,5.80262406327,147,5205
3072,0.1,8,N,6,8.16113199385,147,5205
3072,0.1,8,N,7,10.9282821464,147,5205
3072,0.1,8,N,8,14.1026357905,147,5205
3072,0.1,8,N,9,17.6820514434,147,5205
3072,0.1,8,N,10,21.6630264227,147,5205
3072,0.1,8,N,11,26.0392562582,147,5205
3072,0.1,8,D,0,91.1417382064,147,4205
3072,0.1,8,D,1,148.432885243,147,4205
3072,0.1,8,D,2,206.418001981,147,4205
3072,0.1,8,D,3,260.688847156,147,4205
3072,0.1,8,D,4,277.28285166,147,4205
3072,0.1,8,D,5,330.798201765,147,4205
3072,0.1,8,D,6,379.906251038,147,4205
3072,0.1,8,D,7,404.532152447,147,4205
3072,0.1,8,D,8,461.603705554,147,4205
3072,0.1,8,D,9,492.856614583,147,4205
3072,0.1,8,D,10,538.558783112,147,4205
3072,0.1,8,D,11,541.453739334,147,4205
3072,0.07,10,N,0,0,204,11041
3072,0.07,10,N,1,0.493017811811,204,11041
3072,0.07,10,N,2,1.19245430565,204,11041
3072,0.07,10,N,3,2.31620736821,204,11041
3072,0.07,10,N,4,3.8538868813,204,11041
3072,0.07,10,N,5,5.8026240632,204,11041
3072,0.07,10,N,6,8.16113199378,204,11041
3072,0.07,10,N,7,10.9282821464,204,11041
3072,0.07,10,N,8,14.1026357904,204,11041
3072,0.07,10,N,9,17.6820514433,204,11041
3072,0.07,10,N,10,21.6630264227,204,11041
3072,0.07,10,N,11,26.0392562581,204,11041
3072,0.07,10,D,0,91.1417382063,204,9361
3072,0.07,10,D,1,148.432885242,204,9361
3072,0.07,10,D,2,206.418001977,204,9361
3072,0.07,10,D,3,260.688847149,204,9361
3072,0.07,10,D,4,277.28285165,204,9361
3072,0.07,10,D,5,330.798201687,204,9361
3072,0.07,10,D,6,379.906250818,204,9361
3072,0.07,10,D,7,404.532152187,204,9361
3072,0.07,10,D,8,461.603704707,204,9361
3072,0.07,10,D,9,492.856610659,204,9361
3072,0.07,10,D,10,538.558782694,204,9361
3072,0.07,10,D,11,541.453731939,204,9361
4096,0.1,8,N,0,0,145,5149
4096,0.1,8,N,1,0.472745701703,145,5149
4096,0.1,8,N,2,1.11604981437,145,5149
4096,0.1,8,N,3,2.15137947705,145,5149
4096,0.1,8,N,4,3.56875799556,145,5149
4096,0.1,8,N,5,5.36534018706,145,5149
4096,0.1,8,N,6,7.53993239758,145,5149
4096,0.1,8,N,7,10.0915924867,145,5149
4096,0.1,8,N,8,13.0191997386,145,5149
4096,0.1,8,N,9,16.3211646923,145,5149
4096,0.1,8,N,10,19.9950101313,145,5149
4096,0.1,8,N,11,24.0365372361,145,5149
4096,0.1,8,D,0,91.1415663254,145,4133
4096,0.1,8,D,1,148.432555556,145,4133
4096,0.1,8,D,2,206.417474186,145,4133
4096,0.1,8,D,3,260.688216525,145,4133
4096,0.1,8,D,4,277.282201012,145,4133
4096,0.1,8,D,5,330.797139359,145,4133
4096,0.1,8,D,6,379.905299384,145,4133
4096,0.1,8,D,7,404.530849431,145,4133
4096,0.1,8,D,8,461.602048387,145,4133
4096,0.1,8,D,9,492.855285834,145,4133
4096,0.1,8,D,10,538.557035545,145,4133
4096,0.1,8,D,11,541.452246181,145,4133
4096,0.07,10,N,0,0,199,10806
4096,0.07,10,N,1,0.47274570181,199,10806
4096,0.07,10,N,2,1.11604981458,199,10806
4096,0.07,10,N,3,2.15137947735,199,10806
4096,0.07,10,N,4,3.56875799594,199,10806
4096,0.07,10,N,5,5.36534018753,199,10806
4096,0.07,10,N,6,7.53993239815,199,10806
4096,0.07,10,N,7,10.0915924874,199,10806
4096,0.07,10,N,8,13.0191997394,199,10806
4096,0.07,10,N,9,16.3211646933,199,10806
4096,0.07,10,N,10,19.9950101324,199,10806
4096,0.07,10,N,11,24.0365372375,199,10806
4096,0.07,10,D,0,91.1415663254,199,9096
4096,0.07,10,D,1,148.432555555,199,9096
4096,0.07,10,D,2,206.41747418,199,9096
4096,0.07,10,D,3,260.688216511,199,9096
4096,0.07,10,D,4,277.282200966,199,9096
4096,0.07,10,D,5,330.797139269,199,9096
4096,0.07,10,D,6,379.905298463,199,9096
4096,0.07,10,D,7,404.530847938,199,9096
4096,0.07,10,D,8,461.602045844,199,9096
4096,0.07,10,D,9,492.855272915,199,9096
4096,0.07,10,D,10,538.55703376,199,9096
4096,0.07,10,D,11,541.452219152,199,9096
