t,gap_2-6-12,gap_3-3-12,gap_3-4-6,gap_4-4-4,gap_2-2-2-4,hyp_bound,err_N21,err_N100,nearest_gap
0.001,0.16412961,0.0020123997,0.41453696,0.49752558,0.74715152,3.6126402e-545,132.06907,128.00569,0.0020123997
0.00112202,0.16382974,0.0022486767,0.4142802,0.4972271,0.74680751,4.649078e-485,117.75892,113.70143,0.0022486767
0.00125893,0.16349567,0.0025115024,0.41399289,0.49689306,0.74642244,1.7272084e-431,105.00473,100.95386,0.0025115024
0.00141254,0.1631238,0.0028035713,0.41367151,0.49651936,0.74599152,9.5264535e-384,93.637284,89.340473,0.0028035713
0.00158489,0.16271022,0.003127783,0.41331214,0.49610143,0.74550944,3.3570664e-341,83.505726,77.92252,0.003127783
0.00177828,0.1622507,0.003487241,0.41291046,0.49563421,0.74497029,2.7754649e-303,74.475622,66.828879,0.003487241
0.00199526,0.16174069,0.003885247,0.41246168,0.4951121,0.74436758,1.716054e-269,66.42715,56.300801,0.003885247
0.00223872,0.16117531,0.0043252896,0.41196052,0.49452893,0.74369407,2.2298e-239,59.253512,46.387529,0.0043252896
0.00251189,0.16054937,0.0048110254,0.41140117,0.49387791,0.74294181,1.5291967e-212,52.859521,37.35423,0.0048110254
0.00281838,0.15985734,0.0053462522,0.41077726,0.49315155,0.74210202,1.2576362e-188,47.160334,29.299097,0.0053462522
0.00316228,0.15909345,0.0059348717,0.41008179,0.49234166,0.74116506,2.5775758e-167,42.080329,22.30458,0.0059348717
0.00354813,0.15825163,0.0065808417,0.40930713,0.49143926,0.74012035,2.5267194e-148,37.552101,16.422078,0.0065808417
0.00398107,0.15732563,0.0072881154,0.40844496,0.49043457,0.7389563,2.1180056e-131,33.515568,11.658523,0.0072881154
0.00446684,0.15630903,0.0080605672,0.40748625,0.48931696,0.73766027,2.5480991e-116,29.917173,7.9494191,0.0080605672
0.00501187,0.15519532,0.008901905,0.40642123,0.48807489,0.73621852,6.980116e-103,26.709174,5.1444467,0.008901905
0.00562341,0.15397801,0.0098155665,0.40523937,0.48669592,0.73461613,6.5691203e-91,23.849011,3.182363,0.0098155665
0.00630957,0.15265069,0.010804603,0.40392939,0.4851667,0.73283701,3.0645363e-80,21.241328,1.8384562,0.010804603
0.00707946,0.15120718,0.011871547,0.40247925,0.48347292,0.73086382,9.8250842e-71,18.663217,1.0073483,0.011871547
0.00794328,0.14964164,0.013018273,0.40087618,0.4815994,0.72867801,2.896623e-62,16.139185,0.50362375,0.013018273
0.00891251,0.14794872,0.014245845,0.39910671,0.47953006,0.72625979,1.0180038e-54,13.723941,0.23397727,0.014245845
0.01,0.14612368,0.015554361,0.39715675,0.47724803,0.72358819,5.3748867e-48,11.424676,0.100396,0.015554361
0.0112202,0.14416259,0.016942798,0.39501163,0.4747357,0.72064113,5.2394833e-42,9.3071352,0.037612367,0.016942798
0.0125893,0.14206243,0.018408862,0.39265626,0.47197488,0.71739544,1.1332036e-36,7.3958713,0.012639441,0.018408862
0.0141254,0.13982128,0.019948853,0.39007524,0.46894692,0.71382707,6.4054835e-32,5.7133608,0.0037708234,0.019948853
0.0158489,0.13743842,0.021557544,0.38725303,0.4656329,0.7099112,1.0949935e-27,4.2764065,0.00098434706,0.021557544
0.0177828,0.13491447,0.023228094,0.38417412,0.46201389,0.70562243,6.447421e-24,3.0926789,0.00021613588,0.023228094
0.0199526,0.13225144,0.02495199,0.3808233,0.45807113,0.70093504,1.4683595e-20,2.1522779,3.7618803e-5,0.02495199
0.0223872,0.12945287,0.026719033,0.37718585,0.45378639,0.69582324,1.434279e-17,1.425776,5.3646376e-6,0.026719033
0.0251189,0.12652378,0.028517373,0.37324784,0.44914227,0.69026149,6.5886181e-15,0.90543809,6.1186359e-7,0.028517373
0.0281838,0.1234707,0.030333588,0.36899643,0.44412252,0.68422483,1.5451531e-12,0.53846626,5.4452499e-8,0.030333588
0.0316228,0.12030161,0.032152821,0.36442011,0.43871244,0.67768925,1.9904338e-10,0.30478371,3.8342466e-9,0.032152821
0.0354813,0.11702586,0.03395897,0.35950906,0.4328992,0.67063209,1.503325e-8,0.15815233,4.0210736e-10,0.03395897
0.0398107,0.11365402,0.035734931,0.35425539,0.42667226,0.6630324,7.055698e-7,0.076552003,2.581819e-10,0.035734931
0.0446684,0.11019775,0.037462874,0.34865346,0.4200237,0.65487139,2.1673072e-5,0.034391977,2.8300604e-10,0.037462874
0.0501187,0.10666958,0.039124577,0.34270011,0.41294855,0.64613281,0.00045631296,0.013581466,3.1738314e-10,0.039124577
0.0562341,0.1030827,0.040701766,0.33639487,0.4054451,0.6368033,0.0068621269,0.0048369354,3.5610744e-10,0.040701766
0.0630957,0.09945075,0.042176494,0.32974016,0.39751512,0.62687278,0.076464675,0.0015401285,3.995591e-10,0.042176494
0.0707946,0.095787559,0.043531507,0.32274138,0.38916406,0.61633473,0.65237022,0.00043247948,4.4831269e-10,0.043531507
0.0794328,0.092106928,0.04475061,0.315407,0.38040117,0.60518645,4.38778,0.00010323251,5.0301511e-10,0.04475061
0.0891251,0.088422397,0.045819015,0.30774855,0.3712395,0.59342928,23.879701,1.970519e-5,5.6439223e-10,0.045819015
0.1,0.084747038,0.04672365,0.29978053,0.36169588,0.58106873,107.63213,3.1165226e-6,6.332585e-10,0.04672365
0.112202,0.081093272,0.047453424,0.29152034,0.35179079,0.56811457,410.19803,3.9915032e-7,7.1052772e-10,0.047453424
0.125893,0.077472709,0.047999447,0.28298802,0.34154814,0.55458078,1346.5635,4.0369019e-8,7.9722522e-10,0.047999447
0.141254,0.073896023,0.048355184,0.27420607,0.33099496,0.54048558,3871.0178,3.1608273e-9,8.9450141e-10,0.048355184
0.158489,0.070372857,0.04851655,0.26519908,0.32016107,0.52585122,9890.2637,2.1935329e-10,1.0036471e-9,0.04851655
0.177828,0.066911761,0.048481939,0.25599345,0.30907863,0.51070383,22757.029,5.1838001e-11,1.1261106e-9,0.048481939
0.199526,0.06352016,0.04825219,0.24661699,0.2977817,0.4950732,47718.504,5.0071789e-11,1.2635168e-9,0.04825219
0.223872,0.060204357,0.047830499,0.23709854,0.28630576,0.47899246,92156.676,5.5950642e-11,1.4176892e-9,0.047830499
0.251189,0.056969552,0.047222273,0.22746759,0.27468719,0.46249783,165489.05,6.2773343e-11,1.5906734e-9,0.047222273
0.281838,0.053819894,0.046434937,0.2177539,0.26296276,0.44562823,278697.16,7.0432799e-11,1.7847649e-9,0.046434937
0.316228,0.050758546,0.045477716,0.20798713,0.25116921,0.42842497,443578.51,7.90269e-11,2.0025392e-9,0.045477716
0.354813,0.047787768,0.04436138,0.19819649,0.23934276,0.41093143,671922.93,8.866964e-11,2.2468859e-9,0.04436138
0.398107,0.044909007,0.04309798,0.18841051,0.22751879,0.39319273,974859.53,9.9488972e-11,2.5210475e-9,0.04309798
0.446684,0.042123006,0.041700578,0.17865674,0.21573146,0.37525543,1362601.5,1.1162846e-10,2.8286618e-9,0.041700578
0.501187,0.039429904,0.040182985,0.16896163,0.20401352,0.35716732,1844760.0,1.252492e-10,3.1738108e-9,0.039429904
0.562341,0.036829352,0.03855951,0.15935035,0.19239614,0.33897716,2431345.6,1.4053191e-10,3.5610742e-9,0.036829352
0.630957,0.03432062,0.036844731,0.14984681,0.1809088,0.3207346,3134580.4,1.576794e-10,3.995591e-9,0.03432062
0.707946,0.031902709,0.0350533,0.14047359,0.16957935,0.30249005,3971745.9,1.7691919e-10,4.4831269e-9,0.031902709
0.794328,0.029574457,0.033199774,0.1312521,0.15843406,0.28429469,11232865.0,1.985066e-10,5.0301511e-9,0.029574457
0.891251,0.027334647,0.031298482,0.12220264,0.14749779,0.2662005,16958435.0,2.2272807e-10,5.6439223e-9,0.027334647
1,0.025182098,0.029363432,0.11334463,0.13679422,0.24826038,26922137.0,2.49905e-10,6.332585e-9,0.025182098
