orbifold,M,systole,N_obs,N_apr,N_theory,N_test_C2,systole_lower_bound
"(0;3,3,3,3) theta=0.0",3,2.63391579384963,3,24,43188,28,2.633915
"(0;3,3,3,3) theta=0.0",12,2.63391579384963,4,28,7435635783983,33,2.633915
"(0;3,3,3,3) theta=0.4",3,2.20269528685464,3,36,43188,43,2.202695
"(0;3,3,3,3) theta=0.4",12,2.20269528685464,4,43,7435635783983,48,2.202695
"(0;3,3,3,3) theta=0.8",3,1.83130273573471,4,58,44943,67,1.831302
"(0;3,3,3,3) theta=0.8",12,1.83130273573471,6,67,7435635783983,77,1.831302
"(0;3,3,3,3) theta=1.2",3,1.5157379176934,5,94,67872,106,1.515737
"(0;3,3,3,3) theta=1.2",12,1.5157379176934,9,106,7435635783983,122,1.515737
"(0;3,3,3,3) theta=1.6",3,1.25042850440408,9,156,103136,177,1.250428
"(0;3,3,3,3) theta=1.6",12,1.25042850440408,14,177,7435635783983,201,1.250428
"(0;3,3,3,3) theta=2.0",3,1.02912883771259,15,265,157376,296,1.029128
"(0;3,3,3,3) theta=2.0",12,1.02912883771259,23,295,7435635783983,332,1.029128
"(0;3,3,3,3) theta=2.4",3,0.845593628134644,25,451,240781,500,0.845593
"(0;3,3,3,3) theta=2.4",12,0.845593628134644,38,499,7435635783983,557,0.845593
"(0;3,3,3,3) theta=2.8",3,0.693994552670707,43,767,368973,848,0.693994
"(0;3,3,3,3) theta=2.8",12,0.693994552670707,63,847,7435635783983,933,0.693994
"O(2, 8, 8)",12,2.2567679299326,3,18,6817584874,20,2.256767
"O(3, 3, 12)",12,1.86260405513948,3,25,6817584874,29,1.862604
