s,s_float,class_size,upper_bound_floor_2s_plus_4,lower_bound_floor_log4_s_plus_1_plus_2,max_K_mult,max_K_n,max_K_g,extremal_signature,partner_sharing_K_mult_minus_1
1/42,0.0238095238095,1,4,2,1,1,1,"(0;2,3,7)",
1/24,0.0416666666667,1,4,2,1,1,1,"(0;2,3,8)",
1/20,0.05,1,4,2,1,1,1,"(0;2,4,5)",
1/18,0.0555555555556,1,4,2,1,1,1,"(0;2,3,9)",
1/15,0.0666666666667,1,4,2,1,1,1,"(0;2,3,10)",
5/66,0.0757575757576,1,4,2,1,1,1,"(0;2,3,11)",
1/12,0.0833333333333,3,4,2,2,1,1,"(0;2,3,12)","(0;2,4,6)"
1/10,0.1,2,4,2,2,1,1,"(0;2,3,15)","(0;2,5,5)"
3/28,0.107142857143,1,4,2,1,1,1,"(0;2,4,7)",
1/8,0.125,2,4,2,2,1,1,"(0;2,3,24)","(0;2,4,8)"
2/15,0.133333333333,3,4,2,2,1,1,"(0;2,3,30)","(0;2,5,6)"
5/36,0.138888888889,2,4,2,2,1,1,"(0;2,3,36)","(0;2,4,9)"
3/20,0.15,2,4,2,2,1,1,"(0;2,3,60)","(0;2,4,10)"
11/70,0.157142857143,2,4,2,2,1,1,"(0;2,3,105)","(0;2,5,7)"
7/44,0.159090909091,2,4,2,2,1,1,"(0;2,3,132)","(0;2,4,11)"
1/6,0.166666666667,5,4,2,2,2,1,"(0;2,4,12)","(0;2,6,6)"
7/40,0.175,1,4,2,1,1,1,"(0;2,5,8)",
17/90,0.188888888889,1,4,2,1,1,1,"(0;2,5,9)",
4/21,0.190476190476,2,4,2,2,1,1,"(0;2,6,7)","(0;3,3,7)"
1/5,0.2,2,4,2,2,1,1,"(0;2,4,20)","(0;2,5,10)"
5/24,0.208333333333,3,4,2,2,1,1,"(0;2,4,24)","(0;2,6,8)"
23/110,0.209090909091,1,4,2,1,1,1,"(0;2,5,11)",
3/14,0.214285714286,2,4,2,2,1,1,"(0;2,4,28)","(0;2,7,7)"
13/60,0.216666666667,3,4,2,2,1,1,"(0;2,4,30)","(0;2,5,12)"
2/9,0.222222222222,3,4,2,2,1,1,"(0;2,4,36)","(0;2,6,9)"
13/56,0.232142857143,2,4,2,2,1,1,"(0;2,4,56)","(0;2,7,8)"
7/30,0.233333333333,4,4,2,2,1,1,"(0;2,4,60)","(0;2,5,15)"
8/33,0.242424242424,3,4,2,2,1,1,"(0;2,4,132)","(0;2,6,11)"
31/126,0.246031746032,2,4,2,2,1,1,"(0;2,4,252)","(0;2,7,9)"
1/4,0.25,7,4,2,3,2,1,"(0;2,8,8)","(0;3,3,12)"
9/35,0.257142857143,1,4,2,1,1,1,"(0;2,7,10)",
19/72,0.263888888889,1,4,2,1,1,1,"(0;2,8,9)",
41/154,0.266233766234,1,4,2,1,1,1,"(0;2,7,11)",
4/15,0.266666666667,4,4,2,2,1,1,"(0;2,5,30)","(0;2,6,15)"
23/84,0.27380952381,2,4,2,2,1,1,"(0;2,7,12)","(0;3,4,7)"
11/40,0.275,2,4,2,2,1,1,"(0;2,5,40)","(0;2,8,10)"
5/18,0.277777777778,4,4,2,2,1,1,"(0;2,5,45)","(0;2,6,18)"
25/88,0.284090909091,1,4,2,1,1,1,"(0;2,8,11)",
13/45,0.288888888889,2,4,2,2,1,1,"(0;2,5,90)","(0;2,9,10)"
7/24,0.291666666667,5,4,2,2,1,1,"(0;2,5,120)","(0;2,6,24)"
59/198,0.29797979798,2,4,2,2,1,1,"(0;2,5,495)","(0;2,9,11)"
3/10,0.3,6,4,2,2,2,1,"(0;2,6,30)","(0;2,10,10)"
11/36,0.305555555556,4,4,2,2,1,1,"(0;2,6,36)","(0;2,9,12)"
17/55,0.309090909091,1,4,2,1,1,1,"(0;2,10,11)",
19/60,0.316666666667,4,4,2,2,1,1,"(0;2,6,60)","(0;2,10,12)"
7/22,0.318181818182,3,4,2,2,1,1,"(0;2,6,66)","(0;2,11,11)"
34/105,0.32380952381,4,4,2,2,1,1,"(0;2,6,105)","(0;2,7,30)"
43/132,0.325757575758,4,4,2,2,1,1,"(0;2,6,132)","(0;2,11,12)"
1/3,0.333333333333,10,4,2,2,2,1,"(0;2,7,42)","(0;2,8,24)"
41/120,0.341666666667,2,4,2,2,1,1,"(0;2,8,30)","(0;3,5,8)"
7/20,0.35,6,4,2,2,1,1,"(0;2,7,140)","(0;2,8,40)"
16/45,0.355555555556,3,4,2,2,1,1,"(0;2,7,630)","(0;2,9,30)"
5/14,0.357142857143,5,4,2,2,2,1,"(0;2,8,56)","(0;2,14,14)"
11/30,0.366666666667,7,4,2,2,1,1,"(0;2,8,120)","(0;2,9,45)"
3/8,0.375,8,4,2,2,2,1,"(0;2,9,72)","(0;2,10,40)"
62/165,0.375757575758,2,4,2,2,1,1,"(0;2,11,30)","(0;3,5,11)"
8/21,0.380952380952,5,4,2,2,1,1,"(0;2,9,126)","(0;2,12,28)"
23/60,0.383333333333,7,4,2,3,1,1,"(0;2,15,20)","(0;3,4,30)"
7/18,0.388888888889,7,4,2,2,2,1,"(0;2,10,90)","(0;2,12,36)"
67/168,0.39880952381,4,4,2,2,1,1,"(0;2,10,840)","(0;2,12,56)"
2/5,0.4,11,4,2,3,3,1,"(0;5,5,5)","(0;2,2,2,10)"
57/140,0.407142857143,3,4,2,2,1,1,"(0;2,12,105)","(0;3,4,105)"
9/22,0.409090909091,6,4,2,2,2,1,"(0;2,12,132)","(0;2,22,22)"
26/63,0.412698412698,4,4,2,2,1,1,"(0;2,12,252)","(0;2,14,63)"
5/12,0.416666666667,15,4,2,2,2,1,"(0;2,13,156)","(0;2,14,84)"
89/210,0.42380952381,4,4,2,2,1,1,"(0;2,14,210)","(0;2,15,105)"
17/40,0.425,7,4,2,2,1,1,"(0;2,14,280)","(0;2,15,120)"
31/72,0.430555555556,5,4,2,2,1,1,"(0;2,15,360)","(0;2,16,144)"
100/231,0.4329004329,2,4,2,2,1,1,"(0;2,15,2310)","(0;3,7,11)"
13/30,0.433333333333,10,4,2,2,2,1,"(0;2,16,240)","(0;2,18,90)"
79/180,0.438888888889,5,4,2,2,1,1,"(0;2,18,180)","(0;2,20,90)"
37/84,0.440476190476,8,4,2,2,1,1,"(0;2,17,1428)","(0;2,18,252)"
53/120,0.441666666667,6,4,2,2,1,1,"(0;2,18,360)","(0;2,20,120)"
4/9,0.444444444444,13,4,2,2,2,1,"(0;2,19,342)","(0;2,20,180)"
9/20,0.45,13,4,2,2,2,1,"(0;2,21,420)","(0;2,22,220)"
119/264,0.450757575758,4,4,2,2,1,1,"(0;2,21,616)","(0;2,22,264)"
41/90,0.455555555556,10,4,2,3,1,1,"(0;2,36,60)","(0;3,5,90)"
16/35,0.457142857143,9,4,2,2,1,1,"(0;2,24,840)","(0;2,25,350)"
11/24,0.458333333333,17,4,2,2,2,1,"(0;2,25,600)","(0;2,26,312)"
101/220,0.459090909091,5,4,2,2,1,1,"(0;2,25,1100)","(0;2,30,132)"
13/28,0.464285714286,13,4,2,2,2,1,"(0;2,29,812)","(0;2,30,420)"
46/99,0.464646464646,5,4,2,2,1,1,"(0;2,30,495)","(0;2,33,198)"
7/15,0.466666666667,21,4,2,2,2,1,"(0;2,31,930)","(0;2,32,480)"
17/36,0.472222222222,18,4,2,2,2,1,"(0;2,37,1332)","(0;2,38,684)"
19/40,0.475,16,4,2,2,2,1,"(0;2,41,1640)","(0;2,42,840)"
157/330,0.475757575758,7,4,2,2,1,1,"(0;2,42,2310)","(0;2,44,660)"
27/56,0.482142857143,16,4,2,2,2,1,"(0;2,57,3192)","(0;2,58,1624)"
29/60,0.483333333333,29,4,2,2,2,1,"(0;2,61,3660)","(0;2,62,1860)"
16/33,0.484848484848,18,4,2,2,2,1,"(0;2,67,4422)","(0;2,68,2244)"
22/45,0.488888888889,28,4,2,2,2,1,"(0;2,91,8190)","(0;2,92,4140)"
103/210,0.490476190476,19,4,2,2,2,1,"(0;2,106,11130)","(0;2,108,3780)"
65/132,0.492424242424,28,4,2,2,2,1,"(0;2,133,17556)","(0;2,134,8844)"
125/252,0.496031746032,43,4,2,2,2,1,"(0;2,253,63756)","(0;2,254,32004)"
1/2,0.5,15,5,2,3,2,2,"(0;4,8,8)","(0;5,5,10)"
71/140,0.507142857143,2,5,2,2,1,1,"(0;3,7,60)","(0;4,7,10)"
61/120,0.508333333333,3,5,2,2,1,1,"(0;3,8,30)","(0;4,5,24)"
28/55,0.509090909091,2,5,2,2,1,1,"(0;3,11,15)","(0;5,5,11)"
37/72,0.513888888889,3,5,2,2,1,1,"(0;3,8,36)","(0;3,9,24)"
18/35,0.514285714286,3,5,2,2,1,1,"(0;3,7,105)","(0;4,5,28)"
159/308,0.516233766234,2,5,2,2,1,1,"(0;3,7,132)","(0;4,7,11)"
31/60,0.516666666667,7,5,2,2,1,1,"(0;3,7,140)","(0;3,8,40)"
47/90,0.522222222222,4,5,2,2,1,1,"(0;3,7,630)","(0;3,9,30)"
11/21,0.52380952381,5,5,2,2,2,1,"(0;3,8,56)","(0;3,14,14)"
21/40,0.525,4,5,2,2,1,1,"(0;3,8,60)","(0;3,10,24)"
19/36,0.527777777778,6,5,2,2,1,1,"(0;3,8,72)","(0;3,9,36)"
149/280,0.532142857143,3,5,2,2,1,1,"(0;3,8,105)","(0;4,5,56)"
8/15,0.533333333333,9,5,2,2,1,1,"(0;3,8,120)","(0;3,9,45)"
47/88,0.534090909091,3,5,2,2,1,1,"(0;3,8,132)","(0;3,11,24)"
97/180,0.538888888889,5,5,2,2,1,1,"(0;3,8,360)","(0;3,9,60)"
13/24,0.541666666667,9,5,2,2,2,1,"(0;3,9,72)","(0;3,10,40)"
179/330,0.542424242424,3,5,2,2,1,1,"(0;3,11,30)","(0;4,5,132)"
172/315,0.546031746032,3,5,2,2,1,1,"(0;3,9,105)","(0;4,5,252)"
23/42,0.547619047619,6,5,2,3,1,1,"(0;3,14,21)","(0;4,6,28)"
217/396,0.54797979798,4,5,2,2,1,1,"(0;3,9,132)","(0;3,11,36)"
11/20,0.55,10,5,2,2,2,1,"(0;3,9,180)","(0;3,10,60)"
5/9,0.555555555556,7,5,2,2,2,1,"(0;3,10,90)","(0;3,12,36)"
39/70,0.557142857143,3,5,2,2,1,1,"(0;3,10,105)","(0;4,7,20)"
123/220,0.559090909091,3,5,2,2,1,1,"(0;3,10,132)","(0;3,11,60)"
203/360,0.563888888889,2,5,2,2,1,1,"(0;3,10,360)","(0;5,8,9)"
95/168,0.565476190476,5,5,2,2,1,1,"(0;3,10,840)","(0;3,12,56)"
218/385,0.566233766234,3,5,2,2,1,1,"(0;3,10,2310)","(0;3,11,105)"
17/30,0.566666666667,11,5,2,3,2,1,"(0;4,10,12)","(0;5,6,15)"
25/44,0.568181818182,4,5,2,2,1,1,"(0;3,11,132)","(0;3,12,66)"
4/7,0.571428571429,9,5,2,3,1,1,"(0;3,21,21)","(0;5,5,35)"
241/420,0.57380952381,4,5,2,2,1,1,"(0;3,12,105)","(0;4,6,105)"
23/40,0.575,8,5,2,2,1,1,"(0;3,11,1320)","(0;3,12,120)"
19/33,0.575757575758,6,5,2,2,2,1,"(0;3,12,132)","(0;3,22,22)"
26/45,0.577777777778,7,5,2,2,1,1,"(0;3,12,180)","(0;3,15,45)"
73/126,0.579365079365,5,5,2,2,1,1,"(0;3,12,252)","(0;3,14,63)"
7/12,0.583333333333,20,5,2,3,2,1,"(0;3,20,30)","(0;4,7,42)"
257/440,0.584090909091,1,5,2,1,1,1,"(0;5,8,11)",
53/90,0.588888888889,7,5,2,2,1,1,"(0;3,13,1170)","(0;3,15,90)"
33/56,0.589285714286,6,5,2,2,1,1,"(0;3,13,2184)","(0;3,14,168)"
62/105,0.590476190476,7,5,2,2,1,1,"(0;3,14,210)","(0;3,15,105)"
71/120,0.591666666667,9,5,2,2,1,1,"(0;3,14,280)","(0;3,15,120)"
43/72,0.597222222222,8,5,2,2,1,1,"(0;3,15,360)","(0;3,16,144)"
296/495,0.59797979798,3,5,2,2,1,1,"(0;3,15,495)","(0;5,5,495)"
277/462,0.599567099567,4,5,2,2,1,1,"(0;3,15,2310)","(0;4,7,132)"
3/5,0.6,14,5,2,2,2,1,"(0;3,16,240)","(0;3,18,90)"
38/63,0.603174603175,7,5,2,2,1,1,"(0;3,16,1008)","(0;3,18,126)"
109/180,0.605555555556,7,5,2,2,1,1,"(0;3,18,180)","(0;3,20,90)"
17/28,0.607142857143,12,5,2,3,2,1,"(0;4,14,14)","(0;5,7,20)"
73/120,0.608333333333,9,5,2,2,1,1,"(0;3,18,360)","(0;3,20,120)"
67/110,0.609090909091,4,5,2,2,1,1,"(0;3,18,495)","(0;3,20,132)"
11/18,0.611111111111,15,5,2,3,3,1,"(0;3,27,54)","(0;4,8,72)"
43/70,0.614285714286,6,5,2,2,1,1,"(0;3,20,420)","(0;3,21,210)"
37/60,0.616666666667,17,5,2,2,2,1,"(0;3,21,420)","(0;3,22,220)"
163/264,0.617424242424,6,5,2,2,1,1,"(0;3,21,616)","(0;3,22,264)"
34/55,0.618181818182,6,5,2,2,1,1,"(0;3,21,1155)","(0;3,22,330)"
313/504,0.621031746032,6,5,2,2,1,1,"(0;3,22,5544)","(0;3,24,252)"
28/45,0.622222222222,14,5,2,3,1,1,"(0;3,35,63)","(0;5,6,90)"
48/77,0.623376623377,6,5,2,2,1,1,"(0;3,24,616)","(0;3,28,132)"
5/8,0.625,22,5,2,3,2,1,"(0;3,32,96)","(0;5,6,120)"
413/660,0.625757575758,6,5,2,2,1,1,"(0;3,25,1100)","(0;3,30,132)"
53/84,0.630952380952,15,5,2,2,2,1,"(0;3,29,812)","(0;3,30,420)"
125/198,0.631313131313,7,5,2,2,1,1,"(0;3,30,495)","(0;3,33,198)"
177/280,0.632142857143,9,5,2,2,1,1,"(0;3,29,24360)","(0;3,30,840)"
19/30,0.633333333333,28,5,2,2,2,1,"(0;3,31,930)","(0;3,32,480)"
40/63,0.634920634921,12,5,2,2,1,1,"(0;3,32,2016)","(0;3,33,693)"
23/36,0.638888888889,22,5,2,2,2,1,"(0;3,37,1332)","(0;3,38,684)"
395/616,0.641233766234,5,5,2,2,1,1,"(0;3,40,2310)","(0;3,42,616)"
106/165,0.642424242424,10,5,2,2,1,1,"(0;3,42,2310)","(0;3,44,660)"
407/630,0.646031746032,9,5,2,2,1,1,"(0;3,49,4410)","(0;3,50,1575)"
109/168,0.64880952381,18,5,2,2,2,1,"(0;3,57,3192)","(0;3,58,1624)"
13/20,0.65,37,5,2,3,2,1,"(0;4,14,35)","(0;5,8,40)"
43/66,0.651515151515,19,5,2,2,2,1,"(0;3,67,4422)","(0;3,68,2244)"
47/72,0.652777777778,25,5,2,2,2,1,"(0;3,73,5256)","(0;3,74,2664)"
454/693,0.655122655123,10,5,2,2,1,1,"(0;3,87,20097)","(0;3,88,5544)"
23/35,0.657142857143,22,5,2,2,2,1,"(0;3,106,11130)","(0;3,108,3780)"
29/44,0.659090909091,31,5,2,2,2,1,"(0;3,133,17556)","(0;3,134,8844)"
167/252,0.662698412698,44,5,2,2,2,1,"(0;3,253,63756)","(0;3,254,32004)"
239/360,0.663888888889,59,5,2,2,2,1,"(0;3,361,129960)","(0;3,362,65160)"
513/770,0.666233766234,126,5,2,2,2,1,"(0;3,2311,5338410)","(0;3,2312,2670360)"
2/3,0.666666666667,28,5,2,3,2,2,"(0;5,15,15)","(0;7,7,21)"
533/792,0.67297979798,3,5,2,2,1,1,"(0;4,13,10296)","(0;5,8,495)"
283/420,0.67380952381,6,5,2,2,1,1,"(0;4,14,210)","(0;4,15,105)"
27/40,0.675,12,5,2,2,2,1,"(0;4,14,280)","(0;4,15,120)"
52/77,0.675324675325,3,5,2,2,1,1,"(0;4,14,308)","(0;6,7,66)"
61/90,0.677777777778,9,5,2,2,1,1,"(0;4,14,1260)","(0;4,15,180)"
49/72,0.680555555556,8,5,2,2,1,1,"(0;4,15,360)","(0;4,16,144)"
631/924,0.6829004329,3,5,2,2,1,1,"(0;4,15,2310)","(0;6,7,132)"
301/440,0.684090909091,2,5,2,2,1,1,"(0;5,11,40)","(0;8,10,11)"
68/99,0.686868686869,6,5,2,2,1,1,"(0;4,16,1584)","(0;4,18,132)"
31/45,0.688888888889,10,5,2,2,2,1,"(0;4,18,180)","(0;4,20,90)"
29/42,0.690476190476,16,5,2,3,2,1,"(0;6,14,14)","(0;7,9,18)"
83/120,0.691666666667,10,5,2,3,1,1,"(0;4,30,40)","(0;6,8,60)"
61/88,0.693181818182,5,5,2,2,1,1,"(0;4,18,792)","(0;4,22,88)"
25/36,0.694444444444,17,5,2,2,2,1,"(0;4,19,342)","(0;4,20,180)"
691/990,0.69797979798,4,5,2,2,1,1,"(0;4,20,495)","(0;5,10,495)"
7/10,0.7,23,5,2,3,2,1,"(0;4,40,40)","(0;7,7,70)"
185/264,0.700757575758,7,5,2,2,1,1,"(0;4,21,616)","(0;4,22,264)"
127/180,0.705555555556,14,5,2,2,1,1,"(0;4,23,1035)","(0;4,24,360)"
70/99,0.707070707071,6,5,2,2,1,1,"(0;4,24,792)","(0;4,36,66)"
17/24,0.708333333333,28,5,2,2,2,1,"(0;4,25,600)","(0;4,26,312)"
39/55,0.709090909091,8,5,2,2,2,1,"(0;4,25,1100)","(0;4,30,132)"
5/7,0.714285714286,19,5,2,3,3,1,"(0;7,14,14)","(0;2,2,4,28)"
283/396,0.714646464646,7,5,2,2,1,1,"(0;4,30,495)","(0;4,33,198)"
43/60,0.716666666667,31,5,2,2,2,1,"(0;4,31,930)","(0;4,32,480)"
79/110,0.718181818182,8,5,2,2,1,1,"(0;4,32,1760)","(0;4,33,660)"
13/18,0.722222222222,29,5,2,2,2,1,"(0;4,37,1332)","(0;4,38,684)"
479/660,0.725757575758,10,5,2,2,1,1,"(0;4,42,2310)","(0;4,44,660)"
8/11,0.727272727273,17,5,2,2,2,1,"(0;4,45,1980)","(0;4,46,1012)"
41/56,0.732142857143,23,5,2,2,2,1,"(0;4,57,3192)","(0;4,58,1624)"
11/15,0.733333333333,43,5,2,2,2,1,"(0;4,61,3660)","(0;4,62,1860)"
97/132,0.734848484848,20,5,2,2,2,1,"(0;4,67,4422)","(0;4,68,2244)"
49/66,0.742424242424,36,5,2,2,2,1,"(0;4,133,17556)","(0;4,134,8844)"
47/63,0.746031746032,49,5,2,2,2,1,"(0;4,253,63756)","(0;4,254,32004)"
3/4,0.75,37,5,2,3,2,2,"(0;6,24,24)","(0;9,9,36)"
53/70,0.757142857143,17,5,2,2,2,1,"(0;5,24,840)","(0;5,25,350)"
55/72,0.763888888889,17,5,2,2,2,1,"(0;5,28,2520)","(0;5,30,360)"
59/77,0.766233766234,7,5,2,2,2,1,"(0;5,30,2310)","(0;6,15,2310)"
23/30,0.766666666667,35,5,2,3,2,1,"(0;7,15,42)","(0;9,10,45)"
65/84,0.77380952381,27,5,2,3,2,1,"(0;6,28,42)","(0;8,12,56)"
31/40,0.775,27,5,2,3,3,1,"(0;8,20,20)","(0;2,2,5,40)"
7/9,0.777777777778,30,5,2,2,2,1,"(0;5,46,2070)","(0;5,48,720)"
69/88,0.784090909091,18,5,2,2,2,1,"(0;5,63,27720)","(0;5,64,3520)"
71/90,0.788888888889,43,5,2,3,2,1,"(0;5,150,225)","(0;8,12,360)"
19/24,0.791666666667,66,5,2,3,2,1,"(0;6,40,60)","(0;8,14,84)"
79/99,0.79797979798,35,5,2,2,2,1,"(0;5,496,245520)","(0;5,498,82170)"
4/5,0.8,44,5,2,3,2,2,"(0;6,50,75)","(0;10,11,110)"
29/36,0.805555555556,37,5,2,3,2,1,"(0;6,54,108)","(0;8,16,144)"
89/110,0.809090909091,16,5,2,2,2,1,"(0;6,42,2310)","(0;6,44,660)"
49/60,0.816666666667,55,5,2,3,2,1,"(0;9,20,45)","(0;10,16,48)"
9/11,0.818181818182,28,5,2,2,2,1,"(0;6,67,4422)","(0;6,68,2244)"
173/210,0.82380952381,42,5,2,3,2,1,"(0;7,50,75)","(0;9,18,105)"
109/132,0.825757575758,46,5,2,2,2,1,"(0;6,133,17556)","(0;6,134,8844)"
5/6,0.833333333333,70,5,2,3,2,2,"(0;8,32,96)","(0;11,15,110)"
101/120,0.841666666667,40,5,2,3,2,1,"(0;7,84,280)","(0;8,33,330)"
17/20,0.85,74,5,2,3,2,1,"(0;8,80,80)","(0;14,14,140)"
77/90,0.855555555556,111,5,2,3,2,1,"(0;8,72,180)","(0;10,25,225)"
6/7,0.857142857143,49,5,2,3,2,2,"(0;9,56,72)","(0;12,20,105)"
13/15,0.866666666667,88,5,2,3,3,1,"(0;9,90,90)","(0;13,20,156)"
7/8,0.875,80,5,2,3,2,2,"(0;9,96,288)","(0;15,18,360)"
289/330,0.875757575758,33,5,2,2,2,1,"(0;9,77,6930)","(0;9,80,1584)"
37/42,0.880952380952,76,5,2,3,3,1,"(0;12,42,84)","(0;2,2,9,126)"
53/60,0.883333333333,113,5,2,3,2,1,"(0;9,270,540)","(0;13,26,780)"
8/9,0.888888888889,88,5,2,3,2,2,"(0;11,99,99)","(0;19,19,171)"
151/168,0.89880952381,149,5,2,3,2,1,"(0;12,84,168)","(0;14,40,210)"
9/10,0.9,109,5,2,3,3,2,"(0;12,96,160)","(0;18,25,225)"
127/140,0.907142857143,95,5,2,3,2,1,"(0;15,70,84)","(0;16,48,105)"
10/11,0.909090909091,70,5,2,3,2,2,"(0;12,231,308)","(0;22,23,506)"
115/126,0.912698412698,89,5,2,3,2,1,"(0;18,56,72)","(0;21,35,90)"
11/12,0.916666666667,179,5,2,3,2,2,"(0;14,132,231)","(0;16,57,304)"
97/105,0.92380952381,100,5,2,3,3,1,"(0;14,255,1190)","(0;15,114,1330)"
37/40,0.925,149,5,2,3,3,1,"(0;14,305,3416)","(0;23,32,3680)"
67/72,0.930555555556,163,5,2,3,2,1,"(0;17,144,272)","(0;19,72,342)"
431/462,0.9329004329,162,5,2,2,2,1,"(0;15,2311,5338410)","(0;15,2312,2670360)"
14/15,0.933333333333,209,5,2,3,2,3,"(0;17,165,561)","(0;21,57,665)"
169/180,0.938888888889,157,5,2,3,2,1,"(0;17,495,3740)","(0;20,92,4140)"
79/84,0.940476190476,233,5,2,3,2,1,"(0;19,228,399)","(0;21,100,525)"
113/120,0.941666666667,207,5,2,3,2,1,"(0;18,540,1080)","(0;26,52,1560)"
17/18,0.944444444444,226,5,2,3,2,2,"(0;20,360,360)","(0;37,37,666)"
19/20,0.95,307,5,2,3,3,3,"(0;21,564,1645)","(0;25,105,2100)"
251/264,0.950757575758,149,5,2,3,2,1,"(0;24,176,528)","(0;28,84,616)"
43/45,0.955555555556,245,5,2,3,2,1,"(0;27,160,864)","(0;31,90,930)"
67/70,0.957142857143,280,5,2,3,3,1,"(0;24,1120,3360)","(0;45,49,4410)"
23/24,0.958333333333,386,5,2,3,2,3,"(0;25,664,6225)","(0;37,69,6808)"
211/220,0.959090909091,158,5,2,3,2,1,"(0;27,495,540)","(0;33,105,924)"
27/28,0.964285714286,355,5,2,3,3,2,"(0;30,840,840)","(0;57,57,1596)"
191/198,0.964646464646,170,5,2,3,2,1,"(0;30,540,5940)","(0;31,341,6138)"
29/30,0.966666666667,522,5,2,3,2,2,"(0;31,1230,3813)","(0;33,355,4686)"
35/36,0.972222222222,559,5,2,3,2,2,"(0;37,2220,3330)","(0;40,387,5160)"
39/40,0.975,622,5,2,3,2,2,"(0;42,915,10248)","(0;69,96,11040)"
161/165,0.975757575758,404,5,2,3,2,1,"(0;42,3210,8239)","(0;51,220,11220)"
55/56,0.982142857143,801,5,2,3,3,2,"(0;58,3248,3248)","(0;113,113,6328)"
59/60,0.983333333333,1322,5,2,3,2,2,"(0;61,4636,17385)","(0;112,130,21840)"
65/66,0.984848484848,773,5,2,3,2,2,"(0;68,4488,4488)","(0;133,133,8778)"
89/90,0.988888888889,1753,5,2,3,3,2,"(0;91,11570,28035)","(0;95,1791,37810)"
104/105,0.990476190476,1958,5,2,3,3,2,"(0;107,11235,11235)","(0;211,211,22155)"
131/132,0.992424242424,2166,5,2,3,3,2,"(0;134,17688,17688)","(0;265,265,34980)"
251/252,0.996031746032,5361,5,2,3,3,2,"(0;253,71379,596988)","(0;268,4248,664104)"
1,1,19,6,2,3,2,2,"(0;2,4,8,8)","(0;2,5,5,10)"
141/140,1.00714285714,2,6,2,2,1,1,"(0;2,3,7,60)","(0;2,4,7,10)"
121/120,1.00833333333,4,6,2,2,1,1,"(0;2,3,8,30)","(0;2,4,5,24)"
111/110,1.00909090909,2,6,2,2,1,1,"(0;2,3,11,15)","(0;2,5,5,11)"
73/72,1.01388888889,3,6,2,2,1,1,"(0;2,3,8,36)","(0;2,3,9,24)"
71/70,1.01428571429,3,6,2,2,1,1,"(0;2,3,7,105)","(0;2,4,5,28)"
313/308,1.01623376623,2,6,2,2,1,1,"(0;2,3,7,132)","(0;2,4,7,11)"
61/60,1.01666666667,9,6,2,2,1,1,"(0;2,3,7,140)","(0;2,3,8,40)"
46/45,1.02222222222,5,6,2,2,1,1,"(0;2,3,7,630)","(0;2,3,9,30)"
43/42,1.02380952381,7,6,2,2,2,1,"(0;2,3,8,56)","(0;2,3,14,14)"
41/40,1.025,4,6,2,2,1,1,"(0;2,3,8,60)","(0;2,3,10,24)"
37/36,1.02777777778,7,6,2,2,1,1,"(0;2,3,8,72)","(0;2,3,9,36)"
289/280,1.03214285714,3,6,2,2,1,1,"(0;2,3,8,105)","(0;2,4,5,56)"
31/30,1.03333333333,11,6,2,2,1,1,"(0;2,3,8,120)","(0;2,3,9,45)"
91/88,1.03409090909,3,6,2,2,1,1,"(0;2,3,8,132)","(0;2,3,11,24)"
187/180,1.03888888889,5,6,2,2,1,1,"(0;2,3,8,360)","(0;2,3,9,60)"
25/24,1.04166666667,12,6,2,2,2,1,"(0;2,3,9,72)","(0;2,3,10,40)"
172/165,1.04242424242,4,6,2,2,1,1,"(0;2,3,11,30)","(0;2,4,5,132)"
659/630,1.04603174603,3,6,2,2,1,1,"(0;2,3,9,105)","(0;2,4,5,252)"
22/21,1.04761904762,8,6,2,3,1,1,"(0;2,3,14,21)","(0;2,4,6,28)"
415/396,1.04797979798,4,6,2,2,1,1,"(0;2,3,9,132)","(0;2,3,11,36)"
21/20,1.05,14,6,2,3,2,1,"(0;2,3,15,20)","(0;3,3,4,30)"
19/18,1.05555555556,10,6,2,2,2,1,"(0;2,3,10,90)","(0;2,3,12,36)"
37/35,1.05714285714,3,6,2,2,1,1,"(0;2,3,10,105)","(0;2,4,7,20)"
233/220,1.05909090909,3,6,2,2,1,1,"(0;2,3,10,132)","(0;2,3,11,60)"
383/360,1.06388888889,2,6,2,2,1,1,"(0;2,3,10,360)","(0;2,5,8,9)"
179/168,1.06547619048,7,6,2,2,1,1,"(0;2,3,10,840)","(0;2,3,12,56)"
821/770,1.06623376623,3,6,2,2,1,1,"(0;2,3,10,2310)","(0;2,3,11,105)"
16/15,1.06666666667,16,6,2,3,3,1,"(0;2,4,10,12)","(0;2,5,6,15)"
47/44,1.06818181818,5,6,2,2,1,1,"(0;2,3,11,132)","(0;2,3,12,66)"
15/14,1.07142857143,10,6,2,3,1,1,"(0;2,3,21,21)","(0;2,5,5,35)"
451/420,1.07380952381,6,6,2,2,1,1,"(0;2,3,12,105)","(0;2,4,6,105)"
43/40,1.075,9,6,2,2,1,1,"(0;2,3,11,1320)","(0;2,3,12,120)"
71/66,1.07575757576,9,6,2,2,2,1,"(0;2,3,12,132)","(0;2,3,22,22)"
97/90,1.07777777778,9,6,2,2,1,1,"(0;2,3,12,180)","(0;2,3,15,45)"
68/63,1.07936507937,7,6,2,2,1,1,"(0;2,3,12,252)","(0;2,3,14,63)"
13/12,1.08333333333,26,6,2,3,2,1,"(0;2,3,20,30)","(0;2,4,7,42)"
477/440,1.08409090909,1,6,2,1,1,1,"(0;2,5,8,11)",
49/45,1.08888888889,7,6,2,2,1,1,"(0;2,3,13,1170)","(0;2,3,15,90)"
61/56,1.08928571429,6,6,2,2,1,1,"(0;2,3,13,2184)","(0;2,3,14,168)"
229/210,1.09047619048,8,6,2,2,1,1,"(0;2,3,14,210)","(0;2,3,15,105)"
131/120,1.09166666667,11,6,2,2,1,1,"(0;2,3,14,280)","(0;2,3,15,120)"
79/72,1.09722222222,9,6,2,2,1,1,"(0;2,3,15,360)","(0;2,3,16,144)"
1087/990,1.09797979798,3,6,2,2,1,1,"(0;2,3,15,495)","(0;2,5,5,495)"
254/231,1.09956709957,5,6,2,2,1,1,"(0;2,3,15,2310)","(0;2,4,7,132)"
11/10,1.1,19,6,2,3,2,1,"(0;2,5,10,10)","(0;3,3,6,15)"
139/126,1.10317460317,7,6,2,2,1,1,"(0;2,3,16,1008)","(0;2,3,18,126)"
199/180,1.10555555556,9,6,2,2,1,1,"(0;2,3,18,180)","(0;2,3,20,90)"
31/28,1.10714285714,15,6,2,3,2,1,"(0;2,4,14,14)","(0;2,5,7,20)"
133/120,1.10833333333,11,6,2,2,1,1,"(0;2,3,18,360)","(0;2,3,20,120)"
61/55,1.10909090909,4,6,2,2,1,1,"(0;2,3,18,495)","(0;2,3,20,132)"
10/9,1.11111111111,19,6,2,3,3,1,"(0;2,3,27,54)","(0;2,4,8,72)"
39/35,1.11428571429,6,6,2,2,1,1,"(0;2,3,20,420)","(0;2,3,21,210)"
67/60,1.11666666667,21,6,2,2,2,1,"(0;2,3,21,420)","(0;2,3,22,220)"
295/264,1.11742424242,7,6,2,2,1,1,"(0;2,3,21,616)","(0;2,3,22,264)"
123/110,1.11818181818,7,6,2,2,1,1,"(0;2,3,21,1155)","(0;2,3,22,330)"
565/504,1.12103174603,6,6,2,2,1,1,"(0;2,3,22,5544)","(0;2,3,24,252)"
101/90,1.12222222222,16,6,2,3,1,1,"(0;2,3,35,63)","(0;2,5,6,90)"
173/154,1.12337662338,6,6,2,2,1,1,"(0;2,3,24,616)","(0;2,3,28,132)"
118/105,1.12380952381,13,6,2,2,1,1,"(0;2,3,24,840)","(0;2,3,25,350)"
9/8,1.125,28,6,2,3,2,1,"(0;2,3,32,96)","(0;2,5,6,120)"
743/660,1.12575757576,8,6,2,2,1,1,"(0;2,3,25,1100)","(0;2,3,30,132)"
95/84,1.13095238095,19,6,2,2,2,1,"(0;2,3,29,812)","(0;2,3,30,420)"
112/99,1.13131313131,9,6,2,2,1,1,"(0;2,3,30,495)","(0;2,3,33,198)"
317/280,1.13214285714,10,6,2,2,1,1,"(0;2,3,29,24360)","(0;2,3,30,840)"
17/15,1.13333333333,34,6,2,3,2,1,"(0;2,4,15,20)","(0;3,4,4,30)"
143/126,1.13492063492,13,6,2,2,1,1,"(0;2,3,32,2016)","(0;2,3,33,693)"
41/36,1.13888888889,27,6,2,3,2,1,"(0;2,8,8,9)","(0;3,3,9,12)"
703/616,1.14123376623,5,6,2,2,1,1,"(0;2,3,40,2310)","(0;2,3,42,616)"
137/120,1.14166666667,22,6,2,3,2,1,"(0;2,4,15,24)","(0;2,5,8,30)"
377/330,1.14242424242,11,6,2,2,1,1,"(0;2,3,42,2310)","(0;2,3,44,660)"
361/315,1.14603174603,9,6,2,2,1,1,"(0;2,3,49,4410)","(0;2,3,50,1575)"
193/168,1.14880952381,22,6,2,2,2,1,"(0;2,3,57,3192)","(0;2,3,58,1624)"
23/20,1.15,44,6,2,3,3,1,"(0;2,4,14,35)","(0;2,5,8,40)"
38/33,1.15151515152,22,6,2,2,2,1,"(0;2,3,67,4422)","(0;2,3,68,2244)"
83/72,1.15277777778,28,6,2,2,2,1,"(0;2,3,73,5256)","(0;2,3,74,2664)"
1601/1386,1.15512265512,10,6,2,2,1,1,"(0;2,3,87,20097)","(0;2,3,88,5544)"
52/45,1.15555555556,34,6,2,2,2,1,"(0;2,3,91,8190)","(0;2,3,92,4140)"
81/70,1.15714285714,27,6,2,2,2,1,"(0;2,3,106,11130)","(0;2,3,108,3780)"
51/44,1.15909090909,36,6,2,3,2,1,"(0;2,8,8,11)","(0;3,3,11,12)"
293/252,1.1626984127,48,6,2,2,2,1,"(0;2,3,253,63756)","(0;2,3,254,32004)"
419/360,1.16388888889,61,6,2,2,2,1,"(0;2,3,361,129960)","(0;2,3,362,65160)"
449/385,1.16623376623,128,6,2,2,2,1,"(0;2,3,2311,5338410)","(0;2,3,2312,2670360)"
7/6,1.16666666667,40,6,2,3,3,2,"(0;2,4,21,28)","(0;3,3,7,42)"
929/792,1.17297979798,3,6,2,2,1,1,"(0;2,4,13,10296)","(0;2,5,8,495)"
493/420,1.17380952381,8,6,2,2,1,1,"(0;2,4,14,210)","(0;2,4,15,105)"
47/40,1.175,16,6,2,2,2,1,"(0;2,4,14,280)","(0;2,4,15,120)"
181/154,1.17532467532,4,6,2,2,1,1,"(0;2,4,14,308)","(0;2,6,7,66)"
194/165,1.17575757576,5,6,2,2,1,1,"(0;2,4,15,132)","(0;2,5,11,30)"
53/45,1.17777777778,10,6,2,2,1,1,"(0;2,4,14,1260)","(0;2,4,15,180)"
85/72,1.18055555556,11,6,2,2,1,1,"(0;2,4,15,360)","(0;2,4,16,144)"
124/105,1.18095238095,10,6,2,2,1,1,"(0;2,4,15,420)","(0;2,4,28,30)"
1093/924,1.1829004329,5,6,2,2,1,1,"(0;2,4,15,2310)","(0;2,6,7,132)"
71/60,1.18333333333,24,6,2,3,2,1,"(0;2,5,15,20)","(0;3,4,5,30)"
521/440,1.18409090909,2,6,2,2,1,1,"(0;2,5,11,40)","(0;2,8,10,11)"
235/198,1.18686868687,7,6,2,2,1,1,"(0;2,4,16,1584)","(0;2,4,18,132)"
107/90,1.18888888889,15,6,2,2,2,1,"(0;2,4,18,180)","(0;2,4,20,90)"
25/21,1.19047619048,21,6,2,3,2,1,"(0;2,6,14,14)","(0;2,7,9,18)"
143/120,1.19166666667,14,6,2,3,1,1,"(0;2,4,30,40)","(0;2,6,8,60)"
105/88,1.19318181818,6,6,2,2,1,1,"(0;2,4,18,792)","(0;2,4,22,88)"
43/36,1.19444444444,24,6,2,3,2,1,"(0;2,8,8,18)","(0;3,3,12,18)"
593/495,1.19797979798,4,6,2,2,1,1,"(0;2,4,20,495)","(0;2,5,10,495)"
1007/840,1.19880952381,11,6,2,2,1,1,"(0;2,4,20,840)","(0;2,4,21,280)"
6/5,1.2,35,6,2,3,3,1,"(0;2,4,40,40)","(0;2,7,7,70)"
317/264,1.20075757576,10,6,2,2,1,1,"(0;2,4,21,616)","(0;2,4,22,264)"
217/180,1.20555555556,19,6,2,3,1,1,"(0;2,4,36,60)","(0;3,4,5,90)"
239/198,1.20707070707,8,6,2,2,1,1,"(0;2,4,24,792)","(0;2,4,36,66)"
169/140,1.20714285714,16,6,2,2,1,1,"(0;2,4,24,840)","(0;2,4,25,350)"
29/24,1.20833333333,38,6,2,3,2,1,"(0;2,8,8,24)","(0;3,3,12,24)"
133/110,1.20909090909,12,6,2,2,2,1,"(0;2,4,25,1100)","(0;2,4,30,132)"
382/315,1.2126984127,12,6,2,2,1,1,"(0;2,4,27,3780)","(0;2,4,28,630)"
17/14,1.21428571429,27,6,2,3,3,1,"(0;2,7,14,14)","(0;2,2,2,4,28)"
481/396,1.21464646465,11,6,2,2,1,1,"(0;2,4,30,495)","(0;2,4,33,198)"
73/60,1.21666666667,43,6,2,3,2,1,"(0;2,6,15,20)","(0;3,4,6,30)"
67/55,1.21818181818,9,6,2,2,1,1,"(0;2,4,32,1760)","(0;2,4,33,660)"
11/9,1.22222222222,37,6,2,3,2,1,"(0;2,8,8,36)","(0;3,3,12,36)"
257/210,1.22380952381,19,6,2,3,1,1,"(0;2,5,21,35)","(0;2,7,9,45)"
49/40,1.225,32,6,2,3,2,1,"(0;2,8,8,40)","(0;3,3,12,40)"
809/660,1.22575757576,13,6,2,2,1,1,"(0;2,4,42,2310)","(0;2,4,44,660)"
27/22,1.22727272727,22,6,2,3,2,1,"(0;2,8,8,44)","(0;3,3,12,44)"
443/360,1.23055555556,18,6,2,2,1,1,"(0;2,4,52,4680)","(0;2,4,54,1080)"
69/56,1.23214285714,30,6,2,3,2,1,"(0;2,8,8,56)","(0;3,3,12,56)"
1424/1155,1.2329004329,9,6,2,2,1,1,"(0;2,4,60,2310)","(0;2,4,105,132)"
37/30,1.23333333333,57,6,2,3,3,1,"(0;2,8,8,60)","(0;3,3,12,60)"
163/132,1.23484848485,25,6,2,3,2,1,"(0;2,8,8,66)","(0;3,3,12,66)"
26/21,1.2380952381,46,6,2,3,2,1,"(0;2,8,8,84)","(0;3,3,12,84)"
223/180,1.23888888889,41,6,2,3,2,1,"(0;2,6,15,36)","(0;2,8,9,40)"
521/420,1.24047619048,33,6,2,3,2,1,"(0;2,7,15,20)","(0;3,4,7,30)"
149/120,1.24166666667,55,6,2,3,2,1,"(0;2,8,8,120)","(0;3,3,12,120)"
41/33,1.24242424242,43,6,2,3,2,1,"(0;2,8,8,132)","(0;3,3,12,132)"
56/45,1.24444444444,64,6,2,3,2,1,"(0;2,8,8,180)","(0;3,3,12,180)"
157/126,1.24603174603,56,6,2,3,2,1,"(0;2,8,8,252)","(0;3,3,12,252)"
5/4,1.25,59,6,2,3,2,2,"(0;2,6,24,24)","(0;2,9,9,36)"
1651/1320,1.25075757576,5,6,2,2,1,1,"(0;2,5,21,616)","(0;2,5,22,264)"
113/90,1.25555555556,25,6,2,3,1,1,"(0;2,5,36,60)","(0;3,5,5,90)"
211/168,1.25595238095,16,6,2,2,1,1,"(0;2,5,24,420)","(0;2,5,28,120)"
44/35,1.25714285714,26,6,2,3,3,1,"(0;5,5,5,7)","(0;2,2,2,7,10)"
151/120,1.25833333333,33,6,2,3,2,1,"(0;2,8,15,20)","(0;3,4,8,30)"
277/220,1.25909090909,12,6,2,2,1,1,"(0;2,5,25,1100)","(0;2,5,30,132)"
91/72,1.26388888889,26,6,2,2,2,1,"(0;2,5,28,2520)","(0;2,5,30,360)"
177/140,1.26428571429,20,6,2,3,2,1,"(0;2,5,56,56)","(0;3,4,7,105)"
626/495,1.26464646465,9,6,2,2,1,1,"(0;2,5,30,495)","(0;2,5,33,198)"
195/154,1.26623376623,12,6,2,2,2,1,"(0;2,5,30,2310)","(0;2,6,15,2310)"
19/15,1.26666666667,51,6,2,3,3,1,"(0;2,5,42,105)","(0;3,4,7,140)"
80/63,1.26984126984,20,6,2,2,1,1,"(0;2,5,35,630)","(0;2,5,36,420)"
229/180,1.27222222222,33,6,2,3,3,1,"(0;2,9,15,20)","(0;3,4,9,30)"
107/84,1.27380952381,40,6,2,3,2,1,"(0;2,6,28,42)","(0;2,8,12,56)"
51/40,1.275,39,6,2,3,3,1,"(0;2,8,20,20)","(0;2,2,2,5,40)"
421/330,1.27575757576,18,6,2,2,1,1,"(0;2,5,42,2310)","(0;2,5,44,660)"
23/18,1.27777777778,47,6,2,3,3,1,"(0;2,8,18,24)","(0;3,4,9,36)"
269/210,1.28095238095,30,6,2,2,1,1,"(0;2,5,53,5565)","(0;2,5,54,1890)"
359/280,1.28214285714,32,6,2,3,2,1,"(0;2,7,20,40)","(0;4,4,5,56)"
77/60,1.28333333333,69,6,2,3,3,1,"(0;2,5,108,135)","(0;2,6,22,220)"
113/88,1.28409090909,25,6,2,2,2,1,"(0;2,5,63,27720)","(0;2,5,64,3520)"
212/165,1.28484848485,29,6,2,2,2,1,"(0;2,5,67,4422)","(0;2,5,68,2244)"
649/504,1.2876984127,21,6,2,2,1,1,"(0;2,5,84,2520)","(0;2,5,90,840)"
58/45,1.28888888889,60,6,2,3,3,1,"(0;2,5,150,225)","(0;2,8,12,360)"
298/231,1.29004329004,20,6,2,2,1,1,"(0;2,5,102,6545)","(0;2,5,105,2310)"
271/210,1.29047619048,44,6,2,3,2,1,"(0;2,14,14,15)","(0;3,5,7,30)"
31/24,1.29166666667,90,6,2,3,2,1,"(0;2,6,40,60)","(0;2,8,14,84)"
853/660,1.29242424242,40,6,2,3,2,1,"(0;2,11,15,20)","(0;3,4,11,30)"
1633/1260,1.29603174603,57,6,2,2,2,1,"(0;2,5,253,63756)","(0;2,5,254,32004)"
109/84,1.29761904762,112,6,2,3,2,1,"(0;2,6,42,84)","(0;2,7,20,105)"
257/198,1.29797979798,44,6,2,2,2,1,"(0;2,5,496,245520)","(0;2,5,498,82170)"
1091/840,1.29880952381,120,6,2,2,2,1,"(0;2,5,841,706440)","(0;2,5,842,353640)"
13/10,1.3,76,6,2,3,3,2,"(0;2,6,50,75)","(0;2,10,11,110)"
82/63,1.30158730159,35,6,2,3,2,1,"(0;2,6,63,63)","(0;3,3,56,72)"
47/36,1.30555555556,60,6,2,3,2,1,"(0;2,6,54,108)","(0;2,8,16,144)"
183/140,1.30714285714,32,6,2,2,2,1,"(0;2,6,39,1820)","(0;2,6,40,840)"
2417/1848,1.3079004329,14,6,2,2,1,1,"(0;2,6,40,2310)","(0;2,6,42,616)"
157/120,1.30833333333,52,6,2,3,3,1,"(0;2,6,80,80)","(0;3,3,72,90)"
72/55,1.30909090909,28,6,2,3,3,1,"(0;5,5,5,11)","(0;2,2,2,10,11)"
827/630,1.3126984127,28,6,2,3,1,1,"(0;2,7,36,60)","(0;3,5,7,90)"
473/360,1.31388888889,32,6,2,2,1,1,"(0;2,6,52,4680)","(0;2,6,54,1080)"
46/35,1.31428571429,48,6,2,3,1,1,"(0;2,7,25,350)","(0;3,3,63,315)"
221/168,1.31547619048,57,6,2,3,2,1,"(0;2,8,20,105)","(0;3,5,7,120)"
2027/1540,1.31623376623,13,6,2,2,1,1,"(0;2,6,60,2310)","(0;2,6,105,132)"
79/60,1.31666666667,96,6,2,3,3,1,"(0;2,6,108,135)","(0;3,3,105,140)"
29/22,1.31818181818,48,6,2,2,2,1,"(0;2,6,67,4422)","(0;2,6,68,2244)"
95/72,1.31944444444,67,6,2,3,2,1,"(0;2,6,99,264)","(0;2,8,19,342)"
37/28,1.32142857143,86,6,2,3,2,1,"(0;2,6,133,228)","(0;3,3,132,231)"
916/693,1.32178932179,23,6,2,2,1,1,"(0;2,6,87,20097)","(0;2,6,88,5544)"
119/90,1.32222222222,78,6,2,3,2,1,"(0;2,6,171,190)","(0;3,3,165,198)"
139/105,1.32380952381,66,6,2,3,2,1,"(0;2,7,50,75)","(0;2,9,18,105)"
53/40,1.325,107,6,2,3,2,1,"(0;2,6,220,264)","(0;3,3,216,270)"
175/132,1.32575757576,78,6,2,2,2,1,"(0;2,6,133,17556)","(0;2,6,134,8844)"
239/180,1.32777777778,107,6,2,3,2,1,"(0;2,6,216,1080)","(0;2,7,35,1260)"
335/252,1.32936507937,113,6,2,3,2,1,"(0;2,9,24,56)","(0;2,12,14,63)"
479/360,1.33055555556,133,6,2,3,2,1,"(0;2,8,27,135)","(0;2,10,16,144)"
373/280,1.33214285714,227,6,2,3,2,1,"(0;2,6,1640,1722)","(0;3,3,1624,1740)"
3079/2310,1.3329004329,263,6,2,2,2,1,"(0;2,6,2311,5338410)","(0;2,6,2312,2670360)"
4/3,1.33333333333,105,6,2,3,3,2,"(0;2,8,32,96)","(0;2,11,15,110)"
587/440,1.33409090909,12,6,2,3,1,1,"(0;2,8,44,55)","(0;2,11,16,80)"
241/180,1.33888888889,40,6,2,3,2,1,"(0;2,12,18,45)","(0;3,5,9,60)"
75/56,1.33928571429,41,6,2,3,3,1,"(0;3,7,7,24)","(0;2,2,2,8,28)"
1061/792,1.33964646465,15,6,2,2,1,1,"(0;2,7,63,616)","(0;2,8,30,495)"
563/420,1.34047619048,50,6,2,2,2,1,"(0;2,7,61,3660)","(0;2,7,62,1860)"
161/120,1.34166666667,56,6,2,3,2,1,"(0;2,7,84,280)","(0;2,8,33,330)"
310/231,1.34199134199,24,6,2,2,2,1,"(0;2,7,67,4422)","(0;2,7,68,2244)"
443/330,1.34242424242,22,6,2,2,2,1,"(0;2,7,68,78540)","(0;2,7,70,2310)"
121/90,1.34444444444,57,6,2,3,3,1,"(0;2,9,36,60)","(0;3,5,9,90)"
424/315,1.34603174603,46,6,2,2,2,1,"(0;2,7,91,8190)","(0;2,7,92,4140)"
97/72,1.34722222222,61,6,2,2,2,1,"(0;2,7,101,50904)","(0;2,7,102,8568)"
283/210,1.34761904762,41,6,2,3,2,1,"(0;2,15,20,28)","(0;3,4,28,30)"
2669/1980,1.34797979798,17,6,2,2,1,1,"(0;2,7,110,13860)","(0;2,7,132,630)"
1247/924,1.34956709957,42,6,2,2,2,1,"(0;2,7,133,17556)","(0;2,7,134,8844)"
27/20,1.35,98,6,2,3,3,1,"(0;2,8,80,80)","(0;2,14,14,140)"
1783/1320,1.35075757576,20,6,2,2,1,1,"(0;2,7,160,7392)","(0;2,7,165,3080)"
341/252,1.35317460317,73,6,2,3,2,1,"(0;2,7,441,588)","(0;2,12,16,1008)"
134/99,1.35353535354,44,6,2,3,2,1,"(0;2,18,22,22)","(0;3,5,11,45)"
61/45,1.35555555556,125,6,2,3,3,1,"(0;2,8,72,180)","(0;2,10,25,225)"
19/14,1.35714285714,70,6,2,3,2,2,"(0;2,9,56,72)","(0;2,12,20,105)"
163/120,1.35833333333,72,6,2,3,3,1,"(0;2,8,75,300)","(0;3,4,18,360)"
299/220,1.35909090909,32,6,2,3,2,1,"(0;2,10,44,55)","(0;2,11,28,70)"
359/264,1.35984848485,32,6,2,3,2,1,"(0;2,8,102,187)","(0;2,11,22,264)"
49/36,1.36111111111,86,6,2,3,3,1,"(0;2,9,60,90)","(0;2,12,21,126)"
491/360,1.36388888889,62,6,2,3,2,1,"(0;2,8,140,252)","(0;2,10,30,360)"
191/140,1.36428571429,50,6,2,3,3,1,"(0;5,5,5,28)","(0;2,2,2,10,28)"
1351/990,1.36464646465,27,6,2,3,1,1,"(0;2,11,36,60)","(0;3,5,11,90)"
1147/840,1.36547619048,43,6,2,3,2,1,"(0;2,15,20,56)","(0;3,4,30,56)"
526/385,1.36623376623,20,6,2,2,1,1,"(0;2,8,115,14168)","(0;2,8,120,2310)"
41/30,1.36666666667,120,6,2,3,3,1,"(0;2,9,90,90)","(0;2,13,20,156)"
361/264,1.36742424242,57,6,2,3,2,1,"(0;2,11,30,120)","(0;3,4,24,132)"
301/220,1.36818181818,39,6,2,3,1,1,"(0;2,15,20,66)","(0;3,4,30,66)"
691/504,1.37103174603,72,6,2,2,2,1,"(0;2,8,253,63756)","(0;2,8,254,32004)"
48/35,1.37142857143,80,6,2,3,3,1,"(0;2,15,20,84)","(0;3,4,30,84)"
247/180,1.37222222222,132,6,2,3,3,1,"(0;2,9,108,135)","(0;2,10,44,198)"
423/308,1.37337662338,63,6,2,3,2,1,"(0;2,9,126,132)","(0;2,11,32,224)"
136/99,1.37373737374,86,6,2,2,2,1,"(0;2,8,793,628056)","(0;2,8,794,314424)"
577/420,1.37380952381,142,6,2,3,2,1,"(0;2,10,60,105)","(0;2,14,21,140)"
11/8,1.375,117,6,2,3,3,2,"(0;2,9,96,288)","(0;2,15,18,360)"
227/165,1.37575757576,44,6,2,3,2,1,"(0;2,15,20,132)","(0;3,4,30,132)"
62/45,1.37777777778,83,6,2,3,3,1,"(0;2,12,45,60)","(0;3,4,40,72)"
869/630,1.37936507937,42,6,2,3,2,1,"(0;2,15,20,252)","(0;3,4,30,252)"
29/21,1.38095238095,100,6,2,3,3,1,"(0;2,12,42,84)","(0;2,2,2,9,126)"
547/396,1.38131313131,61,6,2,3,2,1,"(0;2,9,264,264)","(0;2,12,30,495)"
387/280,1.38214285714,52,6,2,3,3,1,"(0;2,15,20,840)","(0;3,4,30,840)"
83/60,1.38333333333,156,6,2,3,3,1,"(0;2,9,270,540)","(0;2,13,26,780)"
609/440,1.38409090909,40,6,2,3,2,1,"(0;2,11,80,80)","(0;2,15,24,132)"
457/330,1.38484848485,66,6,2,3,3,1,"(0;5,5,5,66)","(0;2,2,2,10,66)"
349/252,1.38492063492,82,6,2,3,2,1,"(0;2,18,28,42)","(0;3,7,8,72)"
25/18,1.38888888889,124,6,2,3,3,2,"(0;2,11,99,99)","(0;2,19,19,171)"
389/280,1.38928571429,39,6,2,3,1,1,"(0;2,10,112,560)","(0;2,11,55,616)"
146/105,1.39047619048,69,6,2,3,3,1,"(0;2,14,42,70)","(0;3,5,15,105)"
857/616,1.39123376623,32,6,2,2,2,1,"(0;2,10,115,14168)","(0;2,10,120,2310)"
167/120,1.39166666667,114,6,2,3,3,1,"(0;2,10,195,312)","(0;2,11,66,440)"
919/660,1.39242424242,78,6,2,3,3,1,"(0;2,14,35,132)","(0;3,4,66,110)"
46/33,1.39393939394,86,6,2,3,3,1,"(0;2,12,66,132)","(0;2,15,30,165)"
1759/1260,1.39603174603,72,6,2,3,3,1,"(0;5,5,5,252)","(0;2,2,2,10,252)"
503/360,1.39722222222,108,6,2,3,3,1,"(0;2,12,90,120)","(0;2,18,24,180)"
692/495,1.39797979798,73,6,2,3,3,1,"(0;2,11,115,414)","(0;2,15,30,495)"
235/168,1.39880952381,178,6,2,3,3,1,"(0;2,12,84,168)","(0;2,14,40,210)"
3233/2310,1.39956709957,155,6,2,3,3,1,"(0;5,5,5,2310)","(0;2,2,2,10,2310)"
7/5,1.4,164,6,2,3,3,2,"(0;2,12,96,160)","(0;2,18,25,225)"
