S,p,R_min,R_max,R_min_float,R_max_float,R_minus_closed_form,R_plus_closed_form,triads
11,2,19/20,19/20,0.95,0.95,19/20,8/7,1
12,2,9/10,41/42,0.9,0.976190476190476,9/10,9/8,3
13,2,13/15,23/24,0.866666666666667,0.958333333333333,13/15,10/9,3
14,2,5/6,17/18,0.833333333333333,0.944444444444444,5/6,11/10,4
15,2,17/21,14/15,0.80952380952381,0.933333333333333,17/21,12/11,4
16,2,11/14,61/66,0.785714285714286,0.924242424242424,11/14,13/12,5
17,2,43/56,11/12,0.767857142857143,0.916666666666667,43/56,14/13,5
18,2,3/4,71/78,0.75,0.91025641025641,3/4,15/14,6
19,2,53/72,19/21,0.736111111111111,0.904761904761905,53/72,16/15,6
20,2,13/18,9/10,0.722222222222222,0.9,13/18,17/16,7
21,2,32/45,43/48,0.711111111111111,0.895833333333333,32/45,18/17,7
22,2,7/10,91/102,0.7,0.892156862745098,7/10,19/18,8
23,2,38/55,8/9,0.690909090909091,0.888888888888889,38/55,20/19,8
24,2,15/22,101/114,0.681818181818182,0.885964912280702,15/22,21/20,9
25,2,89/132,53/60,0.674242424242424,0.883333333333333,89/132,22/21,9
26,2,2/3,37/42,0.666666666666667,0.880952380952381,2/3,23/22,10
27,2,103/156,29/33,0.66025641025641,0.878787878787879,103/156,24/23,10
28,2,17/26,121/138,0.653846153846154,0.876811594202899,17/26,25/24,11
29,2,59/91,7/8,0.648351648351648,0.875,59/91,26/25,11
30,2,9/14,131/150,0.642857142857143,0.873333333333333,9/14,27/26,12
31,2,67/105,34/39,0.638095238095238,0.871794871794872,67/105,28/27,12
32,2,19/30,47/54,0.633333333333333,0.87037037037037,19/30,29/28,13
33,2,151/240,73/84,0.629166666666667,0.869047619047619,151/240,30/29,13
34,2,5/8,151/174,0.625,0.867816091954023,5/8,31/30,14
35,2,169/272,13/15,0.621323529411765,0.866666666666667,169/272,32/31,14
36,2,21/34,161/186,0.617647058823529,0.865591397849462,21/34,33/32,15
37,2,94/153,83/96,0.61437908496732,0.864583333333333,94/153,34/33,15
38,2,11/18,19/22,0.611111111111111,0.863636363636364,11/18,35/34,16
39,2,104/171,44/51,0.608187134502924,0.862745098039216,104/171,36/35,16
40,2,23/38,181/210,0.605263157894737,0.861904761904762,23/38,37/36,17
41,2,229/380,31/36,0.602631578947368,0.861111111111111,229/380,38/37,17
42,2,3/5,191/222,0.6,0.86036036036036,3/5,39/38,18
43,2,251/420,49/57,0.597619047619048,0.859649122807018,251/420,40/39,18
44,2,25/42,67/78,0.595238095238095,0.858974358974359,25/42,41/40,19
45,2,137/231,103/120,0.593073593073593,0.858333333333333,137/231,42/41,19
46,2,13/22,211/246,0.590909090909091,0.857723577235772,13/22,43/42,20
47,2,149/253,6/7,0.588932806324111,0.857142857142857,149/253,44/43,20
48,2,27/46,221/258,0.58695652173913,0.856589147286822,27/46,45/44,21
49,2,323/552,113/132,0.585144927536232,0.856060606060606,323/552,46/45,21
50,2,7/12,77/90,0.583333333333333,0.855555555555556,7/12,47/46,22
51,2,349/600,59/69,0.581666666666667,0.855072463768116,349/600,48/47,22
52,2,29/50,241/282,0.58,0.854609929078014,29/50,49/48,23
53,2,188/325,41/48,0.578461538461538,0.854166666666667,188/325,50/49,23
54,2,15/26,251/294,0.576923076923077,0.853741496598639,15/26,51/50,24
55,2,202/351,64/75,0.575498575498576,0.853333333333333,202/351,52/51,24
56,2,31/54,29/34,0.574074074074074,0.852941176470588,31/54,53/52,25
57,2,433/756,133/156,0.572751322751323,0.852564102564103,433/756,54/53,25
58,2,4/7,271/318,0.571428571428571,0.852201257861635,4/7,55/54,26
59,2,463/812,23/27,0.570197044334975,0.851851851851852,463/812,56/55,26
60,2,33/58,281/330,0.568965517241379,0.851515151515152,33/58,57/56,27
61,2,247/435,143/168,0.567816091954023,0.851190476190476,247/435,58/57,27
62,2,17/30,97/114,0.566666666666667,0.850877192982456,17/30,59/58,28
63,2,263/465,74/87,0.565591397849462,0.850574712643678,263/465,60/59,28
64,2,35/62,301/354,0.564516129032258,0.850282485875706,35/62,61/60,29
65,2,559/992,17/20,0.563508064516129,0.85,559/992,62/61,29
66,2,9/16,311/366,0.5625,0.849726775956284,9/16,63/62,30
67,2,593/1056,79/93,0.56155303030303,0.849462365591398,593/1056,64/63,30
68,2,37/66,107/126,0.560606060606061,0.849206349206349,37/66,65/64,31
69,2,314/561,163/192,0.559714795008913,0.848958333333333,314/561,66/65,31
70,2,19/34,331/390,0.558823529411765,0.848717948717949,19/34,67/66,32
71,2,332/595,28/33,0.557983193277311,0.848484848484849,332/595,68/67,32
72,2,39/70,341/402,0.557142857142857,0.848258706467662,39/70,69/68,33
73,2,701/1260,173/204,0.556349206349206,0.848039215686274,701/1260,70/69,33
74,2,5/9,39/46,0.555555555555556,0.847826086956522,5/9,71/70,34
75,2,739/1332,89/105,0.554804804804805,0.847619047619048,739/1332,72/71,34
76,2,41/74,361/426,0.554054054054054,0.847417840375587,41/74,73/72,35
77,2,389/703,61/72,0.553342816500711,0.847222222222222,389/703,74/73,35
78,2,21/38,371/438,0.552631578947368,0.84703196347032,21/38,75/74,36
79,2,409/741,94/111,0.55195681511471,0.846846846846847,409/741,76/75,36
80,2,43/78,127/150,0.551282051282051,0.846666666666667,43/78,77/76,37
81,2,859/1560,193/228,0.550641025641026,0.846491228070175,859/1560,78/77,37
82,2,11/20,391/462,0.55,0.846320346320346,11/20,79/78,38
83,2,901/1640,11/13,0.549390243902439,0.846153846153846,901/1640,80/79,38
84,2,45/82,401/474,0.548780487804878,0.845991561181435,45/82,81/80,39
85,2,472/861,203/240,0.548199767711963,0.845833333333333,472/861,82/81,39
86,2,23/42,137/162,0.547619047619048,0.845679012345679,23/42,83/82,40
87,2,494/903,104/123,0.547065337763012,0.845528455284553,494/903,84/83,40
88,2,47/86,421/498,0.546511627906977,0.845381526104418,47/86,85/84,41
89,2,1033/1892,71/84,0.545983086680761,0.845238095238095,1033/1892,86/85,41
90,2,6/11,431/510,0.545454545454545,0.845098039215686,6/11,87/86,42
91,2,1079/1980,109/129,0.544949494949495,0.844961240310077,1079/1980,88/87,42
92,2,49/90,49/58,0.544444444444444,0.844827586206897,49/90,89/88,43
93,2,563/1035,223/264,0.543961352657005,0.84469696969697,563/1035,90/89,43
94,2,25/46,451/534,0.543478260869565,0.844569288389513,25/46,91/90,44
95,2,587/1081,38/45,0.543015726179463,0.844444444444444,587/1081,92/91,44
96,2,51/94,461/546,0.542553191489362,0.844322344322344,51/94,93/92,45
97,2,1223/2256,233/276,0.542109929078014,0.844202898550725,1223/2256,94/93,45
98,2,13/24,157/186,0.541666666666667,0.844086021505376,13/24,95/94,46
99,2,1273/2352,119/141,0.541241496598639,0.843971631205674,1273/2352,96/95,46
100,2,53/98,481/570,0.540816326530612,0.843859649122807,53/98,97/96,47
101,2,662/1225,27/32,0.540408163265306,0.84375,662/1225,98/97,47
102,2,27/50,491/582,0.54,0.843642611683849,27/50,99/98,48
103,2,688/1275,124/147,0.539607843137255,0.843537414965986,688/1275,100/99,48
104,2,55/102,167/198,0.53921568627451,0.843434343434343,55/102,101/100,49
105,2,1429/2652,253/300,0.538838612368024,0.843333333333333,1429/2652,102/101,49
106,2,7/13,511/606,0.538461538461538,0.843234323432343,7/13,103/102,50
107,2,1483/2756,43/51,0.538098693759071,0.843137254901961,1483/2756,104/103,50
108,2,57/106,521/618,0.537735849056604,0.843042071197411,57/106,105/104,51
109,2,769/1431,263/312,0.53738644304682,0.842948717948718,769/1431,106/105,51
110,2,29/54,59/70,0.537037037037037,0.842857142857143,29/54,107/106,52
111,2,797/1485,134/159,0.536700336700337,0.842767295597484,797/1485,108/107,52
112,2,59/110,541/642,0.536363636363636,0.842679127725857,59/110,109/108,53
113,2,1651/3080,91/108,0.536038961038961,0.842592592592593,1651/3080,110/109,53
114,2,15/28,551/654,0.535714285714286,0.842507645259939,15/28,111/110,54
115,2,1709/3192,139/165,0.535401002506266,0.842424242424242,1709/3192,112/111,54
116,2,61/114,187/222,0.535087719298246,0.842342342342342,61/114,113/112,55
117,2,884/1653,283/336,0.534785238959468,0.842261904761905,884/1653,114/113,55
118,2,31/58,571/678,0.53448275862069,0.842182890855457,31/58,115/114,56
119,2,914/1711,16/19,0.534190531852718,0.842105263157895,914/1711,116/115,56
120,2,63/118,581/690,0.533898305084746,0.842028985507246,63/118,117/116,57
10,3,11/12,11/12,0.916666666666667,0.916666666666667,11/12,11/12,1
11,3,5/6,13/15,0.833333333333333,0.866666666666667,5/6,13/15,2
12,3,47/60,5/6,0.783333333333333,0.833333333333333,47/60,5/6,2
13,3,11/15,17/21,0.733333333333333,0.80952380952381,11/15,17/21,3
14,3,7/10,19/24,0.7,0.791666666666667,7/10,19/24,3
15,3,2/3,7/9,0.666666666666667,0.777777777777778,2/3,7/9,4
16,3,9/14,23/30,0.642857142857143,0.766666666666667,9/14,23/30,4
17,3,13/21,25/33,0.619047619047619,0.757575757575758,13/21,25/33,5
18,3,101/168,3/4,0.601190476190476,0.75,101/168,3/4,5
19,3,7/12,29/39,0.583333333333333,0.743589743589744,7/12,29/39,6
20,3,41/72,31/42,0.569444444444444,0.738095238095238,41/72,31/42,6
21,3,5/9,11/15,0.555555555555556,0.733333333333333,5/9,11/15,7
22,3,49/90,35/48,0.544444444444444,0.729166666666667,49/90,35/48,7
23,3,8/15,37/51,0.533333333333333,0.725490196078431,8/15,37/51,8
24,3,173/330,13/18,0.524242424242424,0.722222222222222,173/330,13/18,8
25,3,17/33,41/57,0.515151515151515,0.719298245614035,17/33,41/57,9
26,3,67/132,43/60,0.507575757575758,0.716666666666667,67/132,43/60,9
27,3,1/2,5/7,0.5,0.714285714285714,1/2,5/7,10
28,3,77/156,47/66,0.493589743589744,0.712121212121212,77/156,47/66,10
29,3,19/39,49/69,0.487179487179487,0.710144927536232,19/39,49/69,11
30,3,263/546,17/24,0.481684981684982,0.708333333333333,263/546,17/24,11
31,3,10/21,53/75,0.476190476190476,0.706666666666667,10/21,53/75,12
32,3,33/70,55/78,0.471428571428571,0.705128205128205,33/70,55/78,12
33,3,7/15,19/27,0.466666666666667,0.703703703703704,7/15,19/27,13
34,3,37/80,59/84,0.4625,0.702380952380952,37/80,59/84,13
35,3,11/24,61/87,0.458333333333333,0.701149425287356,11/24,61/87,14
36,3,371/816,7/10,0.454656862745098,0.7,371/816,7/10,14
37,3,23/51,65/93,0.450980392156863,0.698924731182796,23/51,65/93,15
38,3,137/306,67/96,0.447712418300654,0.697916666666667,137/306,67/96,15
39,3,4/9,23/33,0.444444444444444,0.696969696969697,4/9,23/33,16
40,3,151/342,71/102,0.441520467836257,0.696078431372549,151/342,71/102,16
41,3,25/57,73/105,0.43859649122807,0.695238095238095,25/57,73/105,17
42,3,497/1140,25/36,0.435964912280702,0.694444444444444,497/1140,25/36,17
43,3,13/30,77/111,0.433333333333333,0.693693693693694,13/30,77/111,18
44,3,181/420,79/114,0.430952380952381,0.692982456140351,181/420,79/114,18
45,3,3/7,9/13,0.428571428571429,0.692307692307692,3/7,9/13,19
46,3,197/462,83/120,0.426406926406926,0.691666666666667,197/462,83/120,19
47,3,14/33,85/123,0.424242424242424,0.691056910569106,14/33,85/123,20
48,3,641/1518,29/42,0.422266139657444,0.69047619047619,641/1518,29/42,20
49,3,29/69,89/129,0.420289855072464,0.689922480620155,29/69,89/129,21
50,3,77/184,91/132,0.418478260869565,0.689393939393939,77/184,91/132,21
51,3,5/12,31/45,0.416666666666667,0.688888888888889,5/12,31/45,22
52,3,83/200,95/138,0.415,0.688405797101449,83/200,95/138,22
53,3,31/75,97/141,0.413333333333333,0.687943262411348,31/75,97/141,23
54,3,803/1950,11/16,0.411794871794872,0.6875,803/1950,11/16,23
55,3,16/39,101/147,0.41025641025641,0.687074829931973,16/39,101/147,24
56,3,287/702,103/150,0.408831908831909,0.686666666666667,287/702,103/150,24
57,3,11/27,35/51,0.407407407407407,0.686274509803922,11/27,35/51,25
58,3,307/756,107/156,0.406084656084656,0.685897435897436,307/756,107/156,25
59,3,17/42,109/159,0.404761904761905,0.685534591194969,17/42,109/159,26
60,3,983/2436,37/54,0.403530377668309,0.685185185185185,983/2436,37/54,26
61,3,35/87,113/165,0.402298850574713,0.684848484848485,35/87,113/165,27
62,3,349/870,115/168,0.401149425287356,0.68452380952381,349/870,115/168,27
63,3,2/5,13/19,0.4,0.684210526315789,2/5,13/19,28
64,3,371/930,119/174,0.398924731182796,0.683908045977011,371/930,119/174,28
65,3,37/93,121/177,0.397849462365591,0.68361581920904,37/93,121/177,29
66,3,1181/2976,41/60,0.396841397849462,0.683333333333333,1181/2976,41/60,29
67,3,19/48,125/183,0.395833333333333,0.683060109289617,19/48,125/183,30
68,3,139/352,127/186,0.394886363636364,0.682795698924731,139/352,127/186,30
69,3,13/33,43/63,0.393939393939394,0.682539682539683,13/33,43/63,31
70,3,147/374,131/192,0.393048128342246,0.682291666666667,147/374,131/192,31
71,3,20/51,133/195,0.392156862745098,0.682051282051282,20/51,133/195,32
72,3,1397/3570,15/22,0.391316526610644,0.681818181818182,1397/3570,15/22,32
73,3,41/105,137/201,0.39047619047619,0.681592039800995,41/105,137/201,33
74,3,491/1260,139/204,0.38968253968254,0.681372549019608,491/1260,139/204,33
75,3,7/18,47/69,0.388888888888889,0.681159420289855,7/18,47/69,34
76,3,517/1332,143/210,0.388138138138138,0.680952380952381,517/1332,143/210,34
77,3,43/111,145/213,0.387387387387387,0.68075117370892,43/111,145/213,35
78,3,1631/4218,49/72,0.386676149834045,0.680555555555556,1631/4218,49/72,35
79,3,22/57,149/219,0.385964912280702,0.680365296803653,22/57,149/219,36
80,3,571/1482,151/222,0.385290148448043,0.68018018018018,571/1482,151/222,36
81,3,5/13,17/25,0.384615384615385,0.68,5/13,17/25,37
82,3,599/1560,155/228,0.383974358974359,0.679824561403509,599/1560,155/228,37
83,3,23/60,157/231,0.383333333333333,0.67965367965368,23/60,157/231,38
84,3,1883/4920,53/78,0.382723577235772,0.67948717948718,1883/4920,53/78,38
85,3,47/123,161/237,0.382113821138211,0.679324894514768,47/123,161/237,39
86,3,219/574,163/240,0.381533101045296,0.679166666666667,219/574,163/240,39
87,3,8/21,55/81,0.380952380952381,0.679012345679012,8/21,55/81,40
88,3,229/602,167/246,0.380398671096346,0.678861788617886,229/602,167/246,40
89,3,49/129,169/249,0.37984496124031,0.678714859437751,49/129,169/249,41
90,3,2153/5676,19/28,0.379316420014094,0.678571428571429,2153/5676,19/28,41
91,3,25/66,173/255,0.378787878787879,0.67843137254902,25/66,173/255,42
92,3,749/1980,175/258,0.378282828282828,0.678294573643411,749/1980,175/258,42
93,3,17/45,59/87,0.377777777777778,0.67816091954023,17/45,59/87,43
94,3,781/2070,179/264,0.377294685990338,0.678030303030303,781/2070,179/264,43
95,3,26/69,181/267,0.376811594202899,0.677902621722846,26/69,181/267,44
96,3,2441/6486,61/90,0.376349059512797,0.677777777777778,2441/6486,61/90,44
97,3,53/141,185/273,0.375886524822695,0.677655677655678,53/141,185/273,45
98,3,847/2256,187/276,0.375443262411348,0.677536231884058,847/2256,187/276,45
99,3,3/8,21/31,0.375,0.67741935483871,3/8,21/31,46
100,3,881/2352,191/282,0.374574829931973,0.677304964539007,881/2352,191/282,46
101,3,55/147,193/285,0.374149659863946,0.67719298245614,55/147,193/285,47
102,3,2747/7350,65/96,0.373741496598639,0.677083333333333,2747/7350,65/96,47
103,3,28/75,197/291,0.373333333333333,0.676975945017182,28/75,197/291,48
104,3,317/850,199/294,0.372941176470588,0.67687074829932,317/850,199/294,48
105,3,19/51,67/99,0.372549019607843,0.676767676767677,19/51,67/99,49
106,3,329/884,203/300,0.372171945701357,0.676666666666667,329/884,203/300,49
107,3,29/78,205/303,0.371794871794872,0.676567656765677,29/78,205/303,50
108,3,3071/8268,23/34,0.371432027092404,0.676470588235294,3071/8268,23/34,50
109,3,59/159,209/309,0.371069182389937,0.676375404530744,59/159,209/309,51
110,3,1061/2862,211/312,0.370719776380154,0.676282051282051,1061/2862,211/312,51
111,3,10/27,71/105,0.37037037037037,0.676190476190476,10/27,71/105,52
112,3,1099/2970,215/318,0.37003367003367,0.676100628930818,1099/2970,215/318,52
113,3,61/165,217/321,0.36969696969697,0.67601246105919,61/165,217/321,53
114,3,3413/9240,73/108,0.369372294372294,0.675925925925926,3413/9240,73/108,53
115,3,31/84,221/327,0.369047619047619,0.675840978593272,31/84,221/327,54
116,3,1177/3192,223/330,0.368734335839599,0.675757575757576,1177/3192,223/330,54
117,3,7/19,25/37,0.368421052631579,0.675675675675676,7/19,25/37,55
118,3,1217/3306,227/336,0.368118572292801,0.675595238095238,1217/3306,227/336,55
119,3,32/87,229/339,0.367816091954023,0.675516224188791,32/87,229/339,56
120,3,3773/10266,77/114,0.367523865186051,0.675438596491228,3773/10266,77/114,56
12,4,3/4,3/4,0.75,0.75,3/4,3/4,1
13,4,7/10,7/10,0.7,0.7,7/10,7/10,1
14,4,13/20,2/3,0.65,0.666666666666667,13/20,2/3,2
15,4,37/60,9/14,0.616666666666667,0.642857142857143,37/60,9/14,2
16,4,7/12,5/8,0.583333333333333,0.625,7/12,5/8,3
17,4,47/84,11/18,0.55952380952381,0.611111111111111,47/84,11/18,3
18,4,15/28,3/5,0.535714285714286,0.6,15/28,3/5,4
19,4,29/56,13/22,0.517857142857143,0.590909090909091,29/56,13/22,4
20,4,1/2,7/12,0.5,0.583333333333333,1/2,7/12,5
21,4,35/72,15/26,0.486111111111111,0.576923076923077,35/72,15/26,5
22,4,17/36,4/7,0.472222222222222,0.571428571428571,17/36,4/7,6
23,4,83/180,17/30,0.461111111111111,0.566666666666667,83/180,17/30,6
24,4,9/20,9/16,0.45,0.5625,9/20,9/16,7
25,4,97/220,19/34,0.440909090909091,0.558823529411765,97/220,19/34,7
26,4,19/44,5/9,0.431818181818182,0.555555555555556,19/44,5/9,8
27,4,14/33,21/38,0.424242424242424,0.552631578947368,14/33,21/38,8
28,4,5/12,11/20,0.416666666666667,0.55,5/12,11/20,9
29,4,16/39,23/42,0.41025641025641,0.547619047619048,16/39,23/42,9
30,4,21/52,6/11,0.403846153846154,0.545454545454545,21/52,6/11,10
31,4,145/364,25/46,0.398351648351648,0.543478260869565,145/364,25/46,10
32,4,11/28,13/24,0.392857142857143,0.541666666666667,11/28,13/24,11
33,4,163/420,27/50,0.388095238095238,0.54,163/420,27/50,11
34,4,23/60,7/13,0.383333333333333,0.538461538461538,23/60,7/13,12
35,4,91/240,29/54,0.379166666666667,0.537037037037037,91/240,29/54,12
36,4,3/8,15/28,0.375,0.535714285714286,3/8,15/28,13
37,4,101/272,31/58,0.371323529411765,0.53448275862069,101/272,31/58,13
38,4,25/68,8/15,0.367647058823529,0.533333333333333,25/68,8/15,14
39,4,223/612,33/62,0.36437908496732,0.532258064516129,223/612,33/62,14
40,4,13/36,17/32,0.361111111111111,0.53125,13/36,17/32,15
41,4,245/684,35/66,0.358187134502924,0.53030303030303,245/684,35/66,15
42,4,27/76,9/17,0.355263157894737,0.529411764705882,27/76,9/17,16
43,4,67/190,37/70,0.352631578947368,0.528571428571429,67/190,37/70,16
44,4,7/20,19/36,0.35,0.527777777777778,7/20,19/36,17
45,4,73/210,39/74,0.347619047619048,0.527027027027027,73/210,39/74,17
46,4,29/84,10/19,0.345238095238095,0.526315789473684,29/84,10/19,18
47,4,317/924,41/78,0.343073593073593,0.525641025641026,317/924,41/78,18
48,4,15/44,21/40,0.340909090909091,0.525,15/44,21/40,19
49,4,343/1012,43/82,0.338932806324111,0.524390243902439,343/1012,43/82,19
50,4,31/92,11/21,0.33695652173913,0.523809523809524,31/92,11/21,20
51,4,185/552,45/86,0.335144927536232,0.523255813953488,185/552,45/86,20
52,4,1/3,23/44,0.333333333333333,0.522727272727273,1/3,23/44,21
53,4,199/600,47/90,0.331666666666667,0.522222222222222,199/600,47/90,21
54,4,33/100,12/23,0.33,0.521739130434783,33/100,12/23,22
55,4,427/1300,49/94,0.328461538461538,0.521276595744681,427/1300,49/94,22
56,4,17/52,25/48,0.326923076923077,0.520833333333333,17/52,25/48,23
57,4,457/1404,51/98,0.325498575498575,0.520408163265306,457/1404,51/98,23
58,4,35/108,13/25,0.324074074074074,0.52,35/108,13/25,24
59,4,61/189,53/102,0.322751322751323,0.519607843137255,61/189,53/102,24
60,4,9/28,27/52,0.321428571428571,0.519230769230769,9/28,27/52,25
61,4,65/203,55/106,0.320197044334975,0.518867924528302,65/203,55/106,25
62,4,37/116,14/27,0.318965517241379,0.518518518518518,37/116,14/27,26
63,4,553/1740,57/110,0.317816091954023,0.518181818181818,553/1740,57/110,26
64,4,19/60,29/56,0.316666666666667,0.517857142857143,19/60,29/56,27
65,4,587/1860,59/114,0.315591397849462,0.517543859649123,587/1860,59/114,27
66,4,39/124,15/29,0.314516129032258,0.517241379310345,39/124,15/29,28
67,4,311/992,61/118,0.313508064516129,0.516949152542373,311/992,61/118,28
68,4,5/16,31/60,0.3125,0.516666666666667,5/16,31/60,29
69,4,329/1056,63/122,0.31155303030303,0.516393442622951,329/1056,63/122,29
70,4,41/132,16/31,0.310606060606061,0.516129032258065,41/132,16/31,30
71,4,695/2244,65/126,0.309714795008913,0.515873015873016,695/2244,65/126,30
72,4,21/68,33/64,0.308823529411765,0.515625,21/68,33/64,31
73,4,733/2380,67/130,0.307983193277311,0.515384615384615,733/2380,67/130,31
74,4,43/140,17/33,0.307142857142857,0.515151515151515,43/140,17/33,32
75,4,193/630,69/134,0.306349206349206,0.514925373134328,193/630,69/134,32
76,4,11/36,35/68,0.305555555555556,0.514705882352941,11/36,35/68,33
77,4,203/666,71/138,0.304804804804805,0.514492753623188,203/666,71/138,33
78,4,45/148,18/35,0.304054054054054,0.514285714285714,45/148,18/35,34
79,4,853/2812,73/142,0.303342816500711,0.514084507042254,853/2812,73/142,34
80,4,23/76,37/72,0.302631578947368,0.513888888888889,23/76,37/72,35
81,4,895/2964,75/146,0.30195681511471,0.513698630136986,895/2964,75/146,35
82,4,47/156,19/37,0.301282051282051,0.513513513513513,47/156,19/37,36
83,4,469/1560,77/150,0.300641025641026,0.513333333333333,469/1560,77/150,36
84,4,3/10,39/76,0.3,0.513157894736842,3/10,39/76,37
85,4,491/1640,79/154,0.299390243902439,0.512987012987013,491/1640,79/154,37
86,4,49/164,20/39,0.298780487804878,0.512820512820513,49/164,20/39,38
87,4,1027/3444,81/158,0.298199767711963,0.512658227848101,1027/3444,81/158,38
88,4,25/84,41/80,0.297619047619048,0.5125,25/84,41/80,39
89,4,1073/3612,83/162,0.297065337763012,0.512345679012346,1073/3612,83/162,39
90,4,51/172,21/41,0.296511627906977,0.51219512195122,51/172,21/41,40
91,4,140/473,85/166,0.295983086680761,0.512048192771084,140/473,85/166,40
92,4,13/44,43/84,0.295454545454545,0.511904761904762,13/44,43/84,41
93,4,146/495,87/170,0.294949494949495,0.511764705882353,146/495,87/170,41
94,4,53/180,22/43,0.294444444444444,0.511627906976744,53/180,22/43,42
95,4,1217/4140,89/174,0.293961352657005,0.511494252873563,1217/4140,89/174,42
96,4,27/92,45/88,0.293478260869565,0.511363636363636,27/92,45/88,43
97,4,1267/4324,91/178,0.293015726179463,0.51123595505618,1267/4324,91/178,43
98,4,55/188,23/45,0.292553191489362,0.511111111111111,55/188,23/45,44
99,4,659/2256,93/182,0.292109929078014,0.510989010989011,659/2256,93/182,44
100,4,7/24,47/92,0.291666666666667,0.510869565217391,7/24,47/92,45
101,4,685/2352,95/186,0.291241496598639,0.510752688172043,685/2352,95/186,45
102,4,57/196,24/47,0.290816326530612,0.51063829787234,57/196,24/47,46
103,4,1423/4900,97/190,0.290408163265306,0.510526315789474,1423/4900,97/190,46
104,4,29/100,49/96,0.29,0.510416666666667,29/100,49/96,47
105,4,1477/5100,99/194,0.289607843137255,0.510309278350515,1477/5100,99/194,47
106,4,59/204,25/49,0.28921568627451,0.510204081632653,59/204,25/49,48
107,4,383/1326,101/198,0.288838612368024,0.51010101010101,383/1326,101/198,48
108,4,15/52,51/100,0.288461538461538,0.51,15/52,51/100,49
109,4,397/1378,103/202,0.288098693759071,0.50990099009901,397/1378,103/202,49
110,4,61/212,26/51,0.287735849056604,0.509803921568627,61/212,26/51,50
111,4,1645/5724,105/206,0.28738644304682,0.509708737864078,1645/5724,105/206,50
112,4,31/108,53/104,0.287037037037037,0.509615384615385,31/108,53/104,51
113,4,1703/5940,107/210,0.286700336700337,0.509523809523809,1703/5940,107/210,51
114,4,63/220,27/53,0.286363636363636,0.509433962264151,63/220,27/53,52
115,4,881/3080,109/214,0.286038961038961,0.509345794392523,881/3080,109/214,52
116,4,2/7,55/108,0.285714285714286,0.509259259259259,2/7,55/108,53
117,4,911/3192,111/218,0.285401002506266,0.509174311926605,911/3192,111/218,53
118,4,65/228,28/55,0.285087719298246,0.509090909090909,65/228,28/55,54
119,4,1883/6612,113/222,0.284785238959468,0.509009009009009,1883/6612,113/222,54
120,4,33/116,57/112,0.28448275862069,0.508928571428571,33/116,57/112,55
15,5,3/5,3/5,0.6,0.6,3/5,3/5,1
16,5,17/30,17/30,0.566666666666667,0.566666666666667,17/30,17/30,1
17,5,8/15,19/35,0.533333333333333,0.542857142857143,8/15,19/35,2
18,5,107/210,21/40,0.509523809523809,0.525,107/210,21/40,2
19,5,17/35,23/45,0.485714285714286,0.511111111111111,17/35,23/45,3
20,5,131/280,1/2,0.467857142857143,0.5,131/280,1/2,3
21,5,9/20,27/55,0.45,0.490909090909091,9/20,27/55,4
22,5,157/360,29/60,0.436111111111111,0.483333333333333,157/360,29/60,4
23,5,19/45,31/65,0.422222222222222,0.476923076923077,19/45,31/65,5
24,5,37/90,33/70,0.411111111111111,0.471428571428571,37/90,33/70,5
25,5,2/5,7/15,0.4,0.466666666666667,2/5,7/15,6
26,5,43/110,37/80,0.390909090909091,0.4625,43/110,37/80,6
27,5,21/55,39/85,0.381818181818182,0.458823529411765,21/55,39/85,7
28,5,247/660,41/90,0.374242424242424,0.455555555555556,247/660,41/90,7
29,5,11/30,43/95,0.366666666666667,0.452631578947368,11/30,43/95,8
30,5,281/780,9/20,0.36025641025641,0.45,281/780,9/20,8
31,5,23/65,47/105,0.353846153846154,0.447619047619048,23/65,47/105,9
32,5,317/910,49/110,0.348351648351648,0.445454545454545,317/910,49/110,9
33,5,12/35,51/115,0.342857142857143,0.443478260869565,12/35,51/115,10
34,5,71/210,53/120,0.338095238095238,0.441666666666667,71/210,53/120,10
35,5,1/3,11/25,0.333333333333333,0.44,1/3,11/25,11
36,5,79/240,57/130,0.329166666666667,0.438461538461538,79/240,57/130,11
37,5,13/40,59/135,0.325,0.437037037037037,13/40,59/135,12
38,5,437/1360,61/140,0.321323529411765,0.435714285714286,437/1360,61/140,12
39,5,27/85,63/145,0.317647058823529,0.43448275862069,27/85,63/145,13
40,5,481/1530,13/30,0.31437908496732,0.433333333333333,481/1530,13/30,13
41,5,14/45,67/155,0.311111111111111,0.432258064516129,14/45,67/155,14
42,5,527/1710,69/160,0.308187134502924,0.43125,527/1710,69/160,14
43,5,29/95,71/165,0.305263157894737,0.43030303030303,29/95,71/165,15
44,5,23/76,73/170,0.302631578947368,0.429411764705882,23/76,73/170,15
45,5,3/10,3/7,0.3,0.428571428571429,3/10,3/7,16
46,5,25/84,77/180,0.297619047619048,0.427777777777778,25/84,77/180,16
47,5,31/105,79/185,0.295238095238095,0.427027027027027,31/105,79/185,17
48,5,677/2310,81/190,0.293073593073593,0.426315789473684,677/2310,81/190,17
49,5,16/55,83/195,0.290909090909091,0.425641025641026,16/55,83/195,18
50,5,731/2530,17/40,0.288932806324111,0.425,731/2530,17/40,18
51,5,33/115,87/205,0.28695652173913,0.424390243902439,33/115,87/205,19
52,5,787/2760,89/210,0.285144927536232,0.423809523809524,787/2760,89/210,19
53,5,17/60,91/215,0.283333333333333,0.423255813953488,17/60,91/215,20
54,5,169/600,93/220,0.281666666666667,0.422727272727273,169/600,93/220,20
55,5,7/25,19/45,0.28,0.422222222222222,7/25,19/45,21
56,5,181/650,97/230,0.278461538461538,0.421739130434783,181/650,97/230,21
57,5,18/65,99/235,0.276923076923077,0.421276595744681,18/65,99/235,22
58,5,967/3510,101/240,0.275498575498575,0.420833333333333,967/3510,101/240,22
59,5,37/135,103/245,0.274074074074074,0.420408163265306,37/135,103/245,23
60,5,1031/3780,21/50,0.272751322751323,0.42,1031/3780,21/50,23
61,5,19/70,107/255,0.271428571428571,0.419607843137255,19/70,107/255,24
62,5,1097/4060,109/260,0.270197044334975,0.419230769230769,1097/4060,109/260,24
63,5,39/145,111/265,0.268965517241379,0.418867924528302,39/145,111/265,25
64,5,233/870,113/270,0.267816091954023,0.418518518518519,233/870,113/270,25
65,5,4/15,23/55,0.266666666666667,0.418181818181818,4/15,23/55,26
66,5,247/930,117/280,0.265591397849462,0.417857142857143,247/930,117/280,26
67,5,41/155,119/285,0.264516129032258,0.417543859649123,41/155,119/285,27
68,5,1307/4960,121/290,0.263508064516129,0.417241379310345,1307/4960,121/290,27
69,5,21/80,123/295,0.2625,0.416949152542373,21/80,123/295,28
70,5,1381/5280,5/12,0.26155303030303,0.416666666666667,1381/5280,5/12,28
71,5,43/165,127/305,0.260606060606061,0.416393442622951,43/165,127/305,29
72,5,1457/5610,129/310,0.259714795008913,0.416129032258065,1457/5610,129/310,29
73,5,22/85,131/315,0.258823529411765,0.415873015873016,22/85,131/315,30
74,5,307/1190,133/320,0.257983193277311,0.415625,307/1190,133/320,30
75,5,9/35,27/65,0.257142857142857,0.415384615384615,9/35,27/65,31
76,5,323/1260,137/330,0.256349206349206,0.415151515151515,323/1260,137/330,31
77,5,23/90,139/335,0.255555555555556,0.414925373134328,23/90,139/335,32
78,5,1697/6660,141/340,0.254804804804805,0.414705882352941,1697/6660,141/340,32
79,5,47/185,143/345,0.254054054054054,0.414492753623188,47/185,143/345,33
80,5,1781/7030,29/70,0.253342816500711,0.414285714285714,1781/7030,29/70,33
81,5,24/95,147/355,0.252631578947368,0.414084507042254,24/95,147/355,34
82,5,1867/7410,149/360,0.25195681511471,0.413888888888889,1867/7410,149/360,34
83,5,49/195,151/365,0.251282051282051,0.413698630136986,49/195,151/365,35
84,5,391/1560,153/370,0.250641025641026,0.413513513513514,391/1560,153/370,35
85,5,1/4,31/75,0.25,0.413333333333333,1/4,31/75,36
86,5,409/1640,157/380,0.249390243902439,0.413157894736842,409/1640,157/380,36
87,5,51/205,159/385,0.248780487804878,0.412987012987013,51/205,159/385,37
88,5,2137/8610,161/390,0.248199767711963,0.412820512820513,2137/8610,161/390,37
89,5,26/105,163/395,0.247619047619048,0.412658227848101,26/105,163/395,38
90,5,2231/9030,33/80,0.247065337763012,0.4125,2231/9030,33/80,38
91,5,53/215,167/405,0.246511627906977,0.412345679012346,53/215,167/405,39
92,5,2327/9460,169/410,0.245983086680761,0.412195121951219,2327/9460,169/410,39
93,5,27/110,171/415,0.245454545454545,0.412048192771084,27/110,171/415,40
94,5,97/396,173/420,0.244949494949495,0.411904761904762,97/396,173/420,40
95,5,11/45,7/17,0.244444444444444,0.411764705882353,11/45,7/17,41
96,5,101/414,177/430,0.243961352657005,0.411627906976744,101/414,177/430,41
97,5,28/115,179/435,0.243478260869565,0.411494252873563,28/115,179/435,42
98,5,2627/10810,181/440,0.243015726179463,0.411363636363636,2627/10810,181/440,42
99,5,57/235,183/445,0.242553191489362,0.41123595505618,57/235,183/445,43
100,5,2731/11280,37/90,0.242109929078014,0.411111111111111,2731/11280,37/90,43
101,5,29/120,187/455,0.241666666666667,0.410989010989011,29/120,187/455,44
102,5,2837/11760,189/460,0.241241496598639,0.410869565217391,2837/11760,189/460,44
103,5,59/245,191/465,0.240816326530612,0.410752688172043,59/245,191/465,45
104,5,589/2450,193/470,0.240408163265306,0.41063829787234,589/2450,193/470,45
105,5,6/25,39/95,0.24,0.410526315789474,6/25,39/95,46
106,5,611/2550,197/480,0.239607843137255,0.410416666666667,611/2550,197/480,46
107,5,61/255,199/485,0.23921568627451,0.410309278350515,61/255,199/485,47
108,5,3167/13260,201/490,0.238838612368024,0.410204081632653,3167/13260,201/490,47
109,5,31/130,203/495,0.238461538461538,0.41010101010101,31/130,203/495,48
110,5,3281/13780,41/100,0.238098693759071,0.41,3281/13780,41/100,48
111,5,63/265,207/505,0.237735849056604,0.40990099009901,63/265,207/505,49
112,5,3397/14310,209/510,0.23738644304682,0.409803921568627,3397/14310,209/510,49
113,5,32/135,211/515,0.237037037037037,0.409708737864078,32/135,211/515,50
114,5,703/2970,213/520,0.236700336700337,0.409615384615385,703/2970,213/520,50
115,5,13/55,43/105,0.236363636363636,0.40952380952381,13/55,43/105,51
116,5,727/3080,217/530,0.236038961038961,0.409433962264151,727/3080,217/530,51
117,5,33/140,219/535,0.235714285714286,0.409345794392523,33/140,219/535,52
118,5,3757/15960,221/540,0.235401002506266,0.409259259259259,3757/15960,221/540,52
119,5,67/285,223/545,0.235087719298246,0.409174311926606,67/285,223/545,53
120,5,3881/16530,9/22,0.234785238959468,0.409090909090909,3881/16530,9/22,53
18,6,1/2,1/2,0.5,0.5,1/2,1/2,1
19,6,10/21,10/21,0.476190476190476,0.476190476190476,10/21,10/21,1
20,6,19/42,11/24,0.452380952380952,0.458333333333333,19/42,11/24,2
21,6,73/168,4/9,0.43452380952381,0.444444444444444,73/168,4/9,2
22,6,5/12,13/30,0.416666666666667,0.433333333333333,5/12,13/30,3
23,6,29/72,14/33,0.402777777777778,0.424242424242424,29/72,14/33,3
24,6,7/18,5/12,0.388888888888889,0.416666666666667,7/18,5/12,4
25,6,17/45,16/39,0.377777777777778,0.41025641025641,17/45,16/39,4
26,6,11/30,17/42,0.366666666666667,0.404761904761905,11/30,17/42,5
27,6,59/165,2/5,0.357575757575758,0.4,59/165,2/5,5
28,6,23/66,19/48,0.348484848484849,0.395833333333333,23/66,19/48,6
29,6,15/44,20/51,0.340909090909091,0.392156862745098,15/44,20/51,6
30,6,1/3,7/18,0.333333333333333,0.388888888888889,1/3,7/18,7
31,6,17/52,22/57,0.326923076923077,0.385964912280702,17/52,22/57,7
32,6,25/78,23/60,0.320512820512821,0.383333333333333,25/78,23/60,8
33,6,86/273,8/21,0.315018315018315,0.380952380952381,86/273,8/21,8
34,6,13/42,25/66,0.30952380952381,0.378787878787879,13/42,25/66,9
35,6,32/105,26/69,0.304761904761905,0.376811594202899,32/105,26/69,9
36,6,3/10,3/8,0.3,0.375,3/10,3/8,10
37,6,71/240,28/75,0.295833333333333,0.373333333333333,71/240,28/75,10
38,6,7/24,29/78,0.291666666666667,0.371794871794872,7/24,29/78,11
39,6,235/816,10/27,0.287990196078431,0.37037037037037,235/816,10/27,11
40,6,29/102,31/84,0.284313725490196,0.369047619047619,29/102,31/84,12
41,6,43/153,32/87,0.281045751633987,0.367816091954023,43/153,32/87,12
42,6,5/18,11/30,0.277777777777778,0.366666666666667,5/18,11/30,13
43,6,47/171,34/93,0.274853801169591,0.365591397849462,47/171,34/93,13
44,6,31/114,35/96,0.271929824561404,0.364583333333333,31/114,35/96,14
45,6,307/1140,4/11,0.269298245614035,0.363636363636364,307/1140,4/11,14
46,6,4/15,37/102,0.266666666666667,0.362745098039216,4/15,37/102,15
47,6,37/140,38/105,0.264285714285714,0.361904761904762,37/140,38/105,15
48,6,11/42,13/36,0.261904761904762,0.361111111111111,11/42,13/36,16
49,6,20/77,40/111,0.25974025974026,0.36036036036036,20/77,40/111,16
50,6,17/66,41/114,0.257575757575758,0.359649122807018,17/66,41/114,17
51,6,194/759,14/39,0.255599472990777,0.358974358974359,194/759,14/39,17
52,6,35/138,43/120,0.253623188405797,0.358333333333333,35/138,43/120,18
53,6,139/552,44/123,0.251811594202899,0.357723577235772,139/552,44/123,18
54,6,1/4,5/14,0.25,0.357142857142857,1/4,5/14,19
55,6,149/600,46/129,0.248333333333333,0.356589147286822,149/600,46/129,19
56,6,37/150,47/132,0.246666666666667,0.356060606060606,37/150,47/132,20
57,6,239/975,16/45,0.245128205128205,0.355555555555556,239/975,16/45,20
58,6,19/78,49/138,0.243589743589744,0.355072463768116,19/78,49/138,21
59,6,85/351,50/141,0.242165242165242,0.354609929078014,85/351,50/141,21
60,6,13/54,17/48,0.240740740740741,0.354166666666667,13/54,17/48,22
61,6,181/756,52/147,0.239417989417989,0.353741496598639,181/756,52/147,22
62,6,5/21,53/150,0.238095238095238,0.353333333333333,5/21,53/150,23
63,6,577/2436,6/17,0.236863711001642,0.352941176470588,577/2436,6/17,23
64,6,41/174,55/156,0.235632183908046,0.352564102564103,41/174,55/156,24
65,6,34/145,56/159,0.23448275862069,0.352201257861635,34/145,56/159,24
66,6,7/30,19/54,0.233333333333333,0.351851851851852,7/30,19/54,25
67,6,36/155,58/165,0.232258064516129,0.351515151515152,36/155,58/165,25
68,6,43/186,59/168,0.231182795698925,0.351190476190476,43/186,59/168,26
69,6,685/2976,20/57,0.230174731182796,0.350877192982456,685/2976,20/57,26
70,6,11/48,61/174,0.229166666666667,0.350574712643678,11/48,61/174,27
71,6,241/1056,62/177,0.228219696969697,0.350282485875706,241/1056,62/177,27
72,6,5/22,7/20,0.227272727272727,0.35,5/22,7/20,28
73,6,127/561,64/183,0.226381461675579,0.349726775956284,127/561,64/183,28
74,6,23/102,65/186,0.225490196078431,0.349462365591398,23/102,65/186,29
75,6,401/1785,22/63,0.224649859943978,0.349206349206349,401/1785,22/63,29
76,6,47/210,67/192,0.223809523809524,0.348958333333333,47/210,67/192,30
77,6,281/1260,68/195,0.223015873015873,0.348717948717949,281/1260,68/195,30
78,6,2/9,23/66,0.222222222222222,0.348484848484849,2/9,23/66,31
79,6,295/1332,70/201,0.221471471471471,0.348258706467662,295/1332,70/201,31
80,6,49/222,71/204,0.220720720720721,0.348039215686274,49/222,71/204,32
81,6,464/2109,8/23,0.220009483167378,0.347826086956522,464/2109,8/23,32
82,6,25/114,73/210,0.219298245614035,0.347619047619048,25/114,73/210,33
83,6,54/247,74/213,0.218623481781377,0.347417840375587,54/247,74/213,33
84,6,17/78,25/72,0.217948717948718,0.347222222222222,17/78,25/72,34
85,6,113/520,76/219,0.217307692307692,0.34703196347032,113/520,76/219,34
86,6,13/60,77/222,0.216666666666667,0.346846846846847,13/60,77/222,35
87,6,1063/4920,26/75,0.216056910569106,0.346666666666667,1063/4920,26/75,35
88,6,53/246,79/228,0.215447154471545,0.346491228070175,53/246,79/228,36
89,6,185/861,80/231,0.21486643437863,0.346320346320346,185/861,80/231,36
90,6,3/14,9/26,0.214285714285714,0.346153846153846,3/14,9/26,37
91,6,193/903,82/237,0.213732004429679,0.345991561181435,193/903,82/237,37
92,6,55/258,83/240,0.213178294573643,0.345833333333333,55/258,83/240,38
93,6,1207/5676,28/81,0.212649753347428,0.345679012345679,1207/5676,28/81,38
94,6,7/33,85/246,0.212121212121212,0.345528455284553,7/33,85/246,39
95,6,419/1980,86/249,0.211616161616162,0.345381526104418,419/1980,86/249,39
96,6,19/90,29/84,0.211111111111111,0.345238095238095,19/90,29/84,40
97,6,218/1035,88/255,0.210628019323672,0.345098039215686,218/1035,88/255,40
98,6,29/138,89/258,0.210144927536232,0.344961240310078,29/138,89/258,41
99,6,680/3243,10/29,0.20968239284613,0.344827586206897,680/3243,10/29,41
100,6,59/282,91/264,0.209219858156028,0.34469696969697,59/282,91/264,42
101,6,157/752,92/267,0.208776595744681,0.344569288389513,157/752,92/267,42
102,6,5/24,31/90,0.208333333333333,0.344444444444444,5/24,31/90,43
103,6,163/784,94/273,0.207908163265306,0.344322344322344,163/784,94/273,43
104,6,61/294,95/276,0.207482993197279,0.344202898550725,61/294,95/276,44
105,6,761/3675,32/93,0.207074829931973,0.344086021505376,761/3675,32/93,44
106,6,31/150,97/282,0.206666666666667,0.343971631205674,31/150,97/282,45
107,6,263/1275,98/285,0.206274509803922,0.343859649122807,263/1275,98/285,45
108,6,7/34,11/32,0.205882352941176,0.34375,7/34,11/32,46
109,6,545/2652,100/291,0.205505279034691,0.343642611683849,545/2652,100/291,46
110,6,8/39,101/294,0.205128205128205,0.343537414965986,8/39,101/294,47
111,6,1693/8268,34/99,0.204765360425738,0.343434343434343,1693/8268,34/99,47
112,6,65/318,103/300,0.20440251572327,0.343333333333333,65/318,103/300,48
113,6,292/1431,104/303,0.204053109713487,0.343234323432343,292/1431,104/303,48
114,6,11/54,35/102,0.203703703703704,0.343137254901961,11/54,35/102,49
115,6,302/1485,106/309,0.203367003367003,0.343042071197411,302/1485,106/309,49
116,6,67/330,107/312,0.203030303030303,0.342948717948718,67/330,107/312,50
117,6,1873/9240,12/35,0.202705627705628,0.342857142857143,1873/9240,12/35,50
118,6,17/84,109/318,0.202380952380952,0.342767295597484,17/84,109/318,51
119,6,215/1064,110/321,0.202067669172932,0.342679127725857,215/1064,110/321,51
120,6,23/114,37/108,0.201754385964912,0.342592592592593,23/114,37/108,52
21,7,3/7,3/7,0.428571428571429,0.428571428571429,3/7,3/7,1
22,7,23/56,23/56,0.410714285714286,0.410714285714286,23/56,23/56,1
23,7,11/28,25/63,0.392857142857143,0.396825396825397,11/28,25/63,2
24,7,191/504,27/70,0.378968253968254,0.385714285714286,191/504,27/70,2
25,7,23/63,29/77,0.365079365079365,0.376623376623377,23/63,29/77,3
26,7,223/630,31/84,0.353968253968254,0.369047619047619,223/630,31/84,3
27,7,12/35,33/91,0.342857142857143,0.362637362637363,12/35,33/91,4
28,7,257/770,5/14,0.333766233766234,0.357142857142857,257/770,5/14,4
29,7,25/77,37/105,0.324675324675325,0.352380952380952,25/77,37/105,5
30,7,293/924,39/112,0.317099567099567,0.348214285714286,293/924,39/112,5
31,7,13/42,41/119,0.30952380952381,0.34453781512605,13/42,41/119,6
32,7,331/1092,43/126,0.303113553113553,0.341269841269841,331/1092,43/126,6
33,7,27/91,45/133,0.296703296703297,0.338345864661654,27/91,45/133,7
34,7,53/182,47/140,0.291208791208791,0.335714285714286,53/182,47/140,7
35,7,2/7,1/3,0.285714285714286,0.333333333333333,2/7,1/3,8
36,7,59/210,51/154,0.280952380952381,0.331168831168831,59/210,51/154,8
37,7,29/105,53/161,0.276190476190476,0.329192546583851,29/105,53/161,9
38,7,457/1680,55/168,0.27202380952381,0.327380952380952,457/1680,55/168,9
39,7,15/56,57/175,0.267857142857143,0.325714285714286,15/56,57/175,10
40,7,503/1904,59/182,0.264180672268908,0.324175824175824,503/1904,59/182,10
41,7,31/119,61/189,0.260504201680672,0.322751322751323,31/119,61/189,11
42,7,551/2142,9/28,0.257236227824463,0.321428571428571,551/2142,9/28,11
43,7,16/63,65/203,0.253968253968254,0.320197044334975,16/63,65/203,12
44,7,601/2394,67/210,0.251044277360067,0.319047619047619,601/2394,67/210,12
45,7,33/133,69/217,0.24812030075188,0.317972350230415,33/133,69/217,13
46,7,653/2660,71/224,0.245488721804511,0.316964285714286,653/2660,71/224,13
47,7,17/70,73/231,0.242857142857143,0.316017316017316,17/70,73/231,14
48,7,101/420,75/238,0.24047619047619,0.315126050420168,101/420,75/238,14
49,7,5/21,11/35,0.238095238095238,0.314285714285714,5/21,11/35,15
50,7,109/462,79/252,0.235930735930736,0.313492063492063,109/462,79/252,15
51,7,18/77,81/259,0.233766233766234,0.312741312741313,18/77,81/259,16
52,7,821/3542,83/266,0.231789949181254,0.31203007518797,821/3542,83/266,16
53,7,37/161,85/273,0.229813664596273,0.311355311355311,37/161,85/273,17
54,7,881/3864,87/280,0.228002070393375,0.310714285714286,881/3864,87/280,17
55,7,19/84,89/287,0.226190476190476,0.310104529616725,19/84,89/287,18
56,7,943/4200,13/42,0.22452380952381,0.30952380952381,943/4200,13/42,18
57,7,39/175,93/301,0.222857142857143,0.308970099667774,39/175,93/301,19
58,7,1007/4550,95/308,0.221318681318681,0.308441558441558,1007/4550,95/308,19
59,7,20/91,97/315,0.21978021978022,0.307936507936508,20/91,97/315,20
60,7,1073/4914,99/322,0.218355718355718,0.307453416149068,1073/4914,99/322,20
61,7,41/189,101/329,0.216931216931217,0.306990881458967,41/189,101/329,21
62,7,163/756,103/336,0.215608465608466,0.306547619047619,163/756,103/336,21
63,7,3/14,15/49,0.214285714285714,0.306122448979592,3/14,15/49,22
64,7,173/812,107/350,0.213054187192118,0.305714285714286,173/812,107/350,22
65,7,43/203,109/357,0.211822660098522,0.305322128851541,43/203,109/357,23
66,7,1283/6090,111/364,0.210673234811166,0.304945054945055,1283/6090,111/364,23
67,7,22/105,113/371,0.20952380952381,0.304582210242588,22/105,113/371,24
68,7,1357/6510,115/378,0.208448540706605,0.304232804232804,1357/6510,115/378,24
69,7,45/217,117/385,0.207373271889401,0.303896103896104,45/217,117/385,25
70,7,1433/6944,17/56,0.206365207373272,0.303571428571429,1433/6944,17/56,25
71,7,23/112,121/399,0.205357142857143,0.303258145363409,23/112,121/399,26
72,7,1511/7392,123/406,0.204410173160173,0.302955665024631,1511/7392,123/406,26
73,7,47/231,125/413,0.203463203463203,0.302663438256659,47/231,125/413,27
74,7,1591/7854,127/420,0.202571937866056,0.302380952380952,1591/7854,127/420,27
75,7,24/119,129/427,0.201680672268908,0.302107728337237,24/119,129/427,28
76,7,239/1190,131/434,0.200840336134454,0.30184331797235,239/1190,131/434,28
77,7,1/5,19/63,0.2,0.301587301587302,1/5,19/63,29
78,7,251/1260,135/448,0.199206349206349,0.301339285714286,251/1260,135/448,29
79,7,25/126,137/455,0.198412698412698,0.301098901098901,25/126,137/455,30
80,7,1843/9324,139/462,0.197661947661948,0.300865800865801,1843/9324,139/462,30
81,7,51/259,141/469,0.196911196911197,0.300639658848614,51/259,141/469,31
82,7,1931/9842,143/476,0.196199959357854,0.300420168067227,1931/9842,143/476,31
83,7,26/133,145/483,0.195488721804511,0.300207039337474,26/133,145/483,32
84,7,2021/10374,3/10,0.194813957971853,0.3,2021/10374,3/10,32
85,7,53/273,149/497,0.194139194139194,0.299798792756539,53/273,149/497,33
86,7,2113/10920,151/504,0.193498168498169,0.299603174603175,2113/10920,151/504,33
87,7,27/140,153/511,0.192857142857143,0.299412915851272,27/140,153/511,34
88,7,2207/11480,155/518,0.192247386759582,0.299227799227799,2207/11480,155/518,34
89,7,55/287,157/525,0.191637630662021,0.299047619047619,55/287,157/525,35
90,7,47/246,159/532,0.191056910569106,0.298872180451128,47/246,159/532,35
91,7,4/21,23/77,0.19047619047619,0.298701298701299,4/21,23/77,36
92,7,49/258,163/546,0.189922480620155,0.298534798534799,49/258,163/546,36
93,7,57/301,165/553,0.18936877076412,0.298372513562387,57/301,165/553,37
94,7,2501/13244,167/560,0.188840229537904,0.298214285714286,2501/13244,167/560,37
95,7,29/154,169/567,0.188311688311688,0.298059964726631,29/154,169/567,38
96,7,2603/13860,171/574,0.187806637806638,0.297909407665505,2603/13860,171/574,38
97,7,59/315,173/581,0.187301587301587,0.29776247848537,59/315,173/581,39
98,7,2707/14490,25/84,0.186818495514148,0.297619047619048,2707/14490,25/84,39
99,7,30/161,177/595,0.186335403726708,0.297478991596639,30/161,177/595,40
100,7,2813/15134,179/602,0.185872869036606,0.29734219269103,2813/15134,179/602,40
101,7,61/329,181/609,0.185410334346505,0.297208538587849,61/329,181/609,41
102,7,2921/15792,183/616,0.184967071935157,0.297077922077922,2921/15792,183/616,41
103,7,31/168,185/623,0.18452380952381,0.296950240770466,31/168,185/623,42
104,7,433/2352,187/630,0.184098639455782,0.296825396825397,433/2352,187/630,42
105,7,9/49,27/91,0.183673469387755,0.296703296703297,9/49,27/91,43
106,7,449/2450,191/644,0.183265306122449,0.296583850931677,449/2450,191/644,43
107,7,32/175,193/651,0.182857142857143,0.296466973886329,32/175,193/651,44
108,7,3257/17850,195/658,0.182464985994398,0.296352583586626,3257/17850,195/658,44
109,7,65/357,197/665,0.182072829131653,0.296240601503759,65/357,197/665,45
110,7,3373/18564,199/672,0.181695755225167,0.296130952380952,3373/18564,199/672,45
111,7,33/182,201/679,0.181318681318681,0.296023564064801,33/182,201/679,46
112,7,3491/19292,29/98,0.180955836616214,0.295918367346939,3491/19292,29/98,46
113,7,67/371,205/693,0.180592991913747,0.295815295815296,67/371,205/693,47
114,7,3611/20034,207/700,0.180243585903963,0.295714285714286,3611/20034,207/700,47
115,7,34/189,209/707,0.17989417989418,0.295615275813296,34/189,209/707,48
116,7,3733/20790,211/714,0.17955747955748,0.295518207282913,3733/20790,211/714,48
117,7,69/385,213/721,0.179220779220779,0.295423023578363,69/385,213/721,49
118,7,551/3080,215/728,0.178896103896104,0.29532967032967,551/3080,215/728,49
119,7,5/28,31/105,0.178571428571429,0.295238095238095,5/28,31/105,50
120,7,569/3192,219/742,0.178258145363409,0.295148247978437,569/3192,219/742,50
24,8,3/8,3/8,0.375,0.375,3/8,3/8,1
25,8,13/36,13/36,0.361111111111111,0.361111111111111,13/36,13/36,1
26,8,25/72,7/20,0.347222222222222,0.35,25/72,7/20,2
27,8,121/360,15/44,0.336111111111111,0.340909090909091,121/360,15/44,2
28,8,13/40,1/3,0.325,0.333333333333333,13/40,1/3,3
29,8,139/440,17/52,0.315909090909091,0.326923076923077,139/440,17/52,3
30,8,27/88,9/28,0.306818181818182,0.321428571428571,27/88,9/28,4
31,8,79/264,19/60,0.299242424242424,0.316666666666667,79/264,19/60,4
32,8,7/24,5/16,0.291666666666667,0.3125,7/24,5/16,5
33,8,89/312,21/68,0.28525641025641,0.308823529411765,89/312,21/68,5
34,8,29/104,11/36,0.278846153846154,0.305555555555556,29/104,11/36,6
35,8,199/728,23/76,0.273351648351648,0.302631578947368,199/728,23/76,6
36,8,15/56,3/10,0.267857142857143,0.3,15/56,3/10,7
37,8,221/840,25/84,0.263095238095238,0.297619047619048,221/840,25/84,7
38,8,31/120,13/44,0.258333333333333,0.295454545454545,31/120,13/44,8
39,8,61/240,27/92,0.254166666666667,0.293478260869565,61/240,27/92,8
40,8,1/4,7/24,0.25,0.291666666666667,1/4,7/24,9
41,8,67/272,29/100,0.246323529411765,0.29,67/272,29/100,9
42,8,33/136,15/52,0.242647058823529,0.288461538461538,33/136,15/52,10
43,8,293/1224,31/108,0.23937908496732,0.287037037037037,293/1224,31/108,10
44,8,17/72,2/7,0.236111111111111,0.285714285714286,17/72,2/7,11
45,8,319/1368,33/116,0.233187134502924,0.28448275862069,319/1368,33/116,11
46,8,35/152,17/60,0.230263157894737,0.283333333333333,35/152,17/60,12
47,8,173/760,35/124,0.227631578947368,0.282258064516129,173/760,35/124,12
48,8,9/40,9/32,0.225,0.28125,9/40,9/32,13
49,8,187/840,37/132,0.222619047619048,0.28030303030303,187/840,37/132,13
50,8,37/168,19/68,0.220238095238095,0.279411764705882,37/168,19/68,14
51,8,403/1848,39/140,0.218073593073593,0.278571428571429,403/1848,39/140,14
52,8,19/88,5/18,0.215909090909091,0.277777777777778,19/88,5/18,15
53,8,433/2024,41/148,0.213932806324111,0.277027027027027,433/2024,41/148,15
54,8,39/184,21/76,0.21195652173913,0.276315789473684,39/184,21/76,16
55,8,29/138,43/156,0.210144927536232,0.275641025641026,29/138,43/156,16
56,8,5/24,11/40,0.208333333333333,0.275,5/24,11/40,17
57,8,31/150,45/164,0.206666666666667,0.274390243902439,31/150,45/164,17
58,8,41/200,23/84,0.205,0.273809523809524,41/200,23/84,18
59,8,529/2600,47/172,0.203461538461538,0.273255813953488,529/2600,47/172,18
60,8,21/104,3/11,0.201923076923077,0.272727272727273,21/104,3/11,19
61,8,563/2808,49/180,0.200498575498575,0.272222222222222,563/2808,49/180,19
62,8,43/216,25/92,0.199074074074074,0.271739130434783,43/216,25/92,20
63,8,299/1512,51/188,0.197751322751323,0.271276595744681,299/1512,51/188,20
64,8,11/56,13/48,0.196428571428571,0.270833333333333,11/56,13/48,21
65,8,317/1624,53/196,0.195197044334975,0.270408163265306,317/1624,53/196,21
66,8,45/232,27/100,0.193965517241379,0.27,45/232,27/100,22
67,8,671/3480,55/204,0.192816091954023,0.269607843137255,671/3480,55/204,22
68,8,23/120,7/26,0.191666666666667,0.269230769230769,23/120,7/26,23
69,8,709/3720,57/212,0.190591397849462,0.268867924528302,709/3720,57/212,23
70,8,47/248,29/108,0.189516129032258,0.268518518518519,47/248,29/108,24
71,8,187/992,59/220,0.188508064516129,0.268181818181818,187/992,59/220,24
72,8,3/16,15/56,0.1875,0.267857142857143,3/16,15/56,25
73,8,197/1056,61/228,0.18655303030303,0.267543859649123,197/1056,61/228,25
74,8,49/264,31/116,0.185606060606061,0.267241379310345,49/264,31/116,26
75,8,829/4488,63/236,0.184714795008913,0.266949152542373,829/4488,63/236,26
76,8,25/136,4/15,0.183823529411765,0.266666666666667,25/136,4/15,27
77,8,871/4760,65/244,0.182983193277311,0.266393442622951,871/4760,65/244,27
78,8,51/280,33/124,0.182142857142857,0.266129032258065,51/280,33/124,28
79,8,457/2520,67/252,0.181349206349206,0.265873015873016,457/2520,67/252,28
80,8,13/72,17/64,0.180555555555556,0.265625,13/72,17/64,29
81,8,479/2664,69/260,0.179804804804805,0.265384615384615,479/2664,69/260,29
82,8,53/296,35/132,0.179054054054054,0.265151515151515,53/296,35/132,30
83,8,1003/5624,71/268,0.178342816500711,0.264925373134328,1003/5624,71/268,30
84,8,27/152,9/34,0.177631578947368,0.264705882352941,27/152,9/34,31
85,8,1049/5928,73/276,0.17695681511471,0.264492753623188,1049/5928,73/276,31
86,8,55/312,37/140,0.176282051282051,0.264285714285714,55/312,37/140,32
87,8,137/780,75/284,0.175641025641026,0.264084507042254,137/780,75/284,32
88,8,7/40,19/72,0.175,0.263888888888889,7/40,19/72,33
89,8,143/820,77/292,0.174390243902439,0.263698630136986,143/820,77/292,33
90,8,57/328,39/148,0.173780487804878,0.263513513513513,57/328,39/148,34
91,8,1193/6888,79/300,0.173199767711963,0.263333333333333,1193/6888,79/300,34
92,8,29/168,5/19,0.172619047619048,0.263157894736842,29/168,5/19,35
93,8,1243/7224,81/308,0.172065337763012,0.262987012987013,1243/7224,81/308,35
94,8,59/344,41/156,0.171511627906977,0.262820512820513,59/344,41/156,36
95,8,647/3784,83/316,0.170983086680761,0.262658227848101,647/3784,83/316,36
96,8,15/88,21/80,0.170454545454545,0.2625,15/88,21/80,37
97,8,673/3960,85/324,0.169949494949495,0.262345679012346,673/3960,85/324,37
98,8,61/360,43/164,0.169444444444444,0.26219512195122,61/360,43/164,38
99,8,1399/8280,87/332,0.168961352657005,0.262048192771084,1399/8280,87/332,38
100,8,31/184,11/42,0.168478260869565,0.261904761904762,31/184,11/42,39
101,8,1453/8648,89/340,0.168015726179463,0.261764705882353,1453/8648,89/340,39
102,8,63/376,45/172,0.167553191489362,0.261627906976744,63/376,45/172,40
103,8,377/2256,91/348,0.167109929078014,0.261494252873563,377/2256,91/348,40
104,8,1/6,23/88,0.166666666666667,0.261363636363636,1/6,23/88,41
105,8,391/2352,93/356,0.166241496598639,0.26123595505618,391/2352,93/356,41
106,8,65/392,47/180,0.165816326530612,0.261111111111111,65/392,47/180,42
107,8,1621/9800,95/364,0.165408163265306,0.260989010989011,1621/9800,95/364,42
108,8,33/200,6/23,0.165,0.260869565217391,33/200,6/23,43
109,8,1679/10200,97/372,0.164607843137255,0.260752688172043,1679/10200,97/372,43
110,8,67/408,49/188,0.16421568627451,0.26063829787234,67/408,49/188,44
111,8,869/5304,99/380,0.163838612368024,0.260526315789474,869/5304,99/380,44
112,8,17/104,25/96,0.163461538461538,0.260416666666667,17/104,25/96,45
113,8,899/5512,101/388,0.163098693759071,0.260309278350515,899/5512,101/388,45
114,8,69/424,51/196,0.162735849056604,0.260204081632653,69/424,51/196,46
115,8,1859/11448,103/396,0.16238644304682,0.26010101010101,1859/11448,103/396,46
116,8,35/216,13/50,0.162037037037037,0.26,35/216,13/50,47
117,8,1921/11880,105/404,0.161700336700337,0.25990099009901,1921/11880,105/404,47
118,8,71/440,53/204,0.161363636363636,0.259803921568627,71/440,53/204,48
119,8,62/385,107/412,0.161038961038961,0.259708737864078,62/385,107/412,48
120,8,9/56,27/104,0.160714285714286,0.259615384615385,9/56,27/104,49
