case,kind,orders,log10_step,delta,recovery_error
simple,general,"(2,3,7)",-14.0,1.000000e-14,4.8420000000e-13
simple,general,"(2,3,7)",-13.75,1.778279e-14,8.6104289034e-13
simple,general,"(2,3,7)",-13.5,3.162278e-14,1.5311748431e-12
simple,general,"(2,3,7)",-13.25,5.623413e-14,2.7228566966e-12
simple,general,"(2,3,7)",-13.0,1.000000e-13,4.8420000000e-12
simple,general,"(2,3,7)",-12.75,1.778279e-13,8.6104289034e-12
simple,general,"(2,3,7)",-12.5,3.162278e-13,1.5311748431e-11
simple,general,"(2,3,7)",-12.25,5.623413e-13,2.7228566966e-11
simple,general,"(2,3,7)",-12.0,1.000000e-12,4.8420000001e-11
simple,general,"(2,3,7)",-11.75,1.778279e-12,8.6104289038e-11
simple,general,"(2,3,7)",-11.5,3.162278e-12,1.5311748432e-10
simple,general,"(2,3,7)",-11.25,5.623413e-12,2.7228566970e-10
simple,general,"(2,3,7)",-11.0,1.000000e-11,4.8420000013e-10
simple,general,"(2,3,7)",-10.75,1.778279e-11,8.6104289074e-10
simple,general,"(2,3,7)",-10.5,3.162278e-11,1.5311748443e-09
simple,general,"(2,3,7)",-10.25,5.623413e-11,2.7228567005e-09
simple,general,"(2,3,7)",-10.0,1.000000e-10,4.8420000126e-09
simple,general,"(2,3,7)",-9.75,1.778279e-10,8.6104289432e-09
simple,general,"(2,3,7)",-9.5,3.162278e-10,1.5311748556e-08
simple,general,"(2,3,7)",-9.25,5.623413e-10,2.7228567363e-08
simple,general,"(2,3,7)",-9.0,1.000000e-09,4.8420001258e-08
simple,general,"(2,3,7)",-8.75,1.778279e-09,8.6104293012e-08
simple,general,"(2,3,7)",-8.5,3.162278e-09,1.5311749688e-07
simple,general,"(2,3,7)",-8.25,5.623413e-09,2.7228570943e-07
simple,general,"(2,3,7)",-8.0,1.000000e-08,4.8420012579e-07
simple,general,"(2,3,7)",-7.75,1.778279e-08,8.6104328811e-07
simple,general,"(2,3,7)",-7.5,3.162278e-08,1.5311761009e-06
simple,general,"(2,3,7)",-7.25,5.623413e-08,2.7228606743e-06
simple,general,"(2,3,7)",-7.0,1.000000e-07,4.8420125787e-06
simple,general,"(2,3,7)",-6.75,1.778279e-07,8.6104686810e-06
simple,general,"(2,3,7)",-6.5,3.162278e-07,1.5311874220e-05
simple,general,"(2,3,7)",-6.25,5.623413e-07,2.7228964754e-05
simple,general,"(2,3,7)",-6.0,1.000000e-06,4.8421257960e-05
simple,general,"(2,3,7)",-5.75,1.778279e-06,8.6108267303e-05
simple,general,"(2,3,7)",-5.5,3.162278e-06,1.5313006610e-04
simple,general,"(2,3,7)",-5.25,5.623413e-06,2.7232546470e-04
simple,general,"(2,3,7)",-5.0,1.000000e-05,4.8432588744e-04
simple,general,"(2,3,7)",-4.75,1.778279e-05,8.6144123175e-04
simple,general,"(2,3,7)",-4.5,3.162278e-05,1.5324359200e-03
simple,general,"(2,3,7)",-4.25,5.623413e-05,2.7268525345e-03
simple,general,"(2,3,7)",-4.0,1.000000e-04,4.8546810133e-03
simple,general,"(2,3,7)",-3.75,1.778279e-04,8.6507861341e-03
simple,general,"(2,3,7)",-3.5,3.162278e-04,1.5440840872e-02
simple,general,"(2,3,7)",-3.25,5.623413e-04,2.7645385960e-02
simple,general,"(2,3,7)",-3.0,1.000000e-03,4.9789899477e-02
simple,general,"(2,3,7)",-2.75,1.778279e-03,9.0769203730e-02
simple,general,"(2,3,7)",-2.5,3.162278e-03,1.7034224784e-01
simple,general,"(2,3,7)",-2.25,5.623413e-03,3.5677545187e-01
simple,general,"(2,3,7)",-2.0,1.000000e-02,6.8695848172e-01
simple,general,"(2,3,7)",-1.75,1.778279e-02,9.0791870460e-01
simple,general,"(2,3,7)",-1.5,3.162278e-02,1.1937333818e+00
simple,general,"(2,3,7)",-1.25,5.623413e-02,2.6058850440e+00
simple,general,"(2,3,7)",-1.0,1.000000e-01,3.3005648116e+00
simple,realisable,"(2,3,7)",-12.0,4.360544e-13,1.0000000000e-12
simple,realisable,"(2,3,7)",-11.75,7.754266e-13,1.7782794100e-12
simple,realisable,"(2,3,7)",-11.5,1.378925e-12,3.1622776602e-12
simple,realisable,"(2,3,7)",-11.25,2.452114e-12,5.6234132519e-12
simple,realisable,"(2,3,7)",-11.0,4.360544e-12,1.0000000000e-11
simple,realisable,"(2,3,7)",-10.75,7.754266e-12,1.7782794100e-11
simple,realisable,"(2,3,7)",-10.5,1.378925e-11,3.1622776602e-11
simple,realisable,"(2,3,7)",-10.25,2.452114e-11,5.6234132519e-11
simple,realisable,"(2,3,7)",-10.0,4.360544e-11,1.0000000000e-10
simple,realisable,"(2,3,7)",-9.75,7.754266e-11,1.7782794100e-10
simple,realisable,"(2,3,7)",-9.5,1.378925e-10,3.1622776602e-10
simple,realisable,"(2,3,7)",-9.25,2.452114e-10,5.6234132519e-10
simple,realisable,"(2,3,7)",-9.0,4.360544e-10,1.0000000000e-09
simple,realisable,"(2,3,7)",-8.75,7.754266e-10,1.7782794100e-09
simple,realisable,"(2,3,7)",-8.5,1.378925e-09,3.1622776602e-09
simple,realisable,"(2,3,7)",-8.25,2.452114e-09,5.6234132519e-09
simple,realisable,"(2,3,7)",-8.0,4.360544e-09,1.0000000000e-08
simple,realisable,"(2,3,7)",-7.75,7.754266e-09,1.7782794100e-08
simple,realisable,"(2,3,7)",-7.5,1.378925e-08,3.1622776602e-08
simple,realisable,"(2,3,7)",-7.25,2.452114e-08,5.6234132519e-08
simple,realisable,"(2,3,7)",-7.0,4.360544e-08,1.0000000000e-07
simple,realisable,"(2,3,7)",-6.75,7.754266e-08,1.7782794100e-07
simple,realisable,"(2,3,7)",-6.5,1.378925e-07,3.1622776602e-07
simple,realisable,"(2,3,7)",-6.25,2.452114e-07,5.6234132519e-07
simple,realisable,"(2,3,7)",-6.0,4.360545e-07,1.0000000000e-06
simple,realisable,"(2,3,7)",-5.75,7.754268e-07,1.7782794100e-06
simple,realisable,"(2,3,7)",-5.5,1.378926e-06,3.1622776602e-06
simple,realisable,"(2,3,7)",-5.25,2.452116e-06,5.6234132519e-06
simple,realisable,"(2,3,7)",-5.0,4.360550e-06,1.0000000000e-05
simple,realisable,"(2,3,7)",-4.75,7.754284e-06,1.7782794100e-05
simple,realisable,"(2,3,7)",-4.5,1.378931e-05,3.1622776602e-05
simple,realisable,"(2,3,7)",-4.25,2.452133e-05,5.6234132519e-05
simple,realisable,"(2,3,7)",-4.0,4.360603e-05,1.0000000000e-04
simple,realisable,"(2,3,7)",-3.75,7.754450e-05,1.7782794100e-04
simple,realisable,"(2,3,7)",-3.5,1.378983e-04,3.1622776602e-04
simple,realisable,"(2,3,7)",-3.25,2.452299e-04,5.6234132519e-04
simple,realisable,"(2,3,7)",-3.0,4.361128e-04,1.0000000000e-03
simple,realisable,"(2,3,7)",-2.75,7.756111e-04,1.7782794100e-03
simple,realisable,"(2,3,7)",-2.5,1.379509e-03,3.1622776602e-03
simple,realisable,"(2,3,7)",-2.25,2.453960e-03,5.6234132519e-03
simple,realisable,"(2,3,7)",-2.0,4.366381e-03,1.0000000000e-02
simple,realisable,"(2,3,7)",-1.75,7.772731e-03,1.7782794100e-02
simple,realisable,"(2,3,7)",-1.5,1.384768e-02,3.1622776602e-02
simple,realisable,"(2,3,7)",-1.25,2.470613e-02,5.6234132519e-02
simple,realisable,"(2,3,7)",-1.0,4.419163e-02,1.0000000000e-01
double,general,"(2,8,8)",-14.0,1.000000e-14,9.4727690217e-07
double,general,"(2,8,8)",-13.75,1.778279e-14,1.2632140973e-06
double,general,"(2,8,8)",-13.5,3.162278e-14,1.6845231539e-06
double,general,"(2,8,8)",-13.25,5.623413e-14,2.2463478743e-06
double,general,"(2,8,8)",-13.0,1.000000e-13,2.9955532933e-06
double,general,"(2,8,8)",-12.75,1.778279e-13,3.9946349780e-06
double,general,"(2,8,8)",-12.5,3.162278e-13,5.3269321752e-06
double,general,"(2,8,8)",-12.25,5.623413e-13,7.1035796787e-06
double,general,"(2,8,8)",-12.0,1.000000e-12,9.4727783347e-06
double,general,"(2,8,8)",-11.75,1.778279e-12,1.2632157534e-05
double,general,"(2,8,8)",-11.5,3.162278e-12,1.6845260990e-05
double,general,"(2,8,8)",-11.25,5.623413e-12,2.2463531114e-05
double,general,"(2,8,8)",-11.0,1.000000e-11,2.9955626063e-05
double,general,"(2,8,8)",-10.75,1.778279e-11,3.9946515392e-05
double,general,"(2,8,8)",-10.5,3.162278e-11,5.3269616258e-05
double,general,"(2,8,8)",-10.25,5.623413e-11,7.1036320502e-05
double,general,"(2,8,8)",-10.0,1.000000e-10,9.4728714661e-05
double,general,"(2,8,8)",-9.75,1.778279e-10,1.2632323148e-04
double,general,"(2,8,8)",-9.5,3.162278e-10,1.6845555501e-04
double,general,"(2,8,8)",-9.25,5.623413e-10,2.2464054842e-04
double,general,"(2,8,8)",-9.0,1.000000e-09,2.9956557409e-04
double,general,"(2,8,8)",-8.75,1.778279e-09,3.9948171612e-04
double,general,"(2,8,8)",-8.5,3.162278e-09,5.3272561544e-04
double,general,"(2,8,8)",-8.25,5.623413e-09,7.1041558197e-04
double,general,"(2,8,8)",-8.0,1.000000e-08,9.4738029110e-04
double,general,"(2,8,8)",-7.75,1.778279e-08,1.2633979603e-03
double,general,"(2,8,8)",-7.5,3.162278e-08,1.6848501345e-03
double,general,"(2,8,8)",-7.25,5.623413e-08,2.2469293859e-03
double,general,"(2,8,8)",-7.0,1.000000e-07,2.9965874992e-03
double,general,"(2,8,8)",-6.75,1.778279e-07,3.9964743600e-03
double,general,"(2,8,8)",-6.5,3.162278e-07,5.3302037625e-03
double,general,"(2,8,8)",-6.25,5.623413e-07,7.1093990229e-03
double,general,"(2,8,8)",-6.0,1.000000e-06,9.4831304296e-03
double,general,"(2,8,8)",-5.75,1.778279e-06,1.2650575179e-02
double,general,"(2,8,8)",-5.5,3.162278e-06,1.6878033447e-02
double,general,"(2,8,8)",-5.25,5.623413e-06,2.2521859011e-02
double,general,"(2,8,8)",-5.0,1.000000e-05,3.0059466716e-02
double,general,"(2,8,8)",-4.75,1.778279e-05,4.0131452724e-02
double,general,"(2,8,8)",-4.5,3.162278e-05,5.3599153914e-02
double,general,"(2,8,8)",-4.25,5.623413e-05,7.1623926935e-02
double,general,"(2,8,8)",-4.0,1.000000e-04,9.5777472947e-02
double,general,"(2,8,8)",-3.75,1.778279e-04,1.2819744188e-01
double,general,"(2,8,8)",-3.5,3.162278e-04,1.7181076814e-01
double,general,"(2,8,8)",-3.25,5.623413e-04,2.3066158159e-01
double,general,"(2,8,8)",-3.0,1.000000e-03,3.1040712797e-01
double,general,"(2,8,8)",-2.75,1.778279e-03,4.1909763781e-01
double,general,"(2,8,8)",-2.5,3.162278e-03,5.6846906641e-01
double,general,"(2,8,8)",-2.25,5.623413e-03,7.7625058674e-01
double,general,"(2,8,8)",-2.0,1.000000e-02,1.0707640319e+00
double,general,"(2,8,8)",-1.75,1.778279e-02,1.5018886016e+00
double,general,"(2,8,8)",-1.5,3.162278e-02,2.1774965899e+00
double,general,"(2,8,8)",-1.25,5.623413e-02,3.5964004922e+00
double,general,"(2,8,8)",-1.0,1.000000e-01,4.9836373434e+00
double,realisable,"(2,8,8)",-12.0,1.333442e-25,1.0000000000e-12
double,realisable,"(2,8,8)",-11.75,4.216713e-25,1.7782794100e-12
double,realisable,"(2,8,8)",-11.5,1.333442e-24,3.1622776602e-12
double,realisable,"(2,8,8)",-11.25,4.216713e-24,5.6234132519e-12
double,realisable,"(2,8,8)",-11.0,1.333442e-23,1.0000000000e-11
double,realisable,"(2,8,8)",-10.75,4.216713e-23,1.7782794100e-11
double,realisable,"(2,8,8)",-10.5,1.333442e-22,3.1622776602e-11
double,realisable,"(2,8,8)",-10.25,4.216713e-22,5.6234132519e-11
double,realisable,"(2,8,8)",-10.0,1.333442e-21,1.0000000000e-10
double,realisable,"(2,8,8)",-9.75,4.216713e-21,1.7782794100e-10
double,realisable,"(2,8,8)",-9.5,1.333442e-20,3.1622776602e-10
double,realisable,"(2,8,8)",-9.25,4.216713e-20,5.6234132519e-10
double,realisable,"(2,8,8)",-9.0,1.333442e-19,1.0000000000e-09
double,realisable,"(2,8,8)",-8.75,4.216713e-19,1.7782794100e-09
double,realisable,"(2,8,8)",-8.5,1.333442e-18,3.1622776602e-09
double,realisable,"(2,8,8)",-8.25,4.216713e-18,5.6234132519e-09
double,realisable,"(2,8,8)",-8.0,1.333442e-17,1.0000000000e-08
double,realisable,"(2,8,8)",-7.75,4.216713e-17,1.7782794100e-08
double,realisable,"(2,8,8)",-7.5,1.333442e-16,3.1622776602e-08
double,realisable,"(2,8,8)",-7.25,4.216713e-16,5.6234132519e-08
double,realisable,"(2,8,8)",-7.0,1.333442e-15,1.0000000000e-07
double,realisable,"(2,8,8)",-6.75,4.216713e-15,1.7782794100e-07
double,realisable,"(2,8,8)",-6.5,1.333442e-14,3.1622776602e-07
double,realisable,"(2,8,8)",-6.25,4.216713e-14,5.6234132519e-07
double,realisable,"(2,8,8)",-6.0,1.333442e-13,1.0000000000e-06
double,realisable,"(2,8,8)",-5.75,4.216713e-13,1.7782794100e-06
double,realisable,"(2,8,8)",-5.5,1.333442e-12,3.1622776602e-06
double,realisable,"(2,8,8)",-5.25,4.216713e-12,5.6234132519e-06
double,realisable,"(2,8,8)",-5.0,1.333442e-11,1.0000000000e-05
double,realisable,"(2,8,8)",-4.75,4.216713e-11,1.7782794100e-05
double,realisable,"(2,8,8)",-4.5,1.333442e-10,3.1622776602e-05
double,realisable,"(2,8,8)",-4.25,4.216713e-10,5.6234132519e-05
double,realisable,"(2,8,8)",-4.0,1.333442e-09,1.0000000000e-04
double,realisable,"(2,8,8)",-3.75,4.216713e-09,1.7782794100e-04
double,realisable,"(2,8,8)",-3.5,1.333442e-08,3.1622776602e-04
double,realisable,"(2,8,8)",-3.25,4.216713e-08,5.6234132519e-04
double,realisable,"(2,8,8)",-3.0,1.333442e-07,1.0000000000e-03
double,realisable,"(2,8,8)",-2.75,4.216713e-07,1.7782794100e-03
double,realisable,"(2,8,8)",-2.5,1.333442e-06,3.1622776602e-03
double,realisable,"(2,8,8)",-2.25,4.216713e-06,5.6234132519e-03
double,realisable,"(2,8,8)",-2.0,1.333442e-05,1.0000000000e-02
double,realisable,"(2,8,8)",-1.75,4.216713e-05,1.7782794100e-02
double,realisable,"(2,8,8)",-1.5,1.333442e-04,3.1622776602e-02
double,realisable,"(2,8,8)",-1.25,4.216713e-04,5.6234132519e-02
double,realisable,"(2,8,8)",-1.0,1.333442e-03,1.0000000000e-01
triple,general,"(4,4,4)",-14.0,1.000000e-14,1.3508474598e-04
triple,general,"(4,4,4)",-13.75,1.778279e-14,1.6365895936e-04
triple,general,"(4,4,4)",-13.5,3.162278e-14,1.9827743413e-04
triple,general,"(4,4,4)",-13.25,5.623413e-14,2.4021871042e-04
triple,general,"(4,4,4)",-13.0,1.000000e-13,2.9103178041e-04
triple,general,"(4,4,4)",-12.75,1.778279e-13,3.5259329898e-04
triple,general,"(4,4,4)",-12.5,3.162278e-13,4.2717689714e-04
triple,general,"(4,4,4)",-12.25,5.623413e-13,5.1753715898e-04
triple,general,"(4,4,4)",-12.0,1.000000e-12,6.2701136458e-04
triple,general,"(4,4,4)",-11.75,1.778279e-12,7.5964275810e-04
triple,general,"(4,4,4)",-11.5,3.162278e-12,9.2032989604e-04
triple,general,"(4,4,4)",-11.25,5.623413e-12,1.1150075947e-03
triple,general,"(4,4,4)",-11.0,1.000000e-11,1.3508661651e-03
triple,general,"(4,4,4)",-10.75,1.778279e-11,1.6366170389e-03
triple,general,"(4,4,4)",-10.5,3.162278e-11,1.9828146073e-03
triple,general,"(4,4,4)",-10.25,5.623413e-11,2.4022461742e-03
triple,general,"(4,4,4)",-10.0,1.000000e-10,2.9104044495e-03
triple,general,"(4,4,4)",-9.75,1.778279e-10,3.5260600653e-03
triple,general,"(4,4,4)",-9.5,3.162278e-10,4.2719553105e-03
triple,general,"(4,4,4)",-9.25,5.623413e-10,5.1756447742e-03
triple,general,"(4,4,4)",-9.0,1.000000e-09,6.2705140495e-03
triple,general,"(4,4,4)",-8.75,1.778279e-09,7.5970142687e-03
triple,general,"(4,4,4)",-8.5,3.162278e-09,9.2041582781e-03
triple,general,"(4,4,4)",-8.25,5.623413e-09,1.1151334013e-02
triple,general,"(4,4,4)",-8.0,1.000000e-08,1.3510502477e-02
triple,general,"(4,4,4)",-7.75,1.778279e-08,1.6368862106e-02
triple,general,"(4,4,4)",-7.5,3.162278e-08,1.9832078753e-02
triple,general,"(4,4,4)",-7.25,5.623413e-08,2.4028201726e-02
triple,general,"(4,4,4)",-7.0,1.000000e-07,2.9112412020e-02
triple,general,"(4,4,4)",-6.75,1.778279e-07,3.5272780036e-02
triple,general,"(4,4,4)",-6.5,3.162278e-07,4.2737247782e-02
triple,general,"(4,4,4)",-6.25,5.623413e-07,5.1782095946e-02
triple,general,"(4,4,4)",-6.0,1.000000e-06,6.2742210677e-02
triple,general,"(4,4,4)",-5.75,1.778279e-06,7.6023529538e-02
triple,general,"(4,4,4)",-5.5,3.162278e-06,9.2118121612e-02
triple,general,"(4,4,4)",-5.25,5.623413e-06,1.1162244292e-01
triple,general,"(4,4,4)",-5.0,1.000000e-05,1.3525940216e-01
triple,general,"(4,4,4)",-4.75,1.778279e-05,1.6390496556e-01
triple,general,"(4,4,4)",-4.5,3.162278e-05,1.9862010661e-01
triple,general,"(4,4,4)",-4.25,5.623413e-05,2.4068893011e-01
triple,general,"(4,4,4)",-4.0,1.000000e-04,2.9168131218e-01
triple,general,"(4,4,4)",-3.75,1.778279e-04,3.5359850452e-01
triple,general,"(4,4,4)",-3.5,3.162278e-04,4.2874449133e-01
triple,general,"(4,4,4)",-3.25,5.623413e-04,5.2000204288e-01
triple,general,"(4,4,4)",-3.0,1.000000e-03,6.3092137932e-01
triple,general,"(4,4,4)",-2.75,1.778279e-03,7.6590302409e-01
triple,general,"(4,4,4)",-2.5,3.162278e-03,9.3045148096e-01
triple,general,"(4,4,4)",-2.25,5.623413e-03,1.1315420950e+00
triple,general,"(4,4,4)",-2.0,1.000000e-02,1.3781799314e+00
triple,general,"(4,4,4)",-1.75,1.778279e-02,1.6823081166e+00
triple,general,"(4,4,4)",-1.5,3.162278e-02,2.0604033207e+00
triple,general,"(4,4,4)",-1.25,5.623413e-02,2.5365205329e+00
triple,general,"(4,4,4)",-1.0,1.000000e-01,3.1485178680e+00
triple,realisable,"(4,4,4)",-12.0,6.675347e-26,1.0000000000e-12
triple,realisable,"(4,4,4)",-11.75,2.110930e-25,1.7782794100e-12
triple,realisable,"(4,4,4)",-11.5,6.675347e-25,3.1622776602e-12
triple,realisable,"(4,4,4)",-11.25,2.110930e-24,5.6234132519e-12
triple,realisable,"(4,4,4)",-11.0,6.675347e-24,1.0000000000e-11
triple,realisable,"(4,4,4)",-10.75,2.110930e-23,1.7782794100e-11
triple,realisable,"(4,4,4)",-10.5,6.675347e-23,3.1622776602e-11
triple,realisable,"(4,4,4)",-10.25,2.110930e-22,5.6234132519e-11
triple,realisable,"(4,4,4)",-10.0,6.675347e-22,1.0000000000e-10
triple,realisable,"(4,4,4)",-9.75,2.110930e-21,1.7782794100e-10
triple,realisable,"(4,4,4)",-9.5,6.675347e-21,3.1622776602e-10
triple,realisable,"(4,4,4)",-9.25,2.110930e-20,5.6234132519e-10
triple,realisable,"(4,4,4)",-9.0,6.675347e-20,1.0000000000e-09
triple,realisable,"(4,4,4)",-8.75,2.110930e-19,1.7782794100e-09
triple,realisable,"(4,4,4)",-8.5,6.675347e-19,3.1622776602e-09
triple,realisable,"(4,4,4)",-8.25,2.110930e-18,5.6234132519e-09
triple,realisable,"(4,4,4)",-8.0,6.675347e-18,1.0000000000e-08
triple,realisable,"(4,4,4)",-7.75,2.110930e-17,1.7782794100e-08
triple,realisable,"(4,4,4)",-7.5,6.675347e-17,3.1622776602e-08
triple,realisable,"(4,4,4)",-7.25,2.110930e-16,5.6234132519e-08
triple,realisable,"(4,4,4)",-7.0,6.675347e-16,1.0000000000e-07
triple,realisable,"(4,4,4)",-6.75,2.110930e-15,1.7782794100e-07
triple,realisable,"(4,4,4)",-6.5,6.675347e-15,3.1622776602e-07
triple,realisable,"(4,4,4)",-6.25,2.110930e-14,5.6234132519e-07
triple,realisable,"(4,4,4)",-6.0,6.675347e-14,1.0000000000e-06
triple,realisable,"(4,4,4)",-5.75,2.110930e-13,1.7782794100e-06
triple,realisable,"(4,4,4)",-5.5,6.675347e-13,3.1622776602e-06
triple,realisable,"(4,4,4)",-5.25,2.110930e-12,5.6234132519e-06
triple,realisable,"(4,4,4)",-5.0,6.675347e-12,1.0000000000e-05
triple,realisable,"(4,4,4)",-4.75,2.110930e-11,1.7782794100e-05
triple,realisable,"(4,4,4)",-4.5,6.675347e-11,3.1622776602e-05
triple,realisable,"(4,4,4)",-4.25,2.110930e-10,5.6234132519e-05
triple,realisable,"(4,4,4)",-4.0,6.675347e-10,1.0000000000e-04
triple,realisable,"(4,4,4)",-3.75,2.110930e-09,1.7782794100e-04
triple,realisable,"(4,4,4)",-3.5,6.675347e-09,3.1622776602e-04
triple,realisable,"(4,4,4)",-3.25,2.110930e-08,5.6234132519e-04
triple,realisable,"(4,4,4)",-3.0,6.675347e-08,1.0000000000e-03
triple,realisable,"(4,4,4)",-2.75,2.110930e-07,1.7782794100e-03
triple,realisable,"(4,4,4)",-2.5,6.675347e-07,3.1622776602e-03
triple,realisable,"(4,4,4)",-2.25,2.110930e-06,5.6234132519e-03
triple,realisable,"(4,4,4)",-2.0,6.675347e-06,1.0000000000e-02
triple,realisable,"(4,4,4)",-1.75,2.110930e-05,1.7782794100e-02
triple,realisable,"(4,4,4)",-1.5,6.675348e-05,3.1622776602e-02
triple,realisable,"(4,4,4)",-1.25,2.110931e-04,5.6234132519e-02
triple,realisable,"(4,4,4)",-1.0,6.675353e-04,1.0000000000e-01
