orbifold,signature,area_over_pi,systole_computed,systole_lower_bound,second_length,tiles_enumerated,enum_L,x0_radius_r,diam_P,diam_upper_B1_2diamP,diam_upper_B2,max_opposite_copy_distance,diam_true_numerical,D_M3,D_M12
"O(2,8,8)","(0, (2, 8, 8))",0.5,2.2567679299326,2.256767,2.88163660446,10117,4.0,1.278395981,2.44845244768,4.89690489536,2.44887300103,2.448452,2.448452,,1125.4413
"O(3,3,12)","(0, (3, 3, 12))",0.5,1.86260405513948,1.862604,2.98068096376,36142,4.0,1.702348452,2.1581701191,4.31634023819,2.31871588622,2.158170,2.158170,,1125.4413
O_tau=0.0,"(0, (3, 3, 3, 3))",1.33333333333333,2.63391579384963,2.633915,3.13359847394,2617,4.0,1.146215835,2.29243166956,4.58486333912,3.4002181068,2.292432,2.292432,150.93736,3001.1768
O_tau=0.4,"(0, (3, 3, 3, 3))",1.33333333333333,2.20269528685464,2.202695,2.8202810947,2833,4.0,1.167798735,2.33559747087,4.67119494173,3.17561575416,2.335597,2.335597,150.93736,3001.1768
O_tau=0.8,"(0, (3, 3, 3, 3))",1.33333333333333,1.83130273573471,1.831302,2.57439182822,3237,4.0,1.230404613,2.46080922539,4.92161845079,3.07400313102,2.460809,2.460809,150.93736,3001.1768
O_tau=1.2,"(0, (3, 3, 3, 3))",1.33333333333333,1.5157379176934,1.515737,2.38741652964,4475,4.0,1.32849554,2.65699107941,5.31398215883,3.09018759246,2.656991,2.656991,150.93736,3001.1768
O_tau=1.6,"(0, (3, 3, 3, 3))",1.33333333333333,1.25042850440408,1.250428,2.24921864275,6505,4.0,1.455051071,2.91010214296,5.82020428592,3.20892439058,2.910102,2.910102,150.93736,3001.1768
O_tau=2.0,"(0, (3, 3, 3, 3))",1.33333333333333,1.02912883771259,1.029128,2.05825767543,9885,4.0,1.603223657,3.2064473143,6.4128946286,3.40955774901,3.206447,3.206447,150.93736,3001.1768
O_tau=2.4,"(0, (3, 3, 3, 3))",1.33333333333333,0.845593628134644,0.845593,1.69118725627,16413,4.0,1.767201432,3.53440286431,7.06880572861,3.6713922803,3.534403,3.534403,150.93736,3001.1768
O_tau=2.8,"(0, (3, 3, 3, 3))",1.33333333333333,0.693994552670707,0.693994,1.38798910534,28085,4.0,1.94243553,3.88487105993,7.76974211985,3.97696426208,3.884871,3.884871,150.93736,3001.1768
