orbifold,j,change,least_N_C1,signature_concluded,t,outcome
"O(2,8,8)",1,deleted,9,"(0, (2, 2, 2, 4))",0.05783,wrong
"O(2,8,8)",1,duplicated,9,"(0, (2, 6, 12))",0.05873,wrong
"O(2,8,8)",2,deleted,11,"(0, (2, 2, 2, 4))",0.05873,wrong
"O(2,8,8)",2,duplicated,10,"(0, (2, 6, 12))",0.05783,wrong
"O(2,8,8)",3,deleted,14,"(0, (3, 4, 6))",0.05966,wrong
"O(2,8,8)",3,duplicated,13,"(0, (2, 6, 12))",0.05349,wrong
"O(2,8,8)",5,deleted,13,"(0, (3, 3, 12))",0.05026,wrong
"O(2,8,8)",5,duplicated,15,"(0, (2, 6, 12))",0.05185,wrong
"O(2,8,8)",8,deleted,17,"(0, (3, 3, 12))",0.05267,wrong
"O(2,8,8)",8,duplicated,17,"(0, (2, 8, 8))",0.05693,true
"O(2,8,8)",12,deleted,17,"(0, (2, 8, 8))",0.05605,true
"O(2,8,8)",12,duplicated,18,"(0, (2, 8, 8))",0.05605,true
"O(3,3,12)",1,deleted,12,"(0, (2, 2, 2, 4))",0.04437,wrong
"O(3,3,12)",1,duplicated,12,"(0, (2, 6, 12))",0.04797,wrong
"O(3,3,12)",2,deleted,16,"(0, (2, 2, 2, 4))",0.04105,wrong
"O(3,3,12)",2,duplicated,14,"(0, (2, 6, 12))",0.04437,wrong
"O(3,3,12)",3,deleted,18,"(0, (2, 2, 2, 4))",0.03681,wrong
"O(3,3,12)",3,duplicated,15,"(0, (2, 6, 12))",0.04169,wrong
"O(3,3,12)",5,deleted,16,"(0, (3, 4, 6))",0.04437,wrong
"O(3,3,12)",5,duplicated,20,"(0, (2, 6, 12))",0.03681,wrong
"O(3,3,12)",8,deleted,18,"(0, (3, 3, 12))",0.03797,true
"O(3,3,12)",8,duplicated,23,"(0, (2, 6, 12))",0.04042,wrong
"O(3,3,12)",12,deleted,21,"(0, (3, 3, 12))",0.04235,true
"O(3,3,12)",12,duplicated,26,"(0, (2, 8, 8))",0.03979,wrong
