orbifold,signature,area,systole_lower_bound,diam_B1_2diamP,diam_B2,diam_true_numerical,D_A_eps_M,M,S_size,beta,lambda_complete,N_complete,n_computed,data,completeness_basis
"O(2,8,8)","(0, (2, 8, 8))",0.5*pi,2.256767,4.89690489536,2.44887300103,2.448452,1125.44,12,6,1.604167,16000.0,2002,2845,full,trace test at t = 0.0015 (budget 1.5e-11) detects a missing eigenvalue below 1.66e4
"O(3,3,12)","(0, (3, 3, 12))",0.5*pi,1.862604,4.31634023819,2.31871588622,2.158170,1125.44,12,6,1.604167,16000.0,2001,2854,full,trace test at t = 0.0015 (budget 1.5e-11) detects a missing eigenvalue below 1.66e4
O_tau=0.0,"(0, (3, 3, 3, 3))",1.33333333333333*pi,2.633915,4.58486333912,3.4002181068,2.292432,150.937,3,3,0.888889,13360.0,4451,5815,full,"double-window slicing; exact count agreement of three mesh levels below 0.8 x least sector maximum; trace test (t >= 0.0025, budget 2.2e-11) detects a missing eigenvalue below 9.8e3"
O_tau=0.0,"(0, (3, 3, 3, 3))",1.33333333333333*pi,2.633915,4.58486333912,3.4002181068,2.292432,3001.18,12,10,2.472222,13360.0,4451,5815,full,"double-window slicing; exact count agreement of three mesh levels below 0.8 x least sector maximum; trace test (t >= 0.0025, budget 2.2e-11) detects a missing eigenvalue below 9.8e3"
O_tau=0.4,"(0, (3, 3, 3, 3))",1.33333333333333*pi,2.202695,4.67119494173,3.17561575416,2.335597,150.937,3,3,0.888889,13341.1,4448,5807,full,"double-window slicing; exact count agreement of three mesh levels below 0.8 x least sector maximum; trace test (t >= 0.0025, budget 2.2e-11) detects a missing eigenvalue below 9.8e3"
O_tau=0.4,"(0, (3, 3, 3, 3))",1.33333333333333*pi,2.202695,4.67119494173,3.17561575416,2.335597,3001.18,12,10,2.472222,13341.1,4448,5807,full,"double-window slicing; exact count agreement of three mesh levels below 0.8 x least sector maximum; trace test (t >= 0.0025, budget 2.2e-11) detects a missing eigenvalue below 9.8e3"
O_tau=0.8,"(0, (3, 3, 3, 3))",1.33333333333333*pi,1.831302,4.92161845079,3.07400313102,2.460809,150.937,3,3,0.888889,13314.9,4437,5809,full,"double-window slicing; exact count agreement of three mesh levels below 0.8 x least sector maximum; trace test (t >= 0.0025, budget 2.2e-11) detects a missing eigenvalue below 9.8e3"
O_tau=0.8,"(0, (3, 3, 3, 3))",1.33333333333333*pi,1.831302,4.92161845079,3.07400313102,2.460809,3001.18,12,10,2.472222,13314.9,4437,5809,full,"double-window slicing; exact count agreement of three mesh levels below 0.8 x least sector maximum; trace test (t >= 0.0025, budget 2.2e-11) detects a missing eigenvalue below 9.8e3"
O_tau=1.2,"(0, (3, 3, 3, 3))",1.33333333333333*pi,1.515737,5.31398215883,3.09018759246,2.656991,150.937,3,3,0.888889,13274.2,4424,5810,full,"double-window slicing; exact count agreement of three mesh levels below 0.8 x least sector maximum; trace test (t >= 0.0025, budget 2.2e-11) detects a missing eigenvalue below 9.8e3"
O_tau=1.2,"(0, (3, 3, 3, 3))",1.33333333333333*pi,1.515737,5.31398215883,3.09018759246,2.656991,3001.18,12,10,2.472222,13274.2,4424,5810,full,"double-window slicing; exact count agreement of three mesh levels below 0.8 x least sector maximum; trace test (t >= 0.0025, budget 2.2e-11) detects a missing eigenvalue below 9.8e3"
O_tau=1.6,"(0, (3, 3, 3, 3))",1.33333333333333*pi,1.250428,5.82020428592,3.20892439058,2.910102,150.937,3,3,0.888889,13266.2,4424,5806,full,"double-window slicing; exact count agreement of three mesh levels below 0.8 x least sector maximum; trace test (t >= 0.0025, budget 2.2e-11) detects a missing eigenvalue below 9.8e3"
O_tau=1.6,"(0, (3, 3, 3, 3))",1.33333333333333*pi,1.250428,5.82020428592,3.20892439058,2.910102,3001.18,12,10,2.472222,13266.2,4424,5806,full,"double-window slicing; exact count agreement of three mesh levels below 0.8 x least sector maximum; trace test (t >= 0.0025, budget 2.2e-11) detects a missing eigenvalue below 9.8e3"
O_tau=2.0,"(0, (3, 3, 3, 3))",1.33333333333333*pi,1.029128,6.4128946286,3.40955774901,3.206447,150.937,3,3,0.888889,13198.8,4400,5807,full,"double-window slicing; exact count agreement of three mesh levels below 0.8 x least sector maximum; trace test (t >= 0.0025, budget 2.2e-11) detects a missing eigenvalue below 9.8e3"
O_tau=2.0,"(0, (3, 3, 3, 3))",1.33333333333333*pi,1.029128,6.4128946286,3.40955774901,3.206447,3001.18,12,10,2.472222,13198.8,4400,5807,full,"double-window slicing; exact count agreement of three mesh levels below 0.8 x least sector maximum; trace test (t >= 0.0025, budget 2.2e-11) detects a missing eigenvalue below 9.8e3"
O_tau=2.4,"(0, (3, 3, 3, 3))",1.33333333333333*pi,0.845593,7.06880572861,3.6713922803,3.534403,150.937,3,3,0.888889,13155.1,4387,5811,full,"double-window slicing; exact count agreement of three mesh levels below 0.8 x least sector maximum; trace test (t >= 0.0025, budget 2.2e-11) detects a missing eigenvalue below 9.8e3"
O_tau=2.4,"(0, (3, 3, 3, 3))",1.33333333333333*pi,0.845593,7.06880572861,3.6713922803,3.534403,3001.18,12,10,2.472222,13155.1,4387,5811,full,"double-window slicing; exact count agreement of three mesh levels below 0.8 x least sector maximum; trace test (t >= 0.0025, budget 2.2e-11) detects a missing eigenvalue below 9.8e3"
O_tau=2.8,"(0, (3, 3, 3, 3))",1.33333333333333*pi,0.693994,7.76974211985,3.97696426208,3.884871,150.937,3,3,0.888889,13076.4,4357,5805,full,"double-window slicing; exact count agreement of three mesh levels below 0.8 x least sector maximum; trace test (t >= 0.0025, budget 2.2e-11) detects a missing eigenvalue below 9.8e3"
O_tau=2.8,"(0, (3, 3, 3, 3))",1.33333333333333*pi,0.693994,7.76974211985,3.97696426208,3.884871,3001.18,12,10,2.472222,13076.4,4357,5805,full,"double-window slicing; exact count agreement of three mesh levels below 0.8 x least sector maximum; trace test (t >= 0.0025, budget 2.2e-11) detects a missing eigenvalue below 9.8e3"
