orbifold,M,competitors,t,gap,nearest,hyp_bound,N_obs,lambda_N_obs,N_apr,lambda_N_apr
"O(2, 8, 8)",12,6,0.002,0.00389388,"(0, (3, 3, 12))",7.772e-269,650,5194.5705,939,7493.7308
"O(2, 8, 8)",12,6,0.003,0.00565866,"(0, (3, 3, 12))",9.2e-177,402,3217.7303,587,4671.4783
"O(2, 8, 8)",12,6,0.005,0.00888386,"(0, (3, 3, 12))",3.823e-103,218,1723.9707,322,2557.2402
"O(2, 8, 8)",12,6,0.0075,0.0124363,"(0, (3, 3, 12))",2.289e-66,133,1055.7477,200,1583.0648
"O(2, 8, 8)",12,6,0.01,0.0155544,"(0, (3, 3, 12))",5.375e-48,94,729.6108,142,1110.7552
"O(2, 8, 8)",12,6,0.015,0.0207801,"(0, (3, 3, 12))",1.192e-29,58,445.0823,89,692.0808
"O(2, 8, 8)",12,6,0.02,0.024988,"(0, (3, 3, 12))",1.706e-20,41,318.9218,63,485.7904
"O(2, 8, 8)",12,6,0.03,0.031321,"(0, (3, 3, 12))",2.311e-11,25,185.2020,39,290.0714
"O(2, 8, 8)",12,6,0.05,0.0390911,"(0, (3, 3, 12))",0.0004301,14,97.8777,21,148.4391
"O(2, 8, 8)",12,6,0.075,0.0441605,"(0, (3, 3, 12))",1.744,9,61.0263,,
"O(2, 8, 8)",12,6,0.1,0.0467236,"(0, (3, 3, 12))",107.6,7,40.1159,,
"O(2, 8, 8)",12,6,0.15,0.0484638,"(0, (3, 3, 12))",6404.0,5,23.0786,,
"O(2, 8, 8)",12,6,0.2,0.0482454,"(0, (3, 3, 12))",4.841e+4,4,18.6588,,
"O(2, 8, 8)",12,6,0.3,0.0459361,"(0, (3, 3, 12))",3.61e+5,3,8.2496,,
"O(2, 8, 8)",12,6,0.5,0.0394844,"(0, (2, 6, 12))",1.834e+6,,,,
"O(2, 8, 8)",12,6,0.75,0.0307246,"(0, (2, 6, 12))",4.45e+6,,,,
"O(2, 8, 8)",12,6,1.0,0.0251821,"(0, (2, 6, 12))",2.692e+7,,,,
"O(2, 8, 8)",30,7,0.002,0.00389388,"(0, (3, 3, 12))",7.772e-269,650,5194.5705,939,7493.7308
"O(2, 8, 8)",30,7,0.003,0.00565866,"(0, (3, 3, 12))",9.2e-177,402,3217.7303,587,4671.4783
"O(2, 8, 8)",30,7,0.005,0.00888386,"(0, (3, 3, 12))",3.823e-103,218,1723.9707,322,2557.2402
"O(2, 8, 8)",30,7,0.0075,0.0124363,"(0, (3, 3, 12))",2.289e-66,133,1055.7477,200,1583.0648
"O(2, 8, 8)",30,7,0.01,0.0155544,"(0, (3, 3, 12))",5.375e-48,94,729.6108,142,1110.7552
"O(2, 8, 8)",30,7,0.015,0.0207801,"(0, (3, 3, 12))",1.192e-29,58,445.0823,89,692.0808
"O(2, 8, 8)",30,7,0.02,0.024988,"(0, (3, 3, 12))",1.706e-20,41,318.9218,63,485.7904
"O(2, 8, 8)",30,7,0.03,0.031321,"(0, (3, 3, 12))",2.311e-11,25,185.2020,39,290.0714
"O(2, 8, 8)",30,7,0.05,0.0390911,"(0, (3, 3, 12))",0.0004301,14,97.8777,21,148.4391
"O(2, 8, 8)",30,7,0.075,0.0441605,"(0, (3, 3, 12))",1.744,9,61.0263,,
"O(2, 8, 8)",30,7,0.1,0.0467236,"(0, (3, 3, 12))",107.6,7,40.1159,,
"O(2, 8, 8)",30,7,0.15,0.0484638,"(0, (3, 3, 12))",6404.0,5,23.0786,,
"O(2, 8, 8)",30,7,0.2,0.0482454,"(0, (3, 3, 12))",4.841e+4,4,18.6588,,
"O(2, 8, 8)",30,7,0.3,0.0459361,"(0, (3, 3, 12))",3.61e+5,3,8.2496,,
"O(2, 8, 8)",30,7,0.5,0.0394844,"(0, (2, 6, 12))",1.834e+6,,,,
"O(2, 8, 8)",30,7,0.75,0.0307246,"(0, (2, 6, 12))",4.45e+6,,,,
"O(2, 8, 8)",30,7,1.0,0.0251821,"(0, (2, 6, 12))",2.692e+7,,,,
"O(3, 3, 12)",12,6,0.002,0.00389388,"(0, (2, 8, 8))",1.369e-181,650,5170.7937,940,7492.0041
"O(3, 3, 12)",12,6,0.003,0.00565866,"(0, (2, 8, 8))",6.728e-119,402,3215.0855,585,4662.7941
"O(3, 3, 12)",12,6,0.005,0.00888386,"(0, (2, 8, 8))",8.731e-69,218,1744.7612,322,2553.4955
"O(3, 3, 12)",12,6,0.0075,0.0124363,"(0, (2, 8, 8))",9.242e-44,133,1060.5766,200,1584.0676
"O(3, 3, 12)",12,6,0.01,0.0155544,"(0, (2, 8, 8))",2.886e-31,94,735.8466,143,1125.4843
"O(3, 3, 12)",12,6,0.015,0.0207801,"(0, (2, 8, 8))",8.518e-19,58,447.3830,88,688.6101
"O(3, 3, 12)",12,6,0.02,0.024988,"(0, (2, 8, 8))",1.406e-12,41,310.1731,63,484.3272
"O(3, 3, 12)",12,6,0.03,0.031321,"(0, (2, 8, 8))",2.201e-6,25,181.6990,39,290.8700
"O(3, 3, 12)",12,6,0.05,0.0390911,"(0, (2, 8, 8))",0.1834,14,97.9987,,
"O(3, 3, 12)",12,6,0.075,0.0441605,"(0, (2, 8, 8))",49.9,9,53.2071,,
"O(3, 3, 12)",12,6,0.1,0.0467236,"(0, (2, 8, 8))",799.7,7,40.4239,,
"O(3, 3, 12)",12,6,0.15,0.0484638,"(0, (2, 8, 8))",1.241e+4,5,24.1182,,
"O(3, 3, 12)",12,6,0.2,0.0482454,"(0, (2, 8, 8))",4.816e+4,4,14.9387,,
"O(3, 3, 12)",12,6,0.3,0.0459361,"(0, (2, 8, 8))",1.862e+5,,,,
"O(3, 3, 12)",12,6,0.5,0.0402154,"(0, (2, 8, 8))",5.743e+5,,,,
"O(3, 3, 12)",12,6,0.75,0.0341311,"(0, (2, 8, 8))",2.563e+6,,,,
"O(3, 3, 12)",12,6,1.0,0.0293634,"(0, (2, 8, 8))",7.415e+6,,,,
"O(3, 3, 12)",30,7,0.002,0.00389388,"(0, (2, 8, 8))",1.369e-181,650,5170.7937,940,7492.0041
"O(3, 3, 12)",30,7,0.003,0.00565866,"(0, (2, 8, 8))",6.728e-119,402,3215.0855,585,4662.7941
"O(3, 3, 12)",30,7,0.005,0.00888386,"(0, (2, 8, 8))",8.731e-69,218,1744.7612,322,2553.4955
"O(3, 3, 12)",30,7,0.0075,0.0124363,"(0, (2, 8, 8))",9.242e-44,133,1060.5766,200,1584.0676
"O(3, 3, 12)",30,7,0.01,0.0155544,"(0, (2, 8, 8))",2.886e-31,94,735.8466,143,1125.4843
"O(3, 3, 12)",30,7,0.015,0.0207801,"(0, (2, 8, 8))",8.518e-19,58,447.3830,88,688.6101
"O(3, 3, 12)",30,7,0.02,0.024988,"(0, (2, 8, 8))",1.406e-12,41,310.1731,63,484.3272
"O(3, 3, 12)",30,7,0.03,0.031321,"(0, (2, 8, 8))",2.201e-6,25,181.6990,39,290.8700
"O(3, 3, 12)",30,7,0.05,0.0390911,"(0, (2, 8, 8))",0.1834,14,97.9987,,
"O(3, 3, 12)",30,7,0.075,0.0441605,"(0, (2, 8, 8))",49.9,9,53.2071,,
"O(3, 3, 12)",30,7,0.1,0.0467236,"(0, (2, 8, 8))",799.7,7,40.4239,,
"O(3, 3, 12)",30,7,0.15,0.0484638,"(0, (2, 8, 8))",1.241e+4,5,24.1182,,
"O(3, 3, 12)",30,7,0.2,0.0482454,"(0, (2, 8, 8))",4.816e+4,4,14.9387,,
"O(3, 3, 12)",30,7,0.3,0.0459361,"(0, (2, 8, 8))",1.862e+5,,,,
"O(3, 3, 12)",30,7,0.5,0.0402154,"(0, (2, 8, 8))",5.743e+5,,,,
"O(3, 3, 12)",30,7,0.75,0.0341311,"(0, (2, 8, 8))",2.563e+6,,,,
"O(3, 3, 12)",30,7,1.0,0.0293634,"(0, (2, 8, 8))",7.415e+6,,,,
"(0;3,3,3,3) theta=0.0",3,3,0.002,0.166279,"(0, (2, 2, 2, 2, 3))",1.145e-369,,,,
"(0;3,3,3,3) theta=0.0",3,3,0.003,0.166086,"(0, (2, 2, 2, 2, 3))",3.231e-244,801,2395.0969,,
"(0;3,3,3,3) theta=0.0",3,3,0.005,0.165702,"(0, (2, 2, 2, 2, 3))",6.759e-144,447,1332.3350,692,2068.5407
"(0;3,3,3,3) theta=0.0",3,3,0.0075,0.165226,"(0, (2, 2, 2, 2, 3))",9.08e-94,281,839.3608,439,1311.9867
"(0;3,3,3,3) theta=0.0",3,3,0.01,0.164753,"(0, (2, 2, 2, 2, 3))",1.01e-68,202,599.8671,318,949.1491
"(0;3,3,3,3) theta=0.0",3,3,0.015,0.163819,"(0, (2, 2, 2, 2, 3))",1.06e-43,126,377.7632,203,600.5284
"(0;3,3,3,3) theta=0.0",3,3,0.02,0.1629,"(0, (2, 2, 2, 2, 3))",3.299e-31,90,267.0539,144,428.5695
"(0;3,3,3,3) theta=0.0",3,3,0.03,0.161102,"(0, (2, 2, 2, 2, 3))",9.717e-19,56,159.9019,93,272.2429
"(0;3,3,3,3) theta=0.0",3,3,0.05,0.157658,"(0, (2, 2, 2, 2, 3))",8.439e-9,31,89.9095,51,147.0528
"(0;3,3,3,3) theta=0.0",3,3,0.075,0.153612,"(0, (2, 2, 2, 2, 3))",0.000738,19,54.8071,33,93.5746
"(0;3,3,3,3) theta=0.0",3,3,0.1,0.149818,"(0, (2, 2, 2, 2, 3))",0.2111,14,39.9824,,
"(0;3,3,3,3) theta=0.0",3,3,0.15,0.142868,"(0, (2, 2, 2, 2, 3))",58.06,9,20.9384,,
"(0;3,3,3,3) theta=0.0",3,3,0.2,0.136628,"(0, (2, 2, 2, 2, 3))",940.4,6,15.0315,,
"(0;3,3,3,3) theta=0.0",3,3,0.3,0.12579,"(0, (2, 2, 2, 2, 3))",1.493e+4,4,6.9704,,
"(0;3,3,3,3) theta=0.0",3,3,0.5,0.108681,"(0, (2, 2, 2, 2, 3))",1.364e+5,3,4.1224,,
"(0;3,3,3,3) theta=0.0",3,3,0.75,0.0926737,"(0, (2, 2, 2, 2, 3))",4.329e+5,,,,
"(0;3,3,3,3) theta=0.0",3,3,1.0,0.0803702,"(0, (2, 2, 2, 2, 3))",2.619e+6,,,,
"(0;3,3,3,3) theta=0.0",12,10,0.002,0.0829747,"(0, (2, 3, 4, 4))",1.145e-369,,,,
"(0;3,3,3,3) theta=0.0",12,10,0.003,0.0827971,"(0, (2, 3, 4, 4))",3.231e-244,,,,
"(0;3,3,3,3) theta=0.0",12,10,0.005,0.0824456,"(0, (2, 3, 4, 4))",6.759e-144,494,1470.9418,749,2248.3917
"(0;3,3,3,3) theta=0.0",12,10,0.0075,0.0820127,"(0, (2, 3, 4, 4))",9.08e-94,312,929.5639,476,1426.7472
"(0;3,3,3,3) theta=0.0",12,10,0.01,0.0815868,"(0, (2, 3, 4, 4))",1.01e-68,225,672.4143,349,1039.7489
"(0;3,3,3,3) theta=0.0",12,10,0.015,0.0807548,"(0, (2, 3, 4, 4))",1.06e-43,141,412.1480,220,655.0504
"(0;3,3,3,3) theta=0.0",12,10,0.02,0.0799481,"(0, (2, 3, 4, 4))",3.299e-31,102,305.2198,160,475.8966
"(0;3,3,3,3) theta=0.0",12,10,0.03,0.0784044,"(0, (2, 3, 4, 4))",9.717e-19,64,187.9057,101,294.0434
"(0;3,3,3,3) theta=0.0",12,10,0.05,0.0755617,"(0, (2, 3, 4, 4))",8.439e-9,36,103.1803,57,164.9806
"(0;3,3,3,3) theta=0.0",12,10,0.075,0.0723884,"(0, (2, 3, 4, 4))",0.000738,23,64.0663,38,104.3892
"(0;3,3,3,3) theta=0.0",12,10,0.1,0.0695553,"(0, (2, 3, 4, 4))",0.2111,16,40.0202,,
"(0;3,3,3,3) theta=0.0",12,10,0.15,0.0646719,"(0, (2, 3, 4, 4))",58.06,11,26.7775,,
"(0;3,3,3,3) theta=0.0",12,10,0.2,0.0605718,"(0, (2, 3, 4, 4))",940.4,8,19.5981,,
"(0;3,3,3,3) theta=0.0",12,10,0.3,0.0539733,"(0, (2, 3, 4, 4))",1.493e+4,5,11.1983,,
"(0;3,3,3,3) theta=0.0",12,10,0.5,0.0446064,"(0, (2, 3, 4, 4))",1.364e+5,,,,
"(0;3,3,3,3) theta=0.0",12,10,0.75,0.0367186,"(0, (2, 3, 4, 4))",4.329e+5,,,,
"(0;3,3,3,3) theta=0.0",12,10,1.0,0.0310959,"(0, (2, 3, 4, 4))",2.619e+6,,,,
"(0;3,3,3,3) theta=0.4",3,3,0.002,0.166279,"(0, (2, 2, 2, 2, 3))",1.744e-256,,,,
"(0;3,3,3,3) theta=0.4",3,3,0.003,0.166086,"(0, (2, 2, 2, 2, 3))",8.94e-169,801,2397.1292,,
"(0;3,3,3,3) theta=0.4",3,3,0.005,0.165702,"(0, (2, 2, 2, 2, 3))",1.2e-98,447,1338.2670,691,2067.6826
"(0;3,3,3,3) theta=0.4",3,3,0.0075,0.165226,"(0, (2, 2, 2, 2, 3))",1.291e-63,281,836.3085,441,1316.0883
"(0;3,3,3,3) theta=0.4",3,3,0.01,0.164753,"(0, (2, 2, 2, 2, 3))",4.065e-46,201,598.0999,318,951.1945
"(0;3,3,3,3) theta=0.4",3,3,0.015,0.163819,"(0, (2, 2, 2, 2, 3))",1.209e-28,126,374.8194,201,598.0999
"(0;3,3,3,3) theta=0.4",3,3,0.02,0.1629,"(0, (2, 2, 2, 2, 3))",6.335e-20,90,267.6685,145,433.1152
"(0;3,3,3,3) theta=0.4",3,3,0.03,0.161102,"(0, (2, 2, 2, 2, 3))",3.143e-11,56,167.0524,94,271.5783
"(0;3,3,3,3) theta=0.4",3,3,0.05,0.157658,"(0, (2, 2, 2, 2, 3))",0.0002619,31,90.5839,52,147.3067
"(0;3,3,3,3) theta=0.4",3,3,0.075,0.153612,"(0, (2, 2, 2, 2, 3))",0.711,19,54.0147,,
"(0;3,3,3,3) theta=0.4",3,3,0.1,0.149818,"(0, (2, 2, 2, 2, 3))",35.91,14,38.8971,,
"(0;3,3,3,3) theta=0.4",3,3,0.15,0.142868,"(0, (2, 2, 2, 2, 3))",1749.0,9,22.6824,,
"(0;3,3,3,3) theta=0.4",3,3,0.2,0.136628,"(0, (2, 2, 2, 2, 3))",1.197e+4,6,12.7834,,
"(0;3,3,3,3) theta=0.4",3,3,0.3,0.12579,"(0, (2, 2, 2, 2, 3))",8.093e+4,4,7.2302,,
"(0;3,3,3,3) theta=0.4",3,3,0.5,0.108681,"(0, (2, 2, 2, 2, 3))",3.812e+5,,,,
"(0;3,3,3,3) theta=0.4",3,3,0.75,0.0926737,"(0, (2, 2, 2, 2, 3))",8.948e+5,,,,
"(0;3,3,3,3) theta=0.4",3,3,1.0,0.0803702,"(0, (2, 2, 2, 2, 3))",5.45e+6,,,,
"(0;3,3,3,3) theta=0.4",12,10,0.002,0.0829747,"(0, (2, 3, 4, 4))",1.744e-256,,,,
"(0;3,3,3,3) theta=0.4",12,10,0.003,0.0827971,"(0, (2, 3, 4, 4))",8.94e-169,,,,
"(0;3,3,3,3) theta=0.4",12,10,0.005,0.0824456,"(0, (2, 3, 4, 4))",1.2e-98,494,1483.2298,752,2248.3069
"(0;3,3,3,3) theta=0.4",12,10,0.0075,0.0820127,"(0, (2, 3, 4, 4))",1.291e-63,312,935.0327,479,1430.9486
"(0;3,3,3,3) theta=0.4",12,10,0.01,0.0815868,"(0, (2, 3, 4, 4))",4.065e-46,225,673.5502,346,1034.7743
"(0;3,3,3,3) theta=0.4",12,10,0.015,0.0807548,"(0, (2, 3, 4, 4))",1.209e-28,141,411.8875,222,659.7058
"(0;3,3,3,3) theta=0.4",12,10,0.02,0.0799481,"(0, (2, 3, 4, 4))",6.335e-20,102,304.6480,159,477.5200
"(0;3,3,3,3) theta=0.4",12,10,0.03,0.0784044,"(0, (2, 3, 4, 4))",3.143e-11,64,189.5977,100,300.3151
"(0;3,3,3,3) theta=0.4",12,10,0.05,0.0755617,"(0, (2, 3, 4, 4))",0.0002619,35,100.6901,58,169.9130
"(0;3,3,3,3) theta=0.4",12,10,0.075,0.0723884,"(0, (2, 3, 4, 4))",0.711,22,59.9470,,
"(0;3,3,3,3) theta=0.4",12,10,0.1,0.0695553,"(0, (2, 3, 4, 4))",35.91,17,45.6357,,
"(0;3,3,3,3) theta=0.4",12,10,0.15,0.0646719,"(0, (2, 3, 4, 4))",1749.0,10,23.5889,,
"(0;3,3,3,3) theta=0.4",12,10,0.2,0.0605718,"(0, (2, 3, 4, 4))",1.197e+4,8,21.8868,,
"(0;3,3,3,3) theta=0.4",12,10,0.3,0.0539733,"(0, (2, 3, 4, 4))",8.093e+4,5,11.8443,,
"(0;3,3,3,3) theta=0.4",12,10,0.5,0.0446064,"(0, (2, 3, 4, 4))",3.812e+5,,,,
"(0;3,3,3,3) theta=0.4",12,10,0.75,0.0367186,"(0, (2, 3, 4, 4))",8.948e+5,,,,
"(0;3,3,3,3) theta=0.4",12,10,1.0,0.0310959,"(0, (2, 3, 4, 4))",5.45e+6,,,,
"(0;3,3,3,3) theta=0.8",3,3,0.002,0.166279,"(0, (2, 2, 2, 2, 3))",5.813e-175,,,,
"(0;3,3,3,3) theta=0.8",3,3,0.003,0.166086,"(0, (2, 2, 2, 2, 3))",2.309e-114,801,2397.8364,,
"(0;3,3,3,3) theta=0.8",3,3,0.005,0.165702,"(0, (2, 2, 2, 2, 3))",6.351e-66,447,1335.0747,692,2075.4307
"(0;3,3,3,3) theta=0.8",3,3,0.0075,0.165226,"(0, (2, 2, 2, 2, 3))",9.788e-42,281,842.9915,438,1316.6020
"(0;3,3,3,3) theta=0.8",3,3,0.01,0.164753,"(0, (2, 2, 2, 2, 3))",1.166e-29,202,599.2507,318,949.9692
"(0;3,3,3,3) theta=0.8",3,3,0.015,0.163819,"(0, (2, 2, 2, 2, 3))",1.313e-17,126,375.1321,203,600.1839
"(0;3,3,3,3) theta=0.8",3,3,0.02,0.1629,"(0, (2, 2, 2, 2, 3))",1.34e-11,90,269.8392,145,433.1325
"(0;3,3,3,3) theta=0.8",3,3,0.03,0.161102,"(0, (2, 2, 2, 2, 3))",1.295e-5,56,166.6346,90,269.8392
"(0;3,3,3,3) theta=0.8",3,3,0.05,0.157658,"(0, (2, 2, 2, 2, 3))",0.7342,31,89.6469,,
"(0;3,3,3,3) theta=0.8",3,3,0.075,0.153612,"(0, (2, 2, 2, 2, 3))",164.9,20,54.5703,,
"(0;3,3,3,3) theta=0.8",3,3,0.1,0.149818,"(0, (2, 2, 2, 2, 3))",2400.0,14,41.4015,,
"(0;3,3,3,3) theta=0.8",3,3,0.15,0.142868,"(0, (2, 2, 2, 2, 3))",3.387e+4,9,21.0151,,
"(0;3,3,3,3) theta=0.8",3,3,0.2,0.136628,"(0, (2, 2, 2, 2, 3))",1.254e+5,6,13.8323,,
"(0;3,3,3,3) theta=0.8",3,3,0.3,0.12579,"(0, (2, 2, 2, 2, 3))",4.627e+5,4,7.9590,,
"(0;3,3,3,3) theta=0.8",3,3,0.5,0.108681,"(0, (2, 2, 2, 2, 3))",1.379e+6,,,,
"(0;3,3,3,3) theta=0.8",3,3,0.75,0.0926737,"(0, (2, 2, 2, 2, 3))",6.13e+6,,,,
"(0;3,3,3,3) theta=0.8",3,3,1.0,0.0803702,"(0, (2, 2, 2, 2, 3))",1.774e+7,,,,
"(0;3,3,3,3) theta=0.8",12,10,0.002,0.0829747,"(0, (2, 3, 4, 4))",5.813e-175,,,,
"(0;3,3,3,3) theta=0.8",12,10,0.003,0.0827971,"(0, (2, 3, 4, 4))",2.309e-114,,,,
"(0;3,3,3,3) theta=0.8",12,10,0.005,0.0824456,"(0, (2, 3, 4, 4))",6.351e-66,494,1473.9293,751,2249.4583
"(0;3,3,3,3) theta=0.8",12,10,0.0075,0.0820127,"(0, (2, 3, 4, 4))",9.788e-42,312,927.6738,483,1433.4174
"(0;3,3,3,3) theta=0.8",12,10,0.01,0.0815868,"(0, (2, 3, 4, 4))",1.166e-29,225,669.8452,345,1030.6043
"(0;3,3,3,3) theta=0.8",12,10,0.015,0.0807548,"(0, (2, 3, 4, 4))",1.313e-17,142,416.3759,221,655.3178
"(0;3,3,3,3) theta=0.8",12,10,0.02,0.0799481,"(0, (2, 3, 4, 4))",1.34e-11,102,298.1893,161,477.6592
"(0;3,3,3,3) theta=0.8",12,10,0.03,0.0784044,"(0, (2, 3, 4, 4))",1.295e-5,64,188.9267,103,299.3364
"(0;3,3,3,3) theta=0.8",12,10,0.05,0.0755617,"(0, (2, 3, 4, 4))",0.7342,36,103.3546,,
"(0;3,3,3,3) theta=0.8",12,10,0.075,0.0723884,"(0, (2, 3, 4, 4))",164.9,23,62.0714,,
"(0;3,3,3,3) theta=0.8",12,10,0.1,0.0695553,"(0, (2, 3, 4, 4))",2400.0,17,47.3958,,
"(0;3,3,3,3) theta=0.8",12,10,0.15,0.0646719,"(0, (2, 3, 4, 4))",3.387e+4,10,27.1159,,
"(0;3,3,3,3) theta=0.8",12,10,0.2,0.0605718,"(0, (2, 3, 4, 4))",1.254e+5,7,17.9638,,
"(0;3,3,3,3) theta=0.8",12,10,0.3,0.0539733,"(0, (2, 3, 4, 4))",4.627e+5,,,,
"(0;3,3,3,3) theta=0.8",12,10,0.5,0.0446064,"(0, (2, 3, 4, 4))",1.379e+6,,,,
"(0;3,3,3,3) theta=0.8",12,10,0.75,0.0367186,"(0, (2, 3, 4, 4))",6.13e+6,,,,
"(0;3,3,3,3) theta=0.8",12,10,1.0,0.0310959,"(0, (2, 3, 4, 4))",1.774e+7,,,,
"(0;3,3,3,3) theta=1.2",3,3,0.002,0.166279,"(0, (2, 2, 2, 2, 3))",3.128e-117,,,,
"(0;3,3,3,3) theta=1.2",3,3,0.003,0.166086,"(0, (2, 2, 2, 2, 3))",9.587e-76,801,2400.4473,,
"(0;3,3,3,3) theta=1.2",3,3,0.005,0.165702,"(0, (2, 2, 2, 2, 3))",1.352e-42,447,1342.4273,690,2067.2976
"(0;3,3,3,3) theta=1.2",3,3,0.0075,0.165226,"(0, (2, 2, 2, 2, 3))",4.721e-26,281,842.9102,438,1308.2930
"(0;3,3,3,3) theta=1.2",3,3,0.01,0.164753,"(0, (2, 2, 2, 2, 3))",8.468e-18,201,601.7242,318,951.1042
"(0;3,3,3,3) theta=1.2",3,3,0.015,0.163819,"(0, (2, 2, 2, 2, 3))",1.437e-9,126,376.5396,200,595.4686
"(0;3,3,3,3) theta=1.2",3,3,0.02,0.1629,"(0, (2, 2, 2, 2, 3))",1.8e-5,90,263.6379,145,428.4893
"(0;3,3,3,3) theta=1.2",3,3,0.03,0.161102,"(0, (2, 2, 2, 2, 3))",0.2139,56,167.0924,,
"(0;3,3,3,3) theta=1.2",3,3,0.05,0.157658,"(0, (2, 2, 2, 2, 3))",360.4,31,87.2618,,
"(0;3,3,3,3) theta=1.2",3,3,0.075,0.153612,"(0, (2, 2, 2, 2, 3))",1.4e+4,19,54.8891,,
"(0;3,3,3,3) theta=1.2",3,3,0.1,0.149818,"(0, (2, 2, 2, 2, 3))",8.499e+4,14,36.2959,,
"(0;3,3,3,3) theta=1.2",3,3,0.15,0.142868,"(0, (2, 2, 2, 2, 3))",5.031e+5,8,20.2552,,
"(0;3,3,3,3) theta=1.2",3,3,0.2,0.136628,"(0, (2, 2, 2, 2, 3))",1.213e+6,5,9.0002,,
"(0;3,3,3,3) theta=1.2",3,3,0.3,0.12579,"(0, (2, 2, 2, 2, 3))",2.955e+6,,,,
"(0;3,3,3,3) theta=1.2",3,3,0.5,0.108681,"(0, (2, 2, 2, 2, 3))",1.014e+7,,,,
"(0;3,3,3,3) theta=1.2",3,3,0.75,0.0926737,"(0, (2, 2, 2, 2, 3))",2.935e+7,,,,
"(0;3,3,3,3) theta=1.2",3,3,1.0,0.0803702,"(0, (2, 2, 2, 2, 3))",8.493e+7,,,,
"(0;3,3,3,3) theta=1.2",12,10,0.002,0.0829747,"(0, (2, 3, 4, 4))",3.128e-117,,,,
"(0;3,3,3,3) theta=1.2",12,10,0.003,0.0827971,"(0, (2, 3, 4, 4))",9.587e-76,,,,
"(0;3,3,3,3) theta=1.2",12,10,0.005,0.0824456,"(0, (2, 3, 4, 4))",1.352e-42,494,1478.5988,750,2248.6981
"(0;3,3,3,3) theta=1.2",12,10,0.0075,0.0820127,"(0, (2, 3, 4, 4))",4.721e-26,312,938.5053,479,1428.3771
"(0;3,3,3,3) theta=1.2",12,10,0.01,0.0815868,"(0, (2, 3, 4, 4))",8.468e-18,225,670.4582,347,1039.3005
"(0;3,3,3,3) theta=1.2",12,10,0.015,0.0807548,"(0, (2, 3, 4, 4))",1.437e-9,142,425.8584,220,659.0371
"(0;3,3,3,3) theta=1.2",12,10,0.02,0.0799481,"(0, (2, 3, 4, 4))",1.8e-5,102,307.2840,159,476.2791
"(0;3,3,3,3) theta=1.2",12,10,0.03,0.0784044,"(0, (2, 3, 4, 4))",0.2139,64,183.8898,,
"(0;3,3,3,3) theta=1.2",12,10,0.05,0.0755617,"(0, (2, 3, 4, 4))",360.4,36,104.4825,,
"(0;3,3,3,3) theta=1.2",12,10,0.075,0.0723884,"(0, (2, 3, 4, 4))",1.4e+4,23,65.5884,,
"(0;3,3,3,3) theta=1.2",12,10,0.1,0.0695553,"(0, (2, 3, 4, 4))",8.499e+4,15,39.8023,,
"(0;3,3,3,3) theta=1.2",12,10,0.15,0.0646719,"(0, (2, 3, 4, 4))",5.031e+5,9,21.3510,,
"(0;3,3,3,3) theta=1.2",12,10,0.2,0.0605718,"(0, (2, 3, 4, 4))",1.213e+6,,,,
"(0;3,3,3,3) theta=1.2",12,10,0.3,0.0539733,"(0, (2, 3, 4, 4))",2.955e+6,,,,
"(0;3,3,3,3) theta=1.2",12,10,0.5,0.0446064,"(0, (2, 3, 4, 4))",1.014e+7,,,,
"(0;3,3,3,3) theta=1.2",12,10,0.75,0.0367186,"(0, (2, 3, 4, 4))",2.935e+7,,,,
"(0;3,3,3,3) theta=1.2",12,10,1.0,0.0310959,"(0, (2, 3, 4, 4))",8.493e+7,,,,
"(0;3,3,3,3) theta=1.6",3,3,0.002,0.166279,"(0, (2, 2, 2, 2, 3))",7.82e-77,,,,
"(0;3,3,3,3) theta=1.6",3,3,0.003,0.166086,"(0, (2, 2, 2, 2, 3))",1.258e-48,801,2397.3854,,
"(0;3,3,3,3) theta=1.6",3,3,0.005,0.165702,"(0, (2, 2, 2, 2, 3))",4.218e-26,447,1333.9642,693,2074.0915
"(0;3,3,3,3) theta=1.6",3,3,0.0075,0.165226,"(0, (2, 2, 2, 2, 3))",7.183e-15,281,839.1109,440,1315.3161
"(0;3,3,3,3) theta=1.6",3,3,0.01,0.164753,"(0, (2, 2, 2, 2, 3))",2.846e-9,201,593.4572,320,949.9430
"(0;3,3,3,3) theta=1.6",3,3,0.015,0.163819,"(0, (2, 2, 2, 2, 3))",0.001068,126,375.7972,201,593.4572
"(0;3,3,3,3) theta=1.6",3,3,0.02,0.1629,"(0, (2, 2, 2, 2, 3))",0.6293,90,266.2730,,
"(0;3,3,3,3) theta=1.6",3,3,0.03,0.161102,"(0, (2, 2, 2, 2, 3))",352.5,56,168.3397,,
"(0;3,3,3,3) theta=1.6",3,3,0.05,0.157658,"(0, (2, 2, 2, 2, 3))",5.172e+4,31,92.6871,,
"(0;3,3,3,3) theta=1.6",3,3,0.075,0.153612,"(0, (2, 2, 2, 2, 3))",5.953e+5,18,50.2710,,
"(0;3,3,3,3) theta=1.6",3,3,0.1,0.149818,"(0, (2, 2, 2, 2, 3))",1.975e+6,13,32.8588,,
"(0;3,3,3,3) theta=1.6",3,3,0.15,0.142868,"(0, (2, 2, 2, 2, 3))",6.435e+6,,,,
"(0;3,3,3,3) theta=1.6",3,3,0.2,0.136628,"(0, (2, 2, 2, 2, 3))",1.16e+7,,,,
"(0;3,3,3,3) theta=1.6",3,3,0.3,0.12579,"(0, (2, 2, 2, 2, 3))",2.146e+7,,,,
"(0;3,3,3,3) theta=1.6",3,3,0.5,0.108681,"(0, (2, 2, 2, 2, 3))",6.603e+7,,,,
"(0;3,3,3,3) theta=1.6",3,3,0.75,0.0926737,"(0, (2, 2, 2, 2, 3))",1.911e+8,,,,
"(0;3,3,3,3) theta=1.6",3,3,1.0,0.0803702,"(0, (2, 2, 2, 2, 3))",5.529e+8,,,,
"(0;3,3,3,3) theta=1.6",12,10,0.002,0.0829747,"(0, (2, 3, 4, 4))",7.82e-77,,,,
"(0;3,3,3,3) theta=1.6",12,10,0.003,0.0827971,"(0, (2, 3, 4, 4))",1.258e-48,,,,
"(0;3,3,3,3) theta=1.6",12,10,0.005,0.0824456,"(0, (2, 3, 4, 4))",4.218e-26,494,1478.3182,750,2248.8043
"(0;3,3,3,3) theta=1.6",12,10,0.0075,0.0820127,"(0, (2, 3, 4, 4))",7.183e-15,312,933.5470,478,1427.4350
"(0;3,3,3,3) theta=1.6",12,10,0.01,0.0815868,"(0, (2, 3, 4, 4))",2.846e-9,225,669.2680,348,1039.1553
"(0;3,3,3,3) theta=1.6",12,10,0.015,0.0807548,"(0, (2, 3, 4, 4))",0.001068,142,421.9081,222,659.9541
"(0;3,3,3,3) theta=1.6",12,10,0.02,0.0799481,"(0, (2, 3, 4, 4))",0.6293,102,304.7621,,
"(0;3,3,3,3) theta=1.6",12,10,0.03,0.0784044,"(0, (2, 3, 4, 4))",352.5,64,194.6139,,
"(0;3,3,3,3) theta=1.6",12,10,0.05,0.0755617,"(0, (2, 3, 4, 4))",5.172e+4,36,102.5969,,
"(0;3,3,3,3) theta=1.6",12,10,0.075,0.0723884,"(0, (2, 3, 4, 4))",5.953e+5,21,63.4129,,
"(0;3,3,3,3) theta=1.6",12,10,0.1,0.0695553,"(0, (2, 3, 4, 4))",1.975e+6,15,38.6655,,
"(0;3,3,3,3) theta=1.6",12,10,0.15,0.0646719,"(0, (2, 3, 4, 4))",6.435e+6,,,,
"(0;3,3,3,3) theta=1.6",12,10,0.2,0.0605718,"(0, (2, 3, 4, 4))",1.16e+7,,,,
"(0;3,3,3,3) theta=1.6",12,10,0.3,0.0539733,"(0, (2, 3, 4, 4))",2.146e+7,,,,
"(0;3,3,3,3) theta=1.6",12,10,0.5,0.0446064,"(0, (2, 3, 4, 4))",6.603e+7,,,,
"(0;3,3,3,3) theta=1.6",12,10,0.75,0.0367186,"(0, (2, 3, 4, 4))",1.911e+8,,,,
"(0;3,3,3,3) theta=1.6",12,10,1.0,0.0310959,"(0, (2, 3, 4, 4))",5.529e+8,,,,
"(0;3,3,3,3) theta=2.0",3,3,0.002,0.166279,"(0, (2, 2, 2, 2, 3))",9.212e-49,,,,
"(0;3,3,3,3) theta=2.0",3,3,0.003,0.166086,"(0, (2, 2, 2, 2, 3))",1.102e-29,801,2403.4811,,
"(0;3,3,3,3) theta=2.0",3,3,0.005,0.165702,"(0, (2, 2, 2, 2, 3))",1.842e-14,447,1335.0473,691,2075.4760
"(0;3,3,3,3) theta=2.0",3,3,0.0075,0.165226,"(0, (2, 2, 2, 2, 3))",7.004e-7,281,841.6373,439,1315.8538
"(0;3,3,3,3) theta=2.0",3,3,0.01,0.164753,"(0, (2, 2, 2, 2, 3))",0.00415,202,602.7350,321,957.5310
"(0;3,3,3,3) theta=2.0",3,3,0.015,0.163819,"(0, (2, 2, 2, 2, 3))",23.29,126,372.4706,,
"(0;3,3,3,3) theta=2.0",3,3,0.02,0.1629,"(0, (2, 2, 2, 2, 3))",1681.0,90,263.8544,,
"(0;3,3,3,3) theta=2.0",3,3,0.03,0.161102,"(0, (2, 2, 2, 2, 3))",1.154e+5,56,160.6979,,
"(0;3,3,3,3) theta=2.0",3,3,0.05,0.157658,"(0, (2, 2, 2, 2, 3))",3.174e+6,30,83.6234,,
"(0;3,3,3,3) theta=2.0",3,3,0.075,0.153612,"(0, (2, 2, 2, 2, 3))",1.59e+7,17,44.1254,,
"(0;3,3,3,3) theta=2.0",3,3,0.1,0.149818,"(0, (2, 2, 2, 2, 3))",3.495e+7,,,,
"(0;3,3,3,3) theta=2.0",3,3,0.15,0.142868,"(0, (2, 2, 2, 2, 3))",7.612e+7,,,,
"(0;3,3,3,3) theta=2.0",3,3,0.2,0.136628,"(0, (2, 2, 2, 2, 3))",1.133e+8,,,,
"(0;3,3,3,3) theta=2.0",3,3,0.3,0.12579,"(0, (2, 2, 2, 2, 3))",2.314e+8,,,,
"(0;3,3,3,3) theta=2.0",3,3,0.5,0.108681,"(0, (2, 2, 2, 2, 3))",5.414e+8,,,,
"(0;3,3,3,3) theta=2.0",3,3,0.75,0.0926737,"(0, (2, 2, 2, 2, 3))",1.567e+9,,,,
"(0;3,3,3,3) theta=2.0",3,3,1.0,0.0803702,"(0, (2, 2, 2, 2, 3))",4.534e+9,,,,
"(0;3,3,3,3) theta=2.0",12,10,0.002,0.0829747,"(0, (2, 3, 4, 4))",9.212e-49,,,,
"(0;3,3,3,3) theta=2.0",12,10,0.003,0.0827971,"(0, (2, 3, 4, 4))",1.102e-29,,,,
"(0;3,3,3,3) theta=2.0",12,10,0.005,0.0824456,"(0, (2, 3, 4, 4))",1.842e-14,494,1476.6453,750,2247.1629
"(0;3,3,3,3) theta=2.0",12,10,0.0075,0.0820127,"(0, (2, 3, 4, 4))",7.004e-7,312,937.1538,479,1429.5136
"(0;3,3,3,3) theta=2.0",12,10,0.01,0.0815868,"(0, (2, 3, 4, 4))",0.00415,225,670.1085,353,1052.5155
"(0;3,3,3,3) theta=2.0",12,10,0.015,0.0807548,"(0, (2, 3, 4, 4))",23.29,142,420.5492,,
"(0;3,3,3,3) theta=2.0",12,10,0.02,0.0799481,"(0, (2, 3, 4, 4))",1681.0,102,303.7187,,
"(0;3,3,3,3) theta=2.0",12,10,0.03,0.0784044,"(0, (2, 3, 4, 4))",1.154e+5,64,191.1882,,
"(0;3,3,3,3) theta=2.0",12,10,0.05,0.0755617,"(0, (2, 3, 4, 4))",3.174e+6,33,97.0587,,
"(0;3,3,3,3) theta=2.0",12,10,0.075,0.0723884,"(0, (2, 3, 4, 4))",1.59e+7,,,,
"(0;3,3,3,3) theta=2.0",12,10,0.1,0.0695553,"(0, (2, 3, 4, 4))",3.495e+7,,,,
"(0;3,3,3,3) theta=2.0",12,10,0.15,0.0646719,"(0, (2, 3, 4, 4))",7.612e+7,,,,
"(0;3,3,3,3) theta=2.0",12,10,0.2,0.0605718,"(0, (2, 3, 4, 4))",1.133e+8,,,,
"(0;3,3,3,3) theta=2.0",12,10,0.3,0.0539733,"(0, (2, 3, 4, 4))",2.314e+8,,,,
"(0;3,3,3,3) theta=2.0",12,10,0.5,0.0446064,"(0, (2, 3, 4, 4))",5.414e+8,,,,
"(0;3,3,3,3) theta=2.0",12,10,0.75,0.0367186,"(0, (2, 3, 4, 4))",1.567e+9,,,,
"(0;3,3,3,3) theta=2.0",12,10,1.0,0.0310959,"(0, (2, 3, 4, 4))",4.534e+9,,,,
"(0;3,3,3,3) theta=2.4",3,3,0.002,0.166279,"(0, (2, 2, 2, 2, 3))",2.658e-29,,,,
"(0;3,3,3,3) theta=2.4",3,3,0.003,0.166086,"(0, (2, 2, 2, 2, 3))",1.89e-16,801,2401.8574,,
"(0;3,3,3,3) theta=2.4",3,3,0.005,0.165702,"(0, (2, 2, 2, 2, 3))",3.301e-6,448,1339.7000,694,2075.5356
"(0;3,3,3,3) theta=2.4",3,3,0.0075,0.165226,"(0, (2, 2, 2, 2, 3))",0.4062,281,840.3265,,
"(0;3,3,3,3) theta=2.4",3,3,0.01,0.164753,"(0, (2, 2, 2, 2, 3))",137.0,202,605.0854,,
"(0;3,3,3,3) theta=2.4",3,3,0.015,0.163819,"(0, (2, 2, 2, 2, 3))",4.38e+4,125,375.8947,,
"(0;3,3,3,3) theta=2.4",3,3,0.02,0.1629,"(0, (2, 2, 2, 2, 3))",7.551e+5,90,261.4601,,
"(0;3,3,3,3) theta=2.4",3,3,0.03,0.161102,"(0, (2, 2, 2, 2, 3))",1.242e+7,55,160.3070,,
"(0;3,3,3,3) theta=2.4",3,3,0.05,0.157658,"(0, (2, 2, 2, 2, 3))",1.094e+8,27,76.6534,,
"(0;3,3,3,3) theta=2.4",3,3,0.075,0.153612,"(0, (2, 2, 2, 2, 3))",3.121e+8,,,,
"(0;3,3,3,3) theta=2.4",3,3,0.1,0.149818,"(0, (2, 2, 2, 2, 3))",5.206e+8,,,,
"(0;3,3,3,3) theta=2.4",3,3,0.15,0.142868,"(0, (2, 2, 2, 2, 3))",8.705e+8,,,,
"(0;3,3,3,3) theta=2.4",3,3,0.2,0.136628,"(0, (2, 2, 2, 2, 3))",1.465e+9,,,,
"(0;3,3,3,3) theta=2.4",3,3,0.3,0.12579,"(0, (2, 2, 2, 2, 3))",2.24e+9,,,,
"(0;3,3,3,3) theta=2.4",3,3,0.5,0.108681,"(0, (2, 2, 2, 2, 3))",5.241e+9,,,,
"(0;3,3,3,3) theta=2.4",3,3,0.75,0.0926737,"(0, (2, 2, 2, 2, 3))",1.517e+10,,,,
"(0;3,3,3,3) theta=2.4",3,3,1.0,0.0803702,"(0, (2, 2, 2, 2, 3))",4.388e+10,,,,
"(0;3,3,3,3) theta=2.4",12,10,0.002,0.0829747,"(0, (2, 3, 4, 4))",2.658e-29,,,,
"(0;3,3,3,3) theta=2.4",12,10,0.003,0.0827971,"(0, (2, 3, 4, 4))",1.89e-16,,,,
"(0;3,3,3,3) theta=2.4",12,10,0.005,0.0824456,"(0, (2, 3, 4, 4))",3.301e-6,494,1475.7282,749,2240.8679
"(0;3,3,3,3) theta=2.4",12,10,0.0075,0.0820127,"(0, (2, 3, 4, 4))",0.4062,312,927.0570,,
"(0;3,3,3,3) theta=2.4",12,10,0.01,0.0815868,"(0, (2, 3, 4, 4))",137.0,224,671.3255,,
"(0;3,3,3,3) theta=2.4",12,10,0.015,0.0807548,"(0, (2, 3, 4, 4))",4.38e+4,141,425.2300,,
"(0;3,3,3,3) theta=2.4",12,10,0.02,0.0799481,"(0, (2, 3, 4, 4))",7.551e+5,101,298.4834,,
"(0;3,3,3,3) theta=2.4",12,10,0.03,0.0784044,"(0, (2, 3, 4, 4))",1.242e+7,61,180.7178,,
"(0;3,3,3,3) theta=2.4",12,10,0.05,0.0755617,"(0, (2, 3, 4, 4))",1.094e+8,,,,
"(0;3,3,3,3) theta=2.4",12,10,0.075,0.0723884,"(0, (2, 3, 4, 4))",3.121e+8,,,,
"(0;3,3,3,3) theta=2.4",12,10,0.1,0.0695553,"(0, (2, 3, 4, 4))",5.206e+8,,,,
"(0;3,3,3,3) theta=2.4",12,10,0.15,0.0646719,"(0, (2, 3, 4, 4))",8.705e+8,,,,
"(0;3,3,3,3) theta=2.4",12,10,0.2,0.0605718,"(0, (2, 3, 4, 4))",1.465e+9,,,,
"(0;3,3,3,3) theta=2.4",12,10,0.3,0.0539733,"(0, (2, 3, 4, 4))",2.24e+9,,,,
"(0;3,3,3,3) theta=2.4",12,10,0.5,0.0446064,"(0, (2, 3, 4, 4))",5.241e+9,,,,
"(0;3,3,3,3) theta=2.4",12,10,0.75,0.0367186,"(0, (2, 3, 4, 4))",1.517e+10,,,,
"(0;3,3,3,3) theta=2.4",12,10,1.0,0.0310959,"(0, (2, 3, 4, 4))",4.388e+10,,,,
"(0;3,3,3,3) theta=2.8",3,3,0.002,0.166279,"(0, (2, 2, 2, 2, 3))",8.854e-16,,,,
"(0;3,3,3,3) theta=2.8",3,3,0.003,0.166086,"(0, (2, 2, 2, 2, 3))",3.765e-7,801,2401.8787,,
"(0;3,3,3,3) theta=2.8",3,3,0.005,0.165702,"(0, (2, 2, 2, 2, 3))",2.752,448,1344.9819,,
"(0;3,3,3,3) theta=2.8",3,3,0.0075,0.165226,"(0, (2, 2, 2, 2, 3))",6931.0,281,832.5384,,
"(0;3,3,3,3) theta=2.8",3,3,0.01,0.164753,"(0, (2, 2, 2, 2, 3))",3.346e+5,201,600.2096,,
"(0;3,3,3,3) theta=2.8",3,3,0.015,0.163819,"(0, (2, 2, 2, 2, 3))",1.534e+7,126,368.6723,,
"(0;3,3,3,3) theta=2.8",3,3,0.02,0.1629,"(0, (2, 2, 2, 2, 3))",1.003e+8,88,263.3042,,
"(0;3,3,3,3) theta=2.8",3,3,0.03,0.161102,"(0, (2, 2, 2, 2, 3))",6.269e+8,50,145.5770,,
"(0;3,3,3,3) theta=2.8",3,3,0.05,0.157658,"(0, (2, 2, 2, 2, 3))",2.562e+9,,,,
"(0;3,3,3,3) theta=2.8",3,3,0.075,0.153612,"(0, (2, 2, 2, 2, 3))",5.02e+9,,,,
"(0;3,3,3,3) theta=2.8",3,3,0.1,0.149818,"(0, (2, 2, 2, 2, 3))",6.988e+9,,,,
"(0;3,3,3,3) theta=2.8",3,3,0.15,0.142868,"(0, (2, 2, 2, 2, 3))",1.287e+10,,,,
"(0;3,3,3,3) theta=2.8",3,3,0.2,0.136628,"(0, (2, 2, 2, 2, 3))",1.592e+10,,,,
"(0;3,3,3,3) theta=2.8",3,3,0.3,0.12579,"(0, (2, 2, 2, 2, 3))",2.435e+10,,,,
"(0;3,3,3,3) theta=2.8",3,3,0.5,0.108681,"(0, (2, 2, 2, 2, 3))",5.696e+10,,,,
"(0;3,3,3,3) theta=2.8",3,3,0.75,0.0926737,"(0, (2, 2, 2, 2, 3))",1.648e+11,,,,
"(0;3,3,3,3) theta=2.8",3,3,1.0,0.0803702,"(0, (2, 2, 2, 2, 3))",4.769e+11,,,,
"(0;3,3,3,3) theta=2.8",12,10,0.002,0.0829747,"(0, (2, 3, 4, 4))",8.854e-16,,,,
"(0;3,3,3,3) theta=2.8",12,10,0.003,0.0827971,"(0, (2, 3, 4, 4))",3.765e-7,,,,
"(0;3,3,3,3) theta=2.8",12,10,0.005,0.0824456,"(0, (2, 3, 4, 4))",2.752,494,1475.2987,,
"(0;3,3,3,3) theta=2.8",12,10,0.0075,0.0820127,"(0, (2, 3, 4, 4))",6931.0,312,928.7424,,
"(0;3,3,3,3) theta=2.8",12,10,0.01,0.0815868,"(0, (2, 3, 4, 4))",3.346e+5,225,673.1607,,
"(0;3,3,3,3) theta=2.8",12,10,0.015,0.0807548,"(0, (2, 3, 4, 4))",1.534e+7,141,413.1095,,
"(0;3,3,3,3) theta=2.8",12,10,0.02,0.0799481,"(0, (2, 3, 4, 4))",1.003e+8,98,293.3947,,
"(0;3,3,3,3) theta=2.8",12,10,0.03,0.0784044,"(0, (2, 3, 4, 4))",6.269e+8,,,,
"(0;3,3,3,3) theta=2.8",12,10,0.05,0.0755617,"(0, (2, 3, 4, 4))",2.562e+9,,,,
"(0;3,3,3,3) theta=2.8",12,10,0.075,0.0723884,"(0, (2, 3, 4, 4))",5.02e+9,,,,
"(0;3,3,3,3) theta=2.8",12,10,0.1,0.0695553,"(0, (2, 3, 4, 4))",6.988e+9,,,,
"(0;3,3,3,3) theta=2.8",12,10,0.15,0.0646719,"(0, (2, 3, 4, 4))",1.287e+10,,,,
"(0;3,3,3,3) theta=2.8",12,10,0.2,0.0605718,"(0, (2, 3, 4, 4))",1.592e+10,,,,
"(0;3,3,3,3) theta=2.8",12,10,0.3,0.0539733,"(0, (2, 3, 4, 4))",2.435e+10,,,,
"(0;3,3,3,3) theta=2.8",12,10,0.5,0.0446064,"(0, (2, 3, 4, 4))",5.696e+10,,,,
"(0;3,3,3,3) theta=2.8",12,10,0.75,0.0367186,"(0, (2, 3, 4, 4))",1.648e+11,,,,
"(0;3,3,3,3) theta=2.8",12,10,1.0,0.0310959,"(0, (2, 3, 4, 4))",4.769e+11,,,,
