orbifold,j,lambda,eps_j_err_estimate,err_conservative,boundary_condition,index_in_file,file
"O(2,8,8)",0,0,0.000e+00,0.000e+00,N,0,numerics/data/eigenvalues_2-8-8_N.csv
"O(2,8,8)",1,3.838887258842,5.880e-13,8.527e-14,N,1,numerics/data/eigenvalues_2-8-8_N.csv
"O(2,8,8)",2,8.249554815201,1.329e-12,8.527e-14,N,2,numerics/data/eigenvalues_2-8-8_N.csv
"O(2,8,8)",3,18.65881962726,2.935e-12,1.866e-13,N,3,numerics/data/eigenvalues_2-8-8_N.csv
"O(2,8,8)",4,23.07855848138,3.627e-12,2.308e-13,N,4,numerics/data/eigenvalues_2-8-8_N.csv
"O(2,8,8)",5,36.23839168215,5.905e-12,3.624e-13,N,5,numerics/data/eigenvalues_2-8-8_N.csv
"O(2,8,8)",6,40.11589213024,7.205e-12,4.012e-13,D,0,numerics/data/eigenvalues_2-8-8_D.csv
"O(2,8,8)",7,44.01713293987,7.134e-12,4.402e-13,N,6,numerics/data/eigenvalues_2-8-8_N.csv
"O(2,8,8)",8,61.02631138474,9.422e-12,6.103e-13,N,7,numerics/data/eigenvalues_2-8-8_N.csv
"O(2,8,8)",9,67.61053194805,1.043e-11,6.761e-13,N,8,numerics/data/eigenvalues_2-8-8_N.csv
"O(2,8,8)",10,73.66381183404,1.288e-11,7.366e-13,D,1,numerics/data/eigenvalues_2-8-8_D.csv
"O(2,8,8)",11,74.92670839769,1.192e-11,7.493e-13,N,9,numerics/data/eigenvalues_2-8-8_N.csv
"O(2,8,8)",12,86.70930468872,1.351e-11,8.671e-13,N,10,numerics/data/eigenvalues_2-8-8_N.csv
"O(2,8,8)",13,97.8777139391,1.774e-11,9.788e-13,D,2,numerics/data/eigenvalues_2-8-8_D.csv
"O(2,8,8)",14,111.0037684993,1.810e-11,1.110e-12,N,11,numerics/data/eigenvalues_2-8-8_N.csv
"O(2,8,8)",15,115.2064425664,1.748e-11,1.152e-12,N,12,numerics/data/eigenvalues_2-8-8_N.csv
"O(2,8,8)",16,116.6025177555,1.674e-11,1.166e-12,N,13,numerics/data/eigenvalues_2-8-8_N.csv
"O(2,8,8)",17,126.537514041,2.179e-11,1.265e-12,D,3,numerics/data/eigenvalues_2-8-8_D.csv
"O(2,8,8)",18,135.9412911237,2.504e-11,1.359e-12,D,4,numerics/data/eigenvalues_2-8-8_D.csv
"O(2,8,8)",19,146.3396274512,2.237e-11,1.463e-12,N,14,numerics/data/eigenvalues_2-8-8_N.csv
"O(2,8,8)",20,148.4390730972,2.376e-11,1.484e-12,N,15,numerics/data/eigenvalues_2-8-8_N.csv
"O(2,8,8)",21,167.9986167183,2.430e-11,1.680e-12,N,16,numerics/data/eigenvalues_2-8-8_N.csv
"O(2,8,8)",22,169.2044940014,2.640e-11,1.692e-12,N,17,numerics/data/eigenvalues_2-8-8_N.csv
"O(2,8,8)",23,175.2289877454,3.189e-11,1.752e-12,D,5,numerics/data/eigenvalues_2-8-8_D.csv
"O(2,8,8)",24,185.2020252163,2.686e-11,1.852e-12,N,18,numerics/data/eigenvalues_2-8-8_N.csv
"O(2,8,8)",25,189.5339146861,3.240e-11,1.895e-12,D,6,numerics/data/eigenvalues_2-8-8_D.csv
"O(2,8,8)",26,200.5669300775,3.209e-11,2.006e-12,N,19,numerics/data/eigenvalues_2-8-8_N.csv
"O(2,8,8)",27,211.4253872771,3.718e-11,2.114e-12,D,7,numerics/data/eigenvalues_2-8-8_D.csv
"O(2,8,8)",28,222.3711242071,4.007e-11,2.224e-12,D,8,numerics/data/eigenvalues_2-8-8_D.csv
"O(2,8,8)",29,223.6485720754,3.419e-11,2.236e-12,N,20,numerics/data/eigenvalues_2-8-8_N.csv
"O(2,8,8)",30,223.9208446911,3.550e-11,2.239e-12,N,21,numerics/data/eigenvalues_2-8-8_N.csv
"O(2,8,8)",31,237.6653831658,3.359e-11,2.377e-12,N,22,numerics/data/eigenvalues_2-8-8_N.csv
"O(2,8,8)",32,256.6928048006,3.962e-11,2.567e-12,N,23,numerics/data/eigenvalues_2-8-8_N.csv
"O(2,8,8)",33,257.3090640346,4.917e-11,2.573e-12,D,9,numerics/data/eigenvalues_2-8-8_D.csv
"O(2,8,8)",34,265.4793325607,4.241e-11,2.655e-12,N,24,numerics/data/eigenvalues_2-8-8_N.csv
"O(2,8,8)",35,276.7838583142,4.979e-11,2.768e-12,D,10,numerics/data/eigenvalues_2-8-8_D.csv
"O(2,8,8)",36,281.5407939112,4.422e-11,2.815e-12,N,25,numerics/data/eigenvalues_2-8-8_N.csv
"O(2,8,8)",37,284.4994963614,4.917e-11,2.845e-12,D,11,numerics/data/eigenvalues_2-8-8_D.csv
"O(2,8,8)",38,290.0713898483,4.269e-11,2.901e-12,N,26,numerics/data/eigenvalues_2-8-8_N.csv
"O(2,8,8)",39,306.6802328141,4.553e-11,3.067e-12,N,27,numerics/data/eigenvalues_2-8-8_N.csv
"O(2,8,8)",40,318.9218280348,4.371e-11,3.189e-12,N,28,numerics/data/eigenvalues_2-8-8_N.csv
"O(3,3,12)",0,0,0.000e+00,0.000e+00,N,0,numerics/data/eigenvalues_3-3-12_N.csv
"O(3,3,12)",1,3.499846947898,5.516e-13,4.796e-14,N,1,numerics/data/eigenvalues_3-3-12_N.csv
"O(3,3,12)",2,11.56982452521,1.851e-12,1.157e-13,N,2,numerics/data/eigenvalues_3-3-12_N.csv
"O(3,3,12)",3,14.93868614928,2.313e-12,1.494e-13,N,3,numerics/data/eigenvalues_3-3-12_N.csv
"O(3,3,12)",4,24.11823832303,3.915e-12,2.412e-13,N,4,numerics/data/eigenvalues_3-3-12_N.csv
"O(3,3,12)",5,37.82222587091,6.828e-12,3.782e-13,D,0,numerics/data/eigenvalues_3-3-12_D.csv
"O(3,3,12)",6,40.42392570792,6.644e-12,4.042e-13,N,5,numerics/data/eigenvalues_3-3-12_N.csv
"O(3,3,12)",7,48.21116759876,7.162e-12,4.821e-13,N,6,numerics/data/eigenvalues_3-3-12_N.csv
"O(3,3,12)",8,53.2070623531,8.242e-12,5.321e-13,N,7,numerics/data/eigenvalues_3-3-12_N.csv
"O(3,3,12)",9,66.27952690877,1.036e-11,6.628e-13,N,8,numerics/data/eigenvalues_3-3-12_N.csv
"O(3,3,12)",10,72.36515833749,1.290e-11,7.237e-13,D,1,numerics/data/eigenvalues_3-3-12_D.csv
"O(3,3,12)",11,81.27798382992,1.235e-11,8.128e-13,N,9,numerics/data/eigenvalues_3-3-12_N.csv
"O(3,3,12)",12,90.6365010749,1.430e-11,9.064e-13,N,10,numerics/data/eigenvalues_3-3-12_N.csv
"O(3,3,12)",13,97.99873711936,1.785e-11,9.800e-13,D,2,numerics/data/eigenvalues_3-3-12_D.csv
"O(3,3,12)",14,109.570347345,1.596e-11,1.096e-12,N,11,numerics/data/eigenvalues_3-3-12_N.csv
"O(3,3,12)",15,111.3681375741,2.007e-11,1.114e-12,D,3,numerics/data/eigenvalues_3-3-12_D.csv
"O(3,3,12)",16,114.2156703131,1.856e-11,1.142e-12,N,12,numerics/data/eigenvalues_3-3-12_N.csv
"O(3,3,12)",17,128.7055671874,2.055e-11,1.287e-12,N,13,numerics/data/eigenvalues_3-3-12_N.csv
"O(3,3,12)",18,130.44208789,1.873e-11,1.304e-12,N,14,numerics/data/eigenvalues_3-3-12_N.csv
"O(3,3,12)",19,154.6948982195,2.836e-11,1.547e-12,D,4,numerics/data/eigenvalues_3-3-12_D.csv
"O(3,3,12)",20,156.3595560974,2.555e-11,1.564e-12,N,15,numerics/data/eigenvalues_3-3-12_N.csv
"O(3,3,12)",21,161.5385026478,2.740e-11,1.615e-12,D,5,numerics/data/eigenvalues_3-3-12_D.csv
"O(3,3,12)",22,166.7194549633,2.430e-11,1.667e-12,N,16,numerics/data/eigenvalues_3-3-12_N.csv
"O(3,3,12)",23,173.6087602677,2.828e-11,1.736e-12,N,17,numerics/data/eigenvalues_3-3-12_N.csv
"O(3,3,12)",24,181.6989718206,3.240e-11,1.817e-12,D,6,numerics/data/eigenvalues_3-3-12_D.csv
"O(3,3,12)",25,202.5598876818,3.229e-11,2.026e-12,N,18,numerics/data/eigenvalues_3-3-12_N.csv
"O(3,3,12)",26,202.9580520855,3.118e-11,2.030e-12,N,19,numerics/data/eigenvalues_3-3-12_N.csv
"O(3,3,12)",27,204.7718711011,3.655e-11,2.048e-12,D,7,numerics/data/eigenvalues_3-3-12_D.csv
"O(3,3,12)",28,206.6829023233,3.186e-11,2.067e-12,N,20,numerics/data/eigenvalues_3-3-12_N.csv
"O(3,3,12)",29,227.2732166428,3.735e-11,2.273e-12,D,8,numerics/data/eigenvalues_3-3-12_D.csv
"O(3,3,12)",30,229.7608686919,3.485e-11,2.298e-12,N,21,numerics/data/eigenvalues_3-3-12_N.csv
"O(3,3,12)",31,239.4403134291,3.647e-11,2.394e-12,N,22,numerics/data/eigenvalues_3-3-12_N.csv
"O(3,3,12)",32,255.7881234208,4.667e-11,2.558e-12,D,9,numerics/data/eigenvalues_3-3-12_D.csv
"O(3,3,12)",33,261.1964672463,4.326e-11,2.612e-12,N,23,numerics/data/eigenvalues_3-3-12_N.csv
"O(3,3,12)",34,262.8758856308,3.820e-11,2.629e-12,N,24,numerics/data/eigenvalues_3-3-12_N.csv
"O(3,3,12)",35,277.3154695758,4.889e-11,2.773e-12,D,10,numerics/data/eigenvalues_3-3-12_D.csv
"O(3,3,12)",36,283.9123566467,5.053e-11,2.839e-12,D,11,numerics/data/eigenvalues_3-3-12_D.csv
"O(3,3,12)",37,286.8798559022,4.076e-11,2.869e-12,N,25,numerics/data/eigenvalues_3-3-12_N.csv
"O(3,3,12)",38,290.8700014892,4.496e-11,2.909e-12,N,26,numerics/data/eigenvalues_3-3-12_N.csv
"O(3,3,12)",39,304.6398923353,5.053e-11,3.046e-12,D,12,numerics/data/eigenvalues_3-3-12_D.csv
"O(3,3,12)",40,310.1730767811,5.161e-11,3.102e-12,N,27,numerics/data/eigenvalues_3-3-12_N.csv
