p,x_star,S_star,first_collision_S,gap,window_at_S_star,window_at_collision,R,triads
2,18,18,18,0,1+1,1+1,3/4,"(2, 8, 8) ; (3, 3, 12)"
3,18,19,38,19,2+1,11+3,19/42,"(3, 14, 21) ; (4, 6, 28)"
4,20,20,20,0,1+1,1+1,1/2,"(4, 8, 8) ; (5, 5, 10)"
5,45/2,23,117,94,1+1,49+12,39/160,"(5, 32, 80) ; (6, 15, 96)"
6,126/5,26,34,8,2+1,6+3,13/42,"(6, 14, 14) ; (7, 9, 18)"
7,28,29,62,33,2+1,18+8,31/140,"(7, 20, 35) ; (8, 14, 40)"
8,216/7,32,64,32,2+1,18+8,73/360,"(8, 20, 36) ; (9, 15, 40)"
9,135/4,34,42,8,1+1,5+3,7/30,"(9, 15, 18) ; (10, 12, 20)"
10,110/3,37,109,72,1+1,37+18,31/220,"(10, 44, 55) ; (11, 28, 70)"
11,198/5,40,66,26,1+1,14+8,1/6,"(11, 22, 33) ; (12, 18, 36)"
12,468/11,43,188,145,1+1,74+34,25/234,"(12, 72, 104) ; (13, 45, 130)"
13,91/2,46,94,48,1+1,25+15,23/182,"(13, 39, 42) ; (14, 28, 52)"
14,630/13,49,69,20,1+1,11+7,3/20,"(14, 20, 35) ; (15, 18, 36)"
15,360/7,52,92,40,1+1,21+13,5/42,"(15, 35, 42) ; (16, 28, 48)"
16,272/5,55,136,81,1+1,42+25,1/10,"(16, 40, 80) ; (17, 34, 85)"
17,459/8,58,187,129,1+1,66+38,1/12,"(17, 68, 102) ; (18, 52, 117)"
18,1026/17,61,94,33,1+1,18+12,37/342,"(18, 38, 38) ; (19, 30, 45)"
19,190/3,64,362,298,1+1,150+79,89/1330,"(19, 98, 245) ; (20, 76, 266)"
20,1260/19,67,116,49,1+1,26+17,13/140,"(20, 40, 56) ; (21, 35, 60)"
21,693/10,70,136,66,1+1,34+23,127/1540,"(21, 55, 60) ; (22, 44, 70)"
22,506/7,73,422,349,1+1,176+96,211/3542,"(22, 92, 308) ; (23, 77, 322)"
23,828/11,76,323,247,1+1,125+75,95/1656,"(23, 120, 180) ; (24, 92, 207)"
24,1800/23,79,180,101,1+1,52+35,73/1050,"(24, 56, 100) ; (25, 50, 105)"
25,325/4,82,320,238,1+1,120+75,43/780,"(25, 100, 195) ; (26, 84, 210)"
26,2106/25,85,117,32,1+1,17+12,1/12,"(26, 39, 52) ; (27, 36, 54)"
27,1134/13,88,242,154,1+1,78+53,41/720,"(27, 80, 135) ; (28, 70, 144)"
28,812/9,91,,,1+1,,,
29,1305/14,94,,,1+1,,,
30,2790/29,97,,,1+1,,,
31,496/5,100,,,1+1,,,
32,3168/31,103,483,380,1+1,191+123,35/792,"(32, 99, 352) ; (33, 90, 360)"
33,1683/16,106,561,455,1+1,229+145,4/105,"(33, 220, 308) ; (34, 170, 357)"
34,1190/11,109,373,264,1+1,133+92,19/420,"(34, 84, 255) ; (35, 78, 260)"
35,1890/17,112,189,77,1+1,40+29,23/420,"(35, 70, 84) ; (36, 63, 90)"
36,3996/35,115,184,69,1+1,36+27,73/1332,"(36, 74, 74) ; (37, 63, 84)"
37,703/6,118,,,1+1,,,
38,4446/37,121,,,1+1,,,
39,2340/19,124,260,136,1+1,69+52,41/936,"(39, 104, 117) ; (40, 90, 130)"
40,1640/13,127,496,369,1+1,186+130,233/6888,"(40, 210, 246) ; (41, 168, 287)"
41,2583/20,130,,,1+1,,,
42,5418/41,133,,,1+1,,,
43,946/7,136,,,1+1,,,
44,5940/43,139,205,66,1+1,34+26,1/21,"(44, 77, 84) ; (45, 70, 90)"
45,3105/22,142,430,288,1+1,145+107,43/1242,"(45, 115, 270) ; (46, 108, 276)"
46,2162/15,145,,,1+1,,,
47,3384/23,148,,,1+1,,,
48,7056/47,151,,,1+1,,,
49,1225/8,154,,,1+1,,,
50,7650/49,157,,,1+1,,,
51,3978/25,160,426,266,1+1,134+102,241/7956,"(51, 180, 195) ; (52, 153, 221)"
52,2756/17,163,,,1+1,,,
53,4293/26,166,,,1+1,,,
54,8910/53,169,377,208,1+1,105+82,71/2295,"(54, 153, 170) ; (55, 135, 187)"
55,1540/9,172,191,19,1+1,11+8,1/21,"(55, 66, 70) ; (56, 63, 72)"
56,9576/55,175,,,1+1,,,
57,4959/28,178,,,1+1,,,
58,3422/19,181,,,1+1,,,
59,5310/29,184,,,1+1,,,
60,10980/59,187,304,117,1+1,60+48,121/3660,"(60, 122, 122) ; (61, 108, 135)"
61,1891/10,190,,,1+1,,,
62,11718/61,193,,,1+1,,,
63,6048/31,196,364,168,1+1,85+68,13/432,"(63, 112, 189) ; (64, 108, 192)"
64,4160/21,199,593,394,1+1,198+155,97/4160,"(64, 230, 299) ; (65, 208, 320)"
65,6435/32,202,465,263,1+1,133+106,164/6435,"(65, 180, 220) ; (66, 165, 234)"
66,13266/65,205,,,1+1,,,
67,2278/11,208,,,1+1,,,
68,14076/67,211,,,1+1,,,
69,7245/34,214,576,362,1+1,182+145,21/920,"(69, 195, 312) ; (70, 184, 322)"
70,4970/23,217,,,1+1,,,
71,7668/35,220,,,1+1,,,
72,15768/71,223,,,1+1,,,
73,2701/12,226,,,1+1,,,
74,16650/73,229,,,1+1,,,
75,8550/37,232,418,186,1+1,94+77,1/40,"(75, 168, 175) ; (76, 152, 190)"
76,5852/25,235,,,1+1,,,
77,9009/38,238,253,15,1+1,9+7,1/28,"(77, 88, 88) ; (78, 84, 91)"
78,18486/77,241,,,1+1,,,
79,3160/13,244,,,1+1,,,
80,19440/79,247,,,1+1,,,
81,9963/40,250,,,1+1,,,
82,6806/27,253,,,1+1,,,
83,10458/41,256,,,1+1,,,
84,21420/83,259,,,1+1,,,
85,3655/14,262,,,1+1,,,
86,22446/85,265,,,1+1,,,
87,11484/43,268,,,1+1,,,
88,7832/29,271,,,1+1,,,
89,12015/44,274,,,1+1,,,
90,24570/89,277,454,177,1+1,90+75,181/8190,"(90, 182, 182) ; (91, 165, 198)"
91,4186/15,280,,,1+1,,,
92,25668/91,283,,,1+1,,,
93,13113/46,286,,,1+1,,,
94,8930/31,289,,,1+1,,,
95,13680/47,292,446,154,1+1,78+65,5/228,"(95, 171, 180) ; (96, 160, 190)"
96,27936/95,295,,,1+1,,,
97,4753/16,298,,,1+1,,,
98,29106/97,301,,,1+1,,,
99,14850/49,304,,,1+1,,,
100,10100/33,307,,,1+1,,,
101,15453/50,310,,,1+1,,,
102,31518/101,313,,,1+1,,,
103,5356/17,316,,,1+1,,,
104,32760/103,319,468,149,1+1,76+64,15/728,"(104, 182, 182) ; (105, 168, 195)"
105,16695/52,322,,,1+1,,,
106,11342/35,325,,,1+1,,,
107,17334/53,328,,,1+1,,,
108,35316/107,331,,,1+1,,,
109,5995/18,334,,,1+1,,,
110,36630/109,337,,,1+1,,,
111,18648/55,340,,,1+1,,,
112,12656/37,343,,,1+1,,,
113,19323/56,346,,,1+1,,,
114,39330/113,349,,,1+1,,,
115,6670/19,352,,,1+1,,,
116,40716/115,355,,,1+1,,,
117,20709/58,358,,,1+1,,,
118,14042/39,361,,,1+1,,,
119,21420/59,364,494,130,1+1,66+56,13/680,"(119, 175, 200) ; (120, 170, 204)"
120,43560/119,367,,,1+1,,,
121,7381/20,370,,,1+1,,,
122,45018/121,373,,,1+1,,,
123,22878/61,376,,,1+1,,,
124,15500/41,379,,,1+1,,,
125,23625/62,382,,,1+1,,,
126,48006/125,385,,,1+1,,,
127,8128/21,388,,,1+1,,,
128,49536/127,391,,,1+1,,,
129,25155/64,394,,,1+1,,,
130,17030/43,397,,,1+1,,,
131,25938/65,400,,,1+1,,,
132,52668/131,403,,,1+1,,,
133,8911/22,406,,,1+1,,,
134,54270/133,409,,,1+1,,,
135,27540/67,412,,,1+1,,,
136,18632/45,415,,,1+1,,,
137,28359/68,418,,,1+1,,,
138,57546/137,421,,,1+1,,,
139,9730/23,424,,,1+1,,,
140,59220/139,427,,,1+1,,,
141,30033/70,430,,,1+1,,,
142,20306/47,433,,,1+1,,,
143,30888/71,436,518,82,1+1,42+35,7/396,"(143, 180, 195) ; (144, 176, 198)"
144,62640/143,439,,,1+1,,,
145,10585/24,442,,,1+1,,,
146,64386/145,445,,,1+1,,,
147,32634/73,448,,,1+1,,,
148,22052/49,451,,,1+1,,,
149,33525/74,454,,,1+1,,,
150,67950/149,457,,,1+1,,,
151,11476/25,460,,,1+1,,,
152,69768/151,463,,,1+1,,,
153,35343/76,466,,,1+1,,,
154,23870/51,469,,,1+1,,,
155,36270/77,472,,,1+1,,,
156,73476/155,475,,,1+1,,,
157,12403/26,478,,,1+1,,,
158,75366/157,481,,,1+1,,,
159,38160/79,484,,,1+1,,,
160,25760/53,487,,,1+1,,,
161,39123/80,490,,,1+1,,,
162,79218/161,493,,,1+1,,,
163,13366/27,496,,,1+1,,,
164,81180/163,499,,,1+1,,,
165,41085/82,502,,,1+1,,,
166,27722/55,505,,,1+1,,,
167,42084/83,508,,,1+1,,,
168,85176/167,511,,,1+1,,,
169,14365/28,514,,,1+1,,,
170,87210/169,517,,,1+1,,,
171,44118/85,520,,,1+1,,,
172,29756/57,523,,,1+1,,,
173,45153/86,526,,,1+1,,,
174,91350/173,529,,,1+1,,,
175,15400/29,532,,,1+1,,,
176,93456/175,535,,,1+1,,,
177,47259/88,538,,,1+1,,,
178,31862/59,541,,,1+1,,,
179,48330/89,544,,,1+1,,,
180,97740/179,547,,,1+1,,,
181,16471/30,550,,,1+1,,,
182,99918/181,553,,,1+1,,,
183,50508/91,556,,,1+1,,,
184,34040/61,559,,,1+1,,,
185,51615/92,562,,,1+1,,,
186,104346/185,565,,,1+1,,,
187,17578/31,568,,,1+1,,,
188,106596/187,571,,,1+1,,,
189,53865/94,574,,,1+1,,,
190,36290/63,577,,,1+1,,,
191,55008/95,580,,,1+1,,,
192,111168/191,583,,,1+1,,,
193,18721/32,586,,,1+1,,,
194,113490/193,589,,,1+1,,,
195,57330/97,592,,,1+1,,,
196,38612/65,595,,,1+1,,,
197,58509/98,598,,,1+1,,,
198,118206/197,601,,,1+1,,,
199,19900/33,604,,,1+1,,,
