S,n_triads,N_pairs,N_classes,N_primitive_classes,cum_pairs,cum_classes,cum_primitive_classes
10,1,0,0,0,0,0,0
11,3,0,0,0,0,0,0
12,6,0,0,0,0,0,0
13,7,0,0,0,0,0,0
14,9,0,0,0,0,0,0
15,11,0,0,0,0,0,0
16,13,0,0,0,0,0,0
17,15,0,0,0,0,0,0
18,18,1,1,1,1,1,1
19,20,0,0,0,1,1,1
20,23,1,1,1,2,2,2
21,26,0,0,0,2,2,2
22,29,0,0,0,2,2,2
23,32,0,0,0,2,2,2
24,36,0,0,0,2,2,2
25,39,0,0,0,2,2,2
26,43,1,1,1,3,3,3
27,47,0,0,0,3,3,3
28,51,0,0,0,3,3,3
29,55,0,0,0,3,3,3
30,60,0,0,0,3,3,3
31,64,1,1,1,4,4,4
32,69,1,1,1,5,5,5
33,74,0,0,0,5,5,5
34,79,1,1,1,6,6,6
35,84,1,1,1,7,7,7
36,90,2,2,1,9,9,8
37,95,1,1,1,10,10,9
38,101,1,1,1,11,11,10
39,107,1,1,1,12,12,11
40,113,1,1,0,13,13,11
41,119,0,0,0,13,13,11
42,126,1,1,1,14,14,12
43,132,1,1,1,15,15,13
44,139,0,0,0,15,15,13
45,146,1,1,1,16,16,14
46,153,0,0,0,16,16,14
47,160,0,0,0,16,16,14
48,168,0,0,0,16,16,14
49,175,0,0,0,16,16,14
50,183,0,0,0,16,16,14
51,191,0,0,0,16,16,14
52,199,1,1,0,17,17,14
53,207,2,2,2,19,19,16
54,216,1,1,0,20,20,16
55,224,1,1,1,21,21,17
56,233,1,1,1,22,22,18
57,242,1,1,1,23,23,19
58,251,1,1,1,24,24,20
59,260,0,0,0,24,24,20
60,270,1,1,0,25,25,20
61,279,2,2,2,27,27,22
62,289,3,3,2,30,30,24
63,299,1,1,1,31,31,25
64,309,3,3,2,34,34,27
65,319,0,0,0,34,34,27
66,330,1,1,1,35,35,28
67,340,0,0,0,35,35,28
68,351,1,1,0,36,36,28
69,362,1,1,1,37,37,29
70,373,2,2,1,39,39,30
71,384,1,1,1,40,40,31
72,396,2,2,0,42,42,31
73,407,2,2,2,44,44,33
74,419,2,2,1,46,46,34
75,431,1,1,1,47,47,35
76,443,1,1,0,48,48,35
77,455,1,1,1,49,49,36
78,468,3,3,1,52,52,37
79,480,1,1,1,53,53,38
80,493,1,1,0,54,54,38
81,506,0,0,0,54,54,38
82,519,1,1,1,55,55,39
83,532,1,1,1,56,56,40
84,546,3,3,2,59,59,42
85,559,1,1,1,60,60,43
86,573,4,4,3,64,64,46
87,587,2,2,2,66,66,48
88,601,2,2,2,68,68,50
89,615,2,2,2,70,70,52
90,630,4,4,2,74,74,54
91,644,1,1,1,75,75,55
92,659,2,2,2,77,77,57
93,674,2,2,1,79,79,58
94,689,3,3,3,82,82,61
95,704,1,1,1,83,83,62
96,720,1,1,0,84,84,62
97,735,3,3,3,87,87,65
98,751,4,4,4,91,91,69
99,767,0,0,0,91,91,69
100,783,1,1,0,92,92,69
101,799,1,1,1,93,93,70
102,816,1,1,0,94,94,70
103,832,1,1,1,95,95,71
104,849,2,2,1,97,97,72
105,866,2,2,1,99,99,73
106,883,2,2,0,101,101,73
107,900,3,3,3,104,104,76
108,918,2,2,0,106,106,76
109,935,2,2,2,108,108,78
110,953,2,2,1,110,110,79
111,971,1,1,0,111,111,79
112,989,2,2,1,113,113,80
113,1007,1,1,1,114,114,81
114,1026,3,3,1,117,117,82
115,1044,0,0,0,117,117,82
116,1063,2,2,1,119,119,83
117,1082,4,4,3,123,123,86
118,1101,1,1,1,124,124,87
119,1120,0,0,0,124,124,87
120,1140,2,2,1,126,126,88
121,1159,1,1,1,127,127,89
122,1179,3,3,1,130,130,90
123,1199,0,0,0,130,130,90
124,1219,4,4,1,134,134,91
125,1239,0,0,0,134,134,91
126,1260,5,5,2,139,139,93
127,1280,1,1,1,140,140,94
128,1301,4,4,1,144,144,95
129,1322,1,1,0,145,145,95
130,1343,4,4,3,149,149,98
131,1364,2,2,2,151,151,100
132,1386,4,4,3,155,155,103
133,1407,2,2,2,157,157,105
134,1429,1,1,1,158,158,106
135,1451,3,3,2,161,161,108
136,1473,7,5,4,168,166,112
137,1495,2,2,2,170,168,114
138,1518,3,3,2,173,171,116
139,1540,5,5,5,178,176,121
140,1563,4,4,1,182,180,122
141,1586,1,1,1,183,181,123
142,1609,3,3,2,186,184,125
143,1632,6,4,4,192,188,129
144,1656,2,2,0,194,190,129
145,1679,1,1,1,195,191,130
146,1703,4,4,2,199,195,132
147,1727,5,5,5,204,200,137
148,1751,3,3,1,207,203,138
149,1775,1,1,1,208,204,139
150,1800,1,1,0,209,205,139
151,1824,1,1,1,210,206,140
152,1849,3,3,2,213,209,142
153,1874,1,1,1,214,210,143
154,1899,2,2,1,216,212,144
155,1924,2,2,1,218,214,145
156,1950,6,6,3,224,220,148
157,1975,5,5,5,229,225,153
158,2001,4,4,3,233,229,156
159,2027,2,2,0,235,231,156
160,2053,2,2,0,237,233,156
161,2079,2,2,2,239,235,158
162,2106,2,2,1,241,237,159
163,2132,1,1,1,242,238,160
164,2159,1,1,0,243,239,160
165,2186,3,3,2,246,242,162
166,2213,3,3,2,249,245,164
167,2240,1,1,1,250,246,165
168,2268,4,4,0,254,250,165
169,2295,3,3,3,257,253,168
170,2323,5,5,3,262,258,171
171,2351,3,3,2,265,261,173
172,2379,5,5,1,270,266,174
173,2407,0,0,0,270,266,174
174,2436,3,3,0,273,269,174
175,2464,4,4,3,277,273,177
176,2493,6,6,4,283,279,181
177,2522,3,3,3,286,282,184
178,2551,3,3,1,289,285,185
179,2580,1,1,1,290,286,186
180,2610,9,9,3,299,295,189
181,2639,2,2,2,301,297,191
182,2669,8,8,6,309,305,197
183,2699,6,6,4,315,311,201
184,2729,5,5,3,320,316,204
185,2759,4,4,3,324,320,207
186,2790,7,7,3,331,327,210
187,2820,5,3,3,336,330,213
188,2851,5,5,2,341,335,215
189,2882,6,6,5,347,341,220
190,2913,5,5,3,352,346,223
191,2944,4,4,4,356,350,227
192,2976,3,3,0,359,353,227
193,3007,3,3,3,362,356,230
194,3039,4,4,1,366,360,231
195,3071,3,3,2,369,363,233
196,3103,7,7,3,376,370,236
197,3135,2,2,2,378,372,238
198,3168,3,3,1,381,375,239
199,3200,0,0,0,381,375,239
200,3233,5,5,4,386,380,243
201,3266,4,4,4,390,384,247
202,3299,2,2,1,392,386,248
203,3332,0,0,0,392,386,248
204,3366,5,5,4,397,391,252
205,3399,2,2,2,399,393,254
206,3433,3,3,2,402,396,256
207,3467,3,3,2,405,399,258
208,3501,4,4,2,409,403,260
209,3535,5,3,3,414,406,263
210,3570,7,7,3,421,413,266
211,3604,4,4,4,425,417,270
212,3639,5,5,3,430,422,273
213,3674,3,3,2,433,425,275
214,3709,5,5,2,438,430,277
215,3744,2,2,1,440,432,278
216,3780,3,3,1,443,435,279
217,3815,5,5,4,448,440,283
218,3851,7,7,5,455,447,288
219,3887,4,4,2,459,451,290
220,3923,5,5,2,464,456,292
221,3959,2,2,2,466,458,294
222,3996,6,6,4,472,464,298
223,4032,0,0,0,472,464,298
224,4069,4,4,1,476,468,299
225,4106,4,4,2,480,472,301
226,4143,1,1,0,481,473,301
227,4180,1,1,1,482,474,302
228,4218,6,6,3,488,480,305
229,4255,3,3,3,491,483,308
230,4293,2,2,2,493,485,310
231,4331,2,2,1,495,487,311
232,4369,3,3,1,498,490,312
233,4407,2,2,2,500,492,314
234,4446,9,9,2,509,501,316
235,4484,0,0,0,509,501,316
236,4523,1,1,0,510,502,316
237,4562,4,4,3,514,506,319
238,4601,3,3,2,517,509,321
239,4640,2,2,2,519,511,323
240,4680,3,3,1,522,514,324
241,4719,5,5,5,527,519,329
242,4759,3,3,2,530,522,331
243,4799,0,0,0,530,522,331
244,4839,4,4,1,534,526,332
245,4879,7,7,6,541,533,338
246,4920,2,2,1,543,535,339
247,4960,3,3,3,546,538,342
248,5001,6,6,2,552,544,344
249,5042,2,2,1,554,546,345
250,5083,1,1,1,555,547,346
251,5124,0,0,0,555,547,346
252,5166,11,11,3,566,558,349
253,5207,3,3,3,569,561,352
254,5249,5,5,4,574,566,356
255,5291,6,6,5,580,572,361
256,5333,6,6,2,586,578,363
257,5375,7,7,7,593,585,370
258,5418,7,7,3,600,592,373
259,5460,4,4,3,604,596,376
260,5503,11,11,6,615,607,382
261,5546,3,3,1,618,610,383
262,5589,4,4,2,622,614,385
263,5632,7,7,7,629,621,392
264,5676,10,10,4,639,631,396
265,5719,5,5,3,644,636,399
266,5763,8,8,5,652,644,404
267,5807,3,3,1,655,647,405
268,5851,7,7,6,662,654,411
269,5895,5,5,5,667,659,416
270,5940,8,8,2,675,667,418
271,5984,6,6,6,681,673,424
272,6029,10,6,2,691,679,426
273,6074,7,7,5,698,686,431
274,6119,5,5,3,703,691,434
275,6164,1,1,0,704,692,434
276,6210,8,8,3,712,700,437
277,6255,2,2,2,714,702,439
278,6301,13,13,8,727,715,447
279,6347,5,5,3,732,720,450
280,6393,6,6,1,738,726,451
281,6439,3,3,3,741,729,454
282,6486,9,7,5,750,736,459
283,6532,2,2,2,752,738,461
284,6579,3,3,0,755,741,461
285,6626,7,7,5,762,748,466
286,6673,11,9,4,773,757,470
287,6720,2,2,2,775,759,472
288,6768,3,3,0,778,762,472
289,6815,4,4,4,782,766,476
290,6863,4,4,2,786,770,478
291,6911,8,8,5,794,778,483
292,6959,6,6,2,800,784,485
293,7007,2,2,2,802,786,487
294,7056,12,12,2,814,798,489
295,7104,2,2,2,816,800,491
296,7153,4,4,1,820,804,492
297,7202,3,3,3,823,807,495
298,7251,5,5,4,828,812,499
299,7300,6,4,4,834,816,503
300,7350,6,6,4,840,822,507
301,7399,6,6,5,846,828,512
302,7449,4,4,3,850,832,515
303,7499,1,1,0,851,833,515
304,7549,6,6,3,857,839,518
305,7599,4,4,2,861,843,520
306,7650,4,4,1,865,847,521
307,7700,0,0,0,865,847,521
308,7751,7,5,4,872,852,525
309,7802,3,3,2,875,855,527
310,7853,7,7,3,882,862,530
311,7904,4,4,4,886,866,534
312,7956,10,10,3,896,876,537
313,8007,5,5,5,901,881,542
314,8059,7,7,2,908,888,544
315,8111,8,8,4,916,896,548
316,8163,7,7,3,923,903,551
317,8215,3,3,3,926,906,554
318,8268,6,6,4,932,912,558
319,8320,2,2,2,934,914,560
320,8373,5,5,1,939,919,561
321,8426,3,3,0,942,922,561
322,8479,5,5,3,947,927,564
323,8532,4,4,4,951,931,568
324,8586,4,4,1,955,935,569
325,8639,2,2,2,957,937,571
326,8693,5,5,4,962,942,575
327,8747,4,4,2,966,946,577
328,8801,6,6,5,972,952,582
329,8855,0,0,0,972,952,582
330,8910,7,7,2,979,959,584
331,8964,2,2,2,981,961,586
332,9019,4,4,1,985,965,587
333,9074,4,4,3,989,969,590
334,9129,6,6,5,995,975,595
335,9184,3,3,3,998,978,598
336,9240,5,5,0,1003,983,598
337,9295,1,1,1,1004,984,599
338,9351,7,7,3,1011,991,602
339,9407,1,1,0,1012,992,602
340,9463,6,6,0,1018,998,602
341,9519,6,6,5,1024,1004,607
342,9576,12,12,6,1036,1016,613
343,9632,6,6,6,1042,1022,619
344,9689,9,9,4,1051,1031,623
345,9746,8,8,7,1059,1039,630
346,9803,4,4,4,1063,1043,634
347,9860,3,3,3,1066,1046,637
348,9918,6,6,2,1072,1052,639
349,9975,6,6,6,1078,1058,645
350,10033,6,6,1,1084,1064,646
351,10091,6,6,2,1090,1070,648
352,10149,13,11,6,1103,1081,654
353,10207,3,3,3,1106,1084,657
354,10266,9,9,5,1115,1093,662
355,10324,5,5,4,1120,1098,666
356,10383,6,6,3,1126,1104,669
357,10442,3,3,3,1129,1107,672
358,10501,4,4,3,1133,1111,675
359,10560,5,5,5,1138,1116,680
360,10620,15,15,5,1153,1131,685
361,10679,5,5,5,1158,1136,690
362,10739,11,11,9,1169,1147,699
363,10799,5,5,4,1174,1152,703
364,10859,12,12,4,1186,1164,707
365,10919,7,7,5,1193,1171,712
366,10980,13,13,6,1206,1184,718
367,11040,6,6,6,1212,1190,724
368,11101,10,10,5,1222,1200,729
369,11162,5,5,5,1227,1205,734
370,11223,9,9,4,1236,1214,738
371,11284,4,4,2,1240,1218,740
372,11346,9,9,1,1249,1227,741
373,11407,7,5,5,1256,1232,746
374,11469,12,10,6,1268,1242,752
375,11531,4,4,3,1272,1246,755
376,11593,6,6,1,1278,1252,756
377,11655,7,7,7,1285,1259,763
378,11718,13,13,3,1298,1272,766
379,11780,9,9,9,1307,1281,775
380,11843,16,16,10,1323,1297,785
381,11906,8,8,7,1331,1305,792
382,11969,8,8,4,1339,1313,796
383,12032,9,7,7,1348,1320,803
384,12096,6,6,2,1354,1326,805
385,12159,7,7,4,1361,1333,809
386,12223,12,12,9,1373,1345,818
387,12287,8,8,7,1381,1353,825
388,12351,13,13,9,1394,1366,834
389,12415,5,5,5,1399,1371,839
390,12480,15,15,7,1414,1386,846
391,12544,5,5,5,1419,1391,851
392,12609,11,11,3,1430,1402,854
393,12674,9,9,7,1439,1411,861
394,12739,7,7,5,1446,1418,866
395,12804,7,7,6,1453,1425,872
396,12870,12,12,5,1465,1437,877
397,12935,6,6,6,1471,1443,883
398,13001,6,6,6,1477,1449,889
399,13067,11,11,8,1488,1460,897
400,13133,8,8,3,1496,1468,900
401,13199,4,4,4,1500,1472,904
402,13266,10,10,5,1510,1482,909
403,13332,9,9,8,1519,1491,917
404,13399,4,4,2,1523,1495,919
405,13466,7,7,4,1530,1502,923
406,13533,3,3,2,1533,1505,925
407,13600,3,3,2,1536,1508,927
408,13668,17,12,4,1553,1520,931
409,13735,9,9,9,1562,1529,940
410,13803,7,7,4,1569,1536,944
411,13871,3,3,1,1572,1539,945
412,13939,5,5,2,1577,1544,947
413,14007,3,3,3,1580,1547,950
414,14076,7,7,1,1587,1554,951
415,14144,8,8,7,1595,1562,958
416,14213,10,10,5,1605,1572,963
417,14282,12,10,5,1617,1582,968
418,14351,11,6,3,1628,1588,971
419,14420,4,4,4,1632,1592,975
420,14490,13,13,2,1645,1605,977
421,14559,6,6,6,1651,1611,983
422,14629,7,7,3,1658,1618,986
423,14699,3,3,2,1661,1621,988
424,14769,7,7,2,1668,1628,990
425,14839,7,7,6,1675,1635,996
426,14910,10,10,5,1685,1645,1001
427,14980,7,7,5,1692,1652,1006
428,15051,6,6,1,1698,1658,1007
429,15122,13,11,6,1711,1669,1013
430,15193,7,7,2,1718,1676,1015
431,15264,4,4,4,1722,1680,1019
432,15336,6,6,3,1728,1686,1022
433,15407,9,9,9,1737,1695,1031
434,15479,12,12,5,1749,1707,1036
435,15551,6,6,3,1755,1713,1039
436,15623,11,11,4,1766,1724,1043
437,15695,6,4,4,1772,1728,1047
438,15768,12,12,6,1784,1740,1053
439,15840,5,5,5,1789,1745,1058
440,15913,9,9,2,1798,1754,1060
441,15986,12,12,6,1810,1766,1066
442,16059,8,6,4,1818,1772,1070
443,16132,7,7,7,1825,1779,1077
444,16206,9,9,2,1834,1788,1079
445,16279,3,3,1,1837,1791,1080
446,16353,6,6,6,1843,1797,1086
447,16427,6,6,5,1849,1803,1091
448,16501,7,7,1,1856,1810,1092
449,16575,1,1,1,1857,1811,1093
450,16650,10,8,3,1867,1819,1096
451,16724,4,4,4,1871,1823,1100
452,16799,6,6,5,1877,1829,1105
453,16874,3,3,2,1880,1832,1107
454,16949,7,7,6,1887,1839,1113
455,17024,9,9,7,1896,1848,1120
456,17100,15,15,7,1911,1863,1127
457,17175,5,5,5,1916,1868,1132
458,17251,8,8,5,1924,1876,1137
459,17327,6,6,5,1930,1882,1142
460,17403,10,10,5,1940,1892,1147
461,17479,1,1,1,1941,1893,1148
462,17556,7,7,2,1948,1900,1150
463,17632,5,5,5,1953,1905,1155
464,17709,6,6,3,1959,1911,1158
465,17786,9,7,5,1968,1918,1163
466,17863,7,7,5,1975,1925,1168
467,17940,3,3,3,1978,1928,1171
468,18018,17,17,4,1995,1945,1175
469,18095,9,9,9,2004,1954,1184
470,18173,8,8,5,2012,1962,1189
471,18251,11,11,6,2023,1973,1195
472,18329,1,1,0,2024,1974,1195
473,18407,6,6,5,2030,1980,1200
474,18486,11,11,4,2041,1991,1204
475,18564,7,7,6,2048,1998,1210
476,18643,8,8,5,2056,2006,1215
477,18722,4,4,2,2060,2010,1217
478,18801,3,3,1,2063,2013,1218
479,18880,3,3,3,2066,2016,1221
480,18960,4,4,0,2070,2020,1221
481,19039,10,10,9,2080,2030,1230
482,19119,8,8,3,2088,2038,1233
483,19199,10,8,6,2098,2046,1239
484,19279,9,9,6,2107,2055,1245
485,19359,5,5,2,2112,2060,1247
486,19440,5,5,3,2117,2065,1250
487,19520,6,6,6,2123,2071,1256
488,19601,6,6,2,2129,2077,1258
489,19682,3,3,2,2132,2080,1260
490,19763,16,16,4,2148,2096,1264
491,19844,1,1,1,2149,2097,1265
492,19926,5,5,3,2154,2102,1268
493,20007,9,9,9,2163,2111,1277
494,20089,13,13,8,2176,2124,1285
495,20171,5,5,1,2181,2129,1286
496,20253,7,7,1,2188,2136,1287
497,20335,5,5,4,2193,2141,1291
498,20418,7,7,3,2200,2148,1294
499,20500,5,5,5,2205,2153,1299
500,20583,5,5,3,2210,2158,1302
501,20666,3,3,2,2213,2161,1304
502,20749,1,1,1,2214,2162,1305
503,20832,4,4,4,2218,2166,1309
504,20916,13,13,1,2231,2179,1310
505,20999,3,3,2,2234,2182,1312
506,21083,8,6,4,2242,2188,1316
507,21167,15,13,10,2257,2201,1326
508,21251,10,10,5,2267,2211,1331
509,21335,4,4,4,2271,2215,1335
510,21420,11,11,1,2282,2226,1336
511,21504,7,7,5,2289,2233,1341
512,21589,6,6,0,2295,2239,1341
513,21674,6,6,3,2301,2245,1344
514,21759,7,7,0,2308,2252,1344
515,21844,7,7,6,2315,2259,1350
516,21930,10,10,2,2325,2269,1352
517,22015,4,4,4,2329,2273,1356
518,22101,12,12,7,2341,2285,1363
519,22187,1,1,1,2342,2286,1364
520,22273,14,14,2,2356,2300,1366
521,22359,3,3,3,2359,2303,1369
522,22446,9,7,3,2368,2310,1372
523,22532,6,6,6,2374,2316,1378
524,22619,11,11,7,2385,2327,1385
525,22706,9,7,3,2394,2334,1388
526,22793,11,11,4,2405,2345,1392
527,22880,9,9,8,2414,2354,1400
528,22968,19,17,4,2433,2371,1404
529,23055,6,6,6,2439,2377,1410
530,23143,9,9,4,2448,2386,1414
531,23231,5,5,2,2453,2391,1416
532,23319,15,15,7,2468,2406,1423
533,23407,4,4,4,2472,2410,1427
534,23496,6,6,2,2478,2416,1429
535,23584,6,6,3,2484,2422,1432
536,23673,9,9,2,2493,2431,1434
537,23762,6,6,5,2499,2437,1439
538,23851,9,9,4,2508,2446,1443
539,23940,6,6,5,2514,2452,1448
540,24030,18,18,5,2532,2470,1453
541,24119,8,8,8,2540,2478,1461
542,24209,12,12,6,2552,2490,1467
543,24299,8,8,6,2560,2498,1473
544,24389,12,8,1,2572,2506,1474
545,24479,8,8,6,2580,2514,1480
546,24570,21,21,5,2601,2535,1485
547,24660,12,12,12,2613,2547,1497
548,24751,7,7,2,2620,2554,1499
549,24842,9,9,3,2629,2563,1502
550,24933,7,5,3,2636,2568,1505
551,25024,10,8,8,2646,2576,1513
552,25116,15,13,3,2661,2589,1516
553,25207,9,9,8,2670,2598,1524
554,25299,5,5,3,2675,2603,1527
555,25391,11,11,7,2686,2614,1534
556,25483,16,16,3,2702,2630,1537
557,25575,0,0,0,2702,2630,1537
558,25668,13,13,2,2715,2643,1539
559,25760,7,7,6,2722,2650,1545
560,25853,11,11,4,2733,2661,1549
561,25946,14,12,9,2747,2673,1558
562,26039,6,6,3,2753,2679,1561
563,26132,6,6,6,2759,2685,1567
564,26226,19,17,8,2778,2702,1575
565,26319,2,2,1,2780,2704,1576
566,26413,6,6,4,2786,2710,1580
567,26507,10,8,3,2796,2718,1583
568,26601,6,6,3,2802,2724,1586
569,26695,3,3,3,2805,2727,1589
570,26790,17,15,5,2822,2742,1594
571,26884,4,4,4,2826,2746,1598
572,26979,15,13,4,2841,2759,1602
573,27074,8,6,3,2849,2765,1605
574,27169,6,6,3,2855,2771,1608
575,27264,10,8,8,2865,2779,1616
576,27360,6,6,1,2871,2785,1617
577,27455,4,4,4,2875,2789,1621
578,27551,10,10,5,2885,2799,1626
579,27647,8,8,5,2893,2807,1631
580,27743,8,8,2,2901,2815,1633
581,27839,4,4,3,2905,2819,1636
582,27936,13,13,4,2918,2832,1640
583,28032,6,6,4,2924,2838,1644
584,28129,8,8,2,2932,2846,1646
585,28226,12,12,5,2944,2858,1651
586,28323,4,4,2,2948,2862,1653
587,28420,7,7,7,2955,2869,1660
588,28518,24,22,7,2979,2891,1667
589,28615,7,7,6,2986,2898,1673
590,28713,6,6,3,2992,2904,1676
591,28811,5,5,3,2997,2909,1679
592,28909,11,11,7,3008,2920,1686
593,29007,2,2,2,3010,2922,1688
594,29106,9,9,3,3019,2931,1691
595,29204,6,6,4,3025,2937,1695
596,29303,8,8,3,3033,2945,1698
597,29402,4,4,4,3037,2949,1702
598,29501,11,9,4,3048,2958,1706
599,29600,6,6,6,3054,2964,1712
600,29700,13,13,2,3067,2977,1714
