s,class_size,largest_order_in_class,max_K_mult,max_K_n,max_K_g,committed_class_size,committed_max_K_mult,committed_max_K_n,committed_max_K_g
1/42,1,7,1,1,1,1,1,1,1
1/24,1,8,1,1,1,1,1,1,1
1/20,1,5,1,1,1,1,1,1,1
1/18,1,9,1,1,1,1,1,1,1
1/15,1,10,1,1,1,1,1,1,1
5/66,1,11,1,1,1,1,1,1,1
1/12,3,12,2,1,1,3,2,1,1
1/10,2,15,2,1,1,2,2,1,1
3/28,1,7,1,1,1,1,1,1,1
1/8,2,24,2,1,1,2,2,1,1
2/15,3,30,2,1,1,3,2,1,1
5/36,2,36,2,1,1,2,2,1,1
3/20,2,60,2,1,1,2,2,1,1
11/70,2,105,2,1,1,2,2,1,1
7/44,2,132,2,1,1,2,2,1,1
1/6,5,12,2,2,1,5,2,2,1
7/40,1,8,1,1,1,1,1,1,1
17/90,1,9,1,1,1,1,1,1,1
4/21,2,7,2,1,1,2,2,1,1
1/5,2,20,2,1,1,2,2,1,1
5/24,3,24,2,1,1,3,2,1,1
23/110,1,11,1,1,1,1,1,1,1
3/14,2,28,2,1,1,2,2,1,1
13/60,3,30,2,1,1,3,2,1,1
2/9,3,36,2,1,1,3,2,1,1
13/56,2,56,2,1,1,2,2,1,1
7/30,4,60,2,1,1,4,2,1,1
8/33,3,132,2,1,1,3,2,1,1
31/126,2,252,2,1,1,2,2,1,1
1/4,7,20,3,2,1,7,3,2,1
9/35,1,10,1,1,1,1,1,1,1
19/72,1,9,1,1,1,1,1,1,1
41/154,1,11,1,1,1,1,1,1,1
4/15,4,30,2,1,1,4,2,1,1
23/84,2,12,2,1,1,2,2,1,1
11/40,2,40,2,1,1,2,2,1,1
5/18,4,45,2,1,1,4,2,1,1
25/88,1,11,1,1,1,1,1,1,1
13/45,2,90,2,1,1,2,2,1,1
7/24,5,120,2,1,1,5,2,1,1
59/198,2,495,2,1,1,2,2,1,1
3/10,6,30,2,2,1,6,2,2,1
11/36,4,36,2,1,1,4,2,1,1
17/55,1,11,1,1,1,1,1,1,1
19/60,4,60,2,1,1,4,2,1,1
7/22,3,66,2,1,1,3,2,1,1
34/105,4,105,2,1,1,4,2,1,1
43/132,4,132,2,1,1,4,2,1,1
1/3,10,42,2,2,1,10,2,2,1
41/120,2,30,2,1,1,2,2,1,1
7/20,6,140,2,1,1,6,2,1,1
16/45,3,630,2,1,1,3,2,1,1
5/14,5,56,2,2,1,5,2,2,1
11/30,7,120,2,1,1,7,2,1,1
3/8,8,72,2,2,1,8,2,2,1
62/165,2,30,2,1,1,2,2,1,1
8/21,5,126,2,1,1,5,2,1,1
23/60,7,180,3,1,1,7,3,1,1
7/18,7,90,2,2,1,7,2,2,1
67/168,4,840,2,1,1,4,2,1,1
2/5,11,110,3,3,1,11,3,3,1
57/140,3,105,2,1,1,3,2,1,1
9/22,6,132,2,2,1,6,2,2,1
26/63,4,252,2,1,1,4,2,1,1
5/12,15,156,2,2,1,15,2,2,1
89/210,4,210,2,1,1,4,2,1,1
17/40,7,280,2,1,1,7,2,1,1
31/72,5,360,2,1,1,5,2,1,1
100/231,2,2310,2,1,1,2,2,1,1
13/30,10,240,2,2,1,10,2,2,1
79/180,5,180,2,1,1,5,2,1,1
37/84,8,1428,2,1,1,8,2,1,1
53/120,6,360,2,1,1,6,2,1,1
4/9,13,342,2,2,1,13,2,2,1
9/20,13,420,2,2,1,13,2,2,1
119/264,4,616,2,1,1,4,2,1,1
41/90,10,1035,3,1,1,10,3,1,1
16/35,9,840,2,1,1,9,2,1,1
11/24,17,600,2,2,1,17,2,2,1
101/220,5,1100,2,1,1,5,2,1,1
13/28,13,812,2,2,1,13,2,2,1
46/99,5,495,2,1,1,5,2,1,1
7/15,21,930,2,2,1,21,2,2,1
17/36,18,1332,2,2,1,18,2,2,1
19/40,16,1640,2,2,1,16,2,2,1
157/330,7,2310,2,1,1,7,2,1,1
27/56,16,3192,2,2,1,16,2,2,1
29/60,29,3660,2,2,1,29,2,2,1
16/33,18,4422,2,2,1,18,2,2,1
22/45,28,8190,2,2,1,28,2,2,1
103/210,19,11130,2,2,1,19,2,2,1
65/132,28,17556,2,2,1,28,2,2,1
125/252,43,63756,2,2,1,43,2,2,1
1/2,15,42,3,2,2,15,3,2,2
71/140,2,60,2,1,1,2,2,1,1
61/120,3,30,2,1,1,3,2,1,1
28/55,2,15,2,1,1,2,2,1,1
37/72,3,36,2,1,1,3,2,1,1
18/35,3,105,2,1,1,3,2,1,1
159/308,2,132,2,1,1,2,2,1,1
31/60,7,140,2,1,1,7,2,1,1
47/90,4,630,2,1,1,4,2,1,1
11/21,5,56,2,2,1,5,2,2,1
21/40,4,60,2,1,1,4,2,1,1
19/36,6,72,2,1,1,6,2,1,1
149/280,3,105,2,1,1,3,2,1,1
8/15,9,120,2,1,1,9,2,1,1
47/88,3,132,2,1,1,3,2,1,1
97/180,5,360,2,1,1,5,2,1,1
13/24,9,120,2,2,1,9,2,2,1
179/330,3,132,2,1,1,3,2,1,1
172/315,3,252,2,1,1,3,2,1,1
23/42,6,420,3,1,1,6,3,1,1
217/396,4,495,2,1,1,4,2,1,1
11/20,10,180,2,2,1,10,2,2,1
5/9,7,90,2,2,1,7,2,2,1
39/70,3,105,2,1,1,3,2,1,1
123/220,3,132,2,1,1,3,2,1,1
203/360,2,360,2,1,1,2,2,1,1
95/168,5,840,2,1,1,5,2,1,1
218/385,3,2310,2,1,1,3,2,1,1
17/30,11,110,3,2,1,11,3,2,1
25/44,4,132,2,1,1,4,2,1,1
4/7,9,231,3,1,1,9,3,1,1
241/420,4,105,2,1,1,4,2,1,1
23/40,8,1320,2,1,1,8,2,1,1
19/33,6,132,2,2,1,6,2,2,1
26/45,7,180,2,1,1,7,2,1,1
73/126,5,252,2,1,1,5,2,1,1
7/12,20,156,3,2,1,20,3,2,1
257/440,1,11,1,1,1,1,1,1,1
53/90,7,1170,2,1,1,7,2,1,1
33/56,6,2184,2,1,1,6,2,1,1
62/105,7,210,2,1,1,7,2,1,1
71/120,9,280,2,1,1,9,2,1,1
43/72,8,360,2,1,1,8,2,1,1
296/495,3,495,2,1,1,3,2,1,1
277/462,4,2310,2,1,1,4,2,1,1
3/5,14,240,2,2,1,14,2,2,1
38/63,7,1008,2,1,1,7,2,1,1
109/180,7,630,2,1,1,7,2,1,1
17/28,12,1428,3,2,1,12,3,2,1
73/120,9,360,2,1,1,9,2,1,1
67/110,4,495,2,1,1,4,2,1,1
11/18,15,342,3,3,1,15,3,3,1
43/70,6,420,2,1,1,6,2,1,1
37/60,17,420,2,2,1,17,2,2,1
163/264,6,616,2,1,1,6,2,1,1
34/55,6,1155,2,1,1,6,2,1,1
313/504,6,5544,2,1,1,6,2,1,1
28/45,14,1035,3,1,1,14,3,1,1
48/77,6,616,2,1,1,6,2,1,1
5/8,22,600,3,2,1,22,3,2,1
413/660,6,1100,2,1,1,6,2,1,1
53/84,15,812,2,2,1,15,2,2,1
125/198,7,495,2,1,1,7,2,1,1
177/280,9,24360,2,1,1,9,2,1,1
19/30,28,930,2,2,1,28,2,2,1
40/63,12,2016,2,1,1,12,2,1,1
23/36,22,1332,2,2,1,22,2,2,1
395/616,5,2310,2,1,1,5,2,1,1
106/165,10,2310,2,1,1,10,2,1,1
407/630,9,4410,2,1,1,9,2,1,1
109/168,18,3192,2,2,1,18,2,2,1
13/20,37,3660,3,2,1,37,3,2,1
43/66,19,4422,2,2,1,19,2,2,1
47/72,25,5256,2,2,1,25,2,2,1
454/693,10,20097,2,1,1,10,2,1,1
23/35,22,11130,2,2,1,22,2,2,1
29/44,31,17556,2,2,1,31,2,2,1
167/252,44,63756,2,2,1,44,2,2,1
239/360,59,129960,2,2,1,59,2,2,1
513/770,126,5338410,2,2,1,126,2,2,1
2/3,28,156,3,2,2,28,3,2,2
533/792,3,10296,2,1,1,3,2,1,1
283/420,6,840,2,1,1,6,2,1,1
27/40,12,280,2,2,1,12,2,2,1
52/77,3,308,2,1,1,3,2,1,1
61/90,9,1260,2,1,1,9,2,1,1
49/72,8,360,2,1,1,8,2,1,1
631/924,3,2310,2,1,1,3,2,1,1
301/440,2,40,2,1,1,2,2,1,1
68/99,6,1584,2,1,1,6,2,1,1
31/45,10,630,2,2,1,10,2,2,1
29/42,16,1428,3,2,1,16,3,2,1
83/120,10,360,3,1,1,10,3,1,1
61/88,5,792,2,1,1,5,2,1,1
25/36,17,342,2,2,1,17,2,2,1
691/990,4,495,2,1,1,4,2,1,1
7/10,23,420,3,2,1,23,3,2,1
185/264,7,616,2,1,1,7,2,1,1
127/180,14,1035,2,1,1,14,2,1,1
70/99,6,792,2,1,1,6,2,1,1
17/24,28,1320,2,2,1,28,2,2,1
39/55,8,1100,2,2,1,8,2,2,1
5/7,19,812,3,3,1,19,3,3,1
283/396,7,495,2,1,1,7,2,1,1
43/60,31,930,2,2,1,31,2,2,1
79/110,8,1760,2,1,1,8,2,1,1
13/18,29,1332,2,2,1,29,2,2,1
479/660,10,2310,2,1,1,10,2,1,1
8/11,17,1980,2,2,1,17,2,2,1
41/56,23,3192,2,2,1,23,2,2,1
11/15,43,3660,2,2,1,43,2,2,1
97/132,20,4422,2,2,1,20,2,2,1
49/66,36,17556,2,2,1,36,2,2,1
47/63,49,63756,2,2,1,49,2,2,1
3/4,37,420,3,2,2,37,3,2,2
53/70,17,840,2,2,1,17,2,2,1
55/72,17,2520,2,2,1,17,2,2,1
59/77,7,2310,2,2,1,7,2,2,1
23/30,35,930,3,2,1,35,3,2,1
65/84,27,1820,3,2,1,27,3,2,1
31/40,27,1640,3,3,1,27,3,3,1
7/9,30,2070,2,2,1,30,2,2,1
69/88,18,27720,2,2,1,18,2,2,1
71/90,43,8190,3,2,1,43,3,2,1
19/24,66,14520,3,2,1,66,3,2,1
79/99,35,245520,2,2,1,35,2,2,1
4/5,44,930,3,2,2,44,3,2,2
29/36,37,1332,3,2,1,37,3,2,1
89/110,16,2310,2,2,1,16,2,2,1
49/60,55,3660,3,2,1,55,3,2,1
9/11,28,4422,2,2,1,28,2,2,1
173/210,42,11130,3,2,1,42,3,2,1
109/132,46,17556,2,2,1,46,2,2,1
5/6,70,1806,3,2,2,70,3,2,2
101/120,40,10920,3,2,1,40,3,2,1
17/20,74,19740,3,2,1,74,3,2,1
77/90,111,397530,3,2,1,111,3,2,1
6/7,49,3192,3,2,2,49,3,2,2
13/15,88,14520,3,3,1,88,3,3,1
7/8,80,5256,3,2,2,80,3,2,2
289/330,33,6930,2,2,1,33,2,2,1
37/42,76,16002,3,3,1,76,3,3,1
53/60,113,32580,3,2,1,113,3,2,1
8/9,88,8190,3,2,2,88,3,2,2
151/168,149,706440,3,2,1,149,3,2,1
9/10,109,12210,3,3,2,109,3,3,2
127/140,95,395780,3,2,1,95,3,2,1
10/11,70,17556,3,2,2,70,3,2,2
115/126,89,63756,3,2,1,89,3,2,1
11/12,179,24492,3,2,2,179,3,2,2
97/105,100,44310,3,3,1,100,3,3,1
37/40,149,78680,3,3,1,149,3,3,1
67/72,163,129960,3,2,1,163,3,2,1
431/462,162,5338410,2,2,1,162,2,2,1
14/15,209,57840,3,2,3,209,3,2,3
169/180,157,223380,3,2,1,157,3,2,1
79/84,233,2040612,3,2,1,233,3,2,1
113/120,207,129960,3,2,1,207,3,2,1
17/18,226,117306,3,2,2,226,3,2,2
19/20,307,176820,3,3,3,307,3,3,3
251/264,149,380072,3,2,1,149,3,2,1
43/45,245,1072260,3,2,1,245,3,2,1
67/70,280,706440,3,3,1,280,3,3,1
23/24,386,360600,3,2,3,386,3,2,3
211/220,158,1211100,3,2,1,158,3,2,1
27/28,355,660156,3,3,2,355,3,3,2
191/198,170,2199186,3,2,1,170,3,2,1
29/30,522,865830,3,2,2,522,3,2,2
35/36,559,1775556,3,2,2,559,3,2,2
39/40,622,2691240,3,2,2,622,3,2,2
161/165,404,5338410,3,2,1,404,3,2,1
55/56,801,10192056,3,3,2,801,3,3,2
59/60,1322,13399260,3,2,2,1322,3,2,2
65/66,773,19558506,3,2,2,773,3,2,2
89/90,1753,67084290,3,3,2,1753,3,3,2
104/105,1958,123888030,3,3,2,1958,3,3,2
131/132,2166,308230692,3,3,2,2166,3,3,2
251/252,5361,4064891292,3,3,2,5361,3,3,2
1,19,42,3,2,2,19,3,2,2
141/140,2,60,2,1,1,2,2,1,1
121/120,4,30,2,1,1,4,2,1,1
111/110,2,15,2,1,1,2,2,1,1
73/72,3,36,2,1,1,3,2,1,1
71/70,3,105,2,1,1,3,2,1,1
313/308,2,132,2,1,1,2,2,1,1
61/60,9,140,2,1,1,9,2,1,1
46/45,5,630,2,1,1,5,2,1,1
43/42,7,56,2,2,1,7,2,2,1
41/40,4,60,2,1,1,4,2,1,1
37/36,7,72,2,1,1,7,2,1,1
289/280,3,105,2,1,1,3,2,1,1
31/30,11,120,2,1,1,11,2,1,1
91/88,3,132,2,1,1,3,2,1,1
187/180,5,360,2,1,1,5,2,1,1
25/24,12,120,2,2,1,12,2,2,1
172/165,4,132,2,1,1,4,2,1,1
659/630,3,252,2,1,1,3,2,1,1
22/21,8,420,3,1,1,8,3,1,1
415/396,4,495,2,1,1,4,2,1,1
21/20,14,180,3,2,1,14,3,2,1
19/18,10,90,2,2,1,10,2,2,1
37/35,3,105,2,1,1,3,2,1,1
233/220,3,132,2,1,1,3,2,1,1
383/360,2,360,2,1,1,2,2,1,1
179/168,7,840,2,1,1,7,2,1,1
821/770,3,2310,2,1,1,3,2,1,1
16/15,16,110,3,3,1,16,3,3,1
47/44,5,132,2,1,1,5,2,1,1
15/14,10,231,3,1,1,10,3,1,1
451/420,6,105,2,1,1,6,2,1,1
43/40,9,1320,2,1,1,9,2,1,1
71/66,9,132,2,2,1,9,2,2,1
97/90,9,180,2,1,1,9,2,1,1
68/63,7,252,2,1,1,7,2,1,1
13/12,26,156,3,2,1,26,3,2,1
477/440,1,11,1,1,1,1,1,1,1
49/45,7,1170,2,1,1,7,2,1,1
61/56,6,2184,2,1,1,6,2,1,1
229/210,8,210,2,1,1,8,2,1,1
131/120,11,280,2,1,1,11,2,1,1
79/72,9,360,2,1,1,9,2,1,1
1087/990,3,495,2,1,1,3,2,1,1
254/231,5,2310,2,1,1,5,2,1,1
11/10,19,240,3,2,1,19,3,2,1
139/126,7,1008,2,1,1,7,2,1,1
199/180,9,630,2,1,1,9,2,1,1
31/28,15,1428,3,2,1,15,3,2,1
133/120,11,360,2,1,1,11,2,1,1
61/55,4,495,2,1,1,4,2,1,1
10/9,19,342,3,3,1,19,3,3,1
39/35,6,420,2,1,1,6,2,1,1
67/60,21,420,2,2,1,21,2,2,1
295/264,7,616,2,1,1,7,2,1,1
123/110,7,1155,2,1,1,7,2,1,1
565/504,6,5544,2,1,1,6,2,1,1
101/90,16,1035,3,1,1,16,3,1,1
173/154,6,616,2,1,1,6,2,1,1
118/105,13,840,2,1,1,13,2,1,1
9/8,28,600,3,2,1,28,3,2,1
743/660,8,1100,2,1,1,8,2,1,1
95/84,19,812,2,2,1,19,2,2,1
112/99,9,495,2,1,1,9,2,1,1
317/280,10,24360,2,1,1,10,2,1,1
17/15,34,930,3,2,1,34,3,2,1
143/126,13,2016,2,1,1,13,2,1,1
41/36,27,1332,3,2,1,27,3,2,1
703/616,5,2310,2,1,1,5,2,1,1
137/120,22,1640,3,2,1,22,3,2,1
377/330,11,2310,2,1,1,11,2,1,1
361/315,9,4410,2,1,1,9,2,1,1
193/168,22,3192,2,2,1,22,2,2,1
23/20,44,3660,3,3,1,44,3,3,1
38/33,22,4422,2,2,1,22,2,2,1
83/72,28,5256,2,2,1,28,2,2,1
1601/1386,10,20097,2,1,1,10,2,1,1
52/45,34,8190,2,2,1,34,2,2,1
81/70,27,11130,2,2,1,27,2,2,1
51/44,36,17556,3,2,1,36,3,2,1
293/252,48,63756,2,2,1,48,2,2,1
419/360,61,129960,2,2,1,61,2,2,1
449/385,128,5338410,2,2,1,128,2,2,1
7/6,40,156,3,3,2,40,3,3,2
929/792,3,10296,2,1,1,3,2,1,1
493/420,8,840,2,1,1,8,2,1,1
47/40,16,280,2,2,1,16,2,2,1
181/154,4,308,2,1,1,4,2,1,1
194/165,5,132,2,1,1,5,2,1,1
53/45,10,1260,2,1,1,10,2,1,1
85/72,11,360,2,1,1,11,2,1,1
124/105,10,420,2,1,1,10,2,1,1
1093/924,5,2310,2,1,1,5,2,1,1
71/60,24,240,3,2,1,24,3,2,1
521/440,2,40,2,1,1,2,2,1,1
235/198,7,1584,2,1,1,7,2,1,1
107/90,15,630,2,2,1,15,2,2,1
25/21,21,1428,3,2,1,21,3,2,1
143/120,14,360,3,1,1,14,3,1,1
105/88,6,792,2,1,1,6,2,1,1
43/36,24,342,3,2,1,24,3,2,1
593/495,4,495,2,1,1,4,2,1,1
1007/840,11,840,2,1,1,11,2,1,1
6/5,35,420,3,3,1,35,3,3,1
317/264,10,616,2,1,1,10,2,1,1
217/180,19,1035,3,1,1,19,3,1,1
239/198,8,792,2,1,1,8,2,1,1
169/140,16,840,2,1,1,16,2,1,1
29/24,38,1320,3,2,1,38,3,2,1
133/110,12,1100,2,2,1,12,2,2,1
382/315,12,3780,2,1,1,12,2,1,1
17/14,27,812,3,3,1,27,3,3,1
481/396,11,495,2,1,1,11,2,1,1
73/60,43,930,3,2,1,43,3,2,1
67/55,9,1760,2,1,1,9,2,1,1
11/9,37,1332,3,2,1,37,3,2,1
257/210,19,1820,3,1,1,19,3,1,1
49/40,32,1640,3,2,1,32,3,2,1
809/660,13,2310,2,1,1,13,2,1,1
27/22,22,1980,3,2,1,22,3,2,1
443/360,18,4680,2,1,1,18,2,1,1
69/56,30,3192,3,2,1,30,3,2,1
1424/1155,9,2310,2,1,1,9,2,1,1
37/30,57,3660,3,3,1,57,3,3,1
163/132,25,4422,3,2,1,25,3,2,1
26/21,46,7140,3,2,1,46,3,2,1
223/180,41,8190,3,2,1,41,3,2,1
521/420,33,11130,3,2,1,33,3,2,1
149/120,55,14520,3,2,1,55,3,2,1
41/33,43,17556,3,2,1,43,3,2,1
56/45,64,32580,3,2,1,64,3,2,1
157/126,56,63756,3,2,1,56,3,2,1
5/4,59,420,3,2,2,59,3,2,2
1651/1320,5,616,2,1,1,5,2,1,1
113/90,25,1170,3,1,1,25,3,1,1
211/168,16,2184,2,1,1,16,2,1,1
44/35,26,840,3,3,1,26,3,3,1
151/120,33,600,3,2,1,33,3,2,1
277/220,12,1100,2,1,1,12,2,1,1
91/72,26,2520,2,2,1,26,2,2,1
177/140,20,812,3,2,1,20,3,2,1
626/495,9,630,2,1,1,9,2,1,1
195/154,12,2310,2,2,1,12,2,2,1
19/15,51,930,3,3,1,51,3,3,1
80/63,20,1008,2,1,1,20,2,1,1
229/180,33,1332,3,3,1,33,3,3,1
107/84,40,1820,3,2,1,40,3,2,1
51/40,39,1640,3,3,1,39,3,3,1
421/330,18,2310,2,1,1,18,2,1,1
23/18,47,2070,3,3,1,47,3,3,1
269/210,30,5565,2,1,1,30,2,1,1
359/280,32,3192,3,2,1,32,3,2,1
77/60,69,3660,3,3,1,69,3,3,1
113/88,25,27720,2,2,1,25,2,2,1
212/165,29,4422,2,2,1,29,2,2,1
649/504,21,5544,2,1,1,21,2,1,1
58/45,60,8190,3,3,1,60,3,3,1
298/231,20,6545,2,1,1,20,2,1,1
271/210,44,11130,3,2,1,44,3,2,1
31/24,90,14520,3,2,1,90,3,2,1
853/660,40,17556,3,2,1,40,3,2,1
1633/1260,57,63756,2,2,1,57,2,2,1
109/84,112,176820,3,2,1,112,3,2,1
257/198,44,245520,2,2,1,44,2,2,1
1091/840,120,706440,2,2,1,120,2,2,1
13/10,76,930,3,3,2,76,3,3,2
82/63,35,2016,3,2,1,35,3,2,1
47/36,60,1332,3,2,1,60,3,2,1
183/140,32,1820,2,2,1,32,2,2,1
2417/1848,14,2310,2,1,1,14,2,1,1
157/120,52,1640,3,3,1,52,3,3,1
72/55,28,2310,3,3,1,28,3,3,1
827/630,28,4410,3,1,1,28,3,1,1
473/360,32,4680,2,1,1,32,2,1,1
46/35,48,5565,3,1,1,48,3,1,1
221/168,57,3192,3,2,1,57,3,2,1
2027/1540,13,2310,2,1,1,13,2,1,1
79/60,96,3660,3,3,1,96,3,3,1
29/22,48,4422,2,2,1,48,2,2,1
95/72,67,5256,3,2,1,67,3,2,1
37/28,86,7140,3,2,1,86,3,2,1
916/693,23,20097,2,1,1,23,2,1,1
119/90,78,8190,3,2,1,78,3,2,1
139/105,66,11130,3,2,1,66,3,2,1
53/40,107,14520,3,2,1,107,3,2,1
175/132,78,17556,2,2,1,78,2,2,1
239/180,107,32580,3,2,1,107,3,2,1
335/252,113,63756,3,2,1,113,3,2,1
479/360,133,129960,3,2,1,133,3,2,1
373/280,227,706440,3,2,1,227,3,2,1
3079/2310,263,5338410,2,2,1,263,2,2,1
4/3,105,1806,3,3,2,105,3,3,2
587/440,12,3080,3,1,1,12,3,1,1
241/180,40,13860,3,2,1,40,3,2,1
75/56,41,3192,3,3,1,41,3,3,1
1061/792,15,10296,2,1,1,15,2,1,1
563/420,50,24360,2,2,1,50,2,2,1
161/120,56,10920,3,2,1,56,3,2,1
310/231,24,4422,2,2,1,24,2,2,1
443/330,22,78540,2,2,1,22,2,2,1
121/90,57,24885,3,3,1,57,3,3,1
424/315,46,8190,2,2,1,46,2,2,1
97/72,61,50904,2,2,1,61,2,2,1
283/210,41,11130,3,2,1,41,3,2,1
2669/1980,17,13860,2,1,1,17,2,1,1
1247/924,42,17556,2,2,1,42,2,2,1
27/20,98,19740,3,3,1,98,3,3,1
1783/1320,20,7392,2,1,1,20,2,1,1
341/252,73,63756,3,2,1,73,3,2,1
134/99,44,96327,3,2,1,44,3,2,1
61/45,125,397530,3,3,1,125,3,3,1
19/14,70,3192,3,2,2,70,3,2,2
163/120,72,3960,3,3,1,72,3,3,1
299/220,32,27720,3,2,1,32,3,2,1
359/264,32,6600,3,2,1,32,3,2,1
49/36,86,5256,3,3,1,86,3,3,1
491/360,62,8190,3,2,1,62,3,2,1
191/140,50,13160,3,3,1,50,3,3,1
1351/990,27,3960,3,1,1,27,3,1,1
1147/840,43,24360,3,2,1,43,3,2,1
526/385,20,14168,2,1,1,20,2,1,1
41/30,120,14520,3,3,1,120,3,3,1
361/264,57,17556,3,2,1,57,3,2,1
301/220,39,64680,3,1,1,39,3,1,1
691/504,72,63756,2,2,1,72,2,2,1
48/35,80,78680,3,3,1,80,3,3,1
247/180,132,129960,3,3,1,132,3,3,1
423/308,63,380072,3,2,1,63,3,2,1
136/99,86,628056,2,2,1,86,2,2,1
577/420,142,706440,3,2,1,142,3,2,1
11/8,117,5256,3,3,2,117,3,3,2
227/165,44,6930,3,2,1,44,3,2,1
62/45,83,15840,3,3,1,83,3,3,1
869/630,42,11130,3,2,1,42,3,2,1
29/21,100,16002,3,3,1,100,3,3,1
547/396,61,17556,3,2,1,61,3,2,1
387/280,52,24360,3,3,1,52,3,3,1
83/60,156,32580,3,3,1,156,3,3,1
609/440,40,75240,3,2,1,40,3,2,1
457/330,66,122760,3,3,1,66,3,3,1
349/252,82,63756,3,2,1,82,3,2,1
25/18,124,8190,3,3,2,124,3,3,2
389/280,39,13160,3,1,1,39,3,1,1
146/105,69,11130,3,3,1,69,3,3,1
857/616,32,14168,2,2,1,32,2,2,1
167/120,114,14520,3,3,1,114,3,3,1
919/660,78,17556,3,3,1,78,3,3,1
46/33,86,27390,3,3,1,86,3,3,1
1759/1260,72,63756,3,3,1,72,3,3,1
503/360,108,129960,3,3,1,108,3,3,1
692/495,73,245520,3,3,1,73,3,3,1
235/168,178,706440,3,3,1,178,3,3,1
3233/2310,155,5338410,3,3,1,155,3,3,1
7/5,164,12210,3,3,2,164,3,3,2
