U,V,primitive,R,P1,P3
3 10 15 30,4 5 21 28,1,8/15,58,31402
6 20 30 60,8 10 42 56,0,4/15,116,251216
7 15 50 75,9 10 56 72,1,17/70,147,550593
7 21 44 77,9 12 56 72,1,19/84,149,551321
10 21 44 77,12 15 50 75,1,11/60,152,551978
7 26 39 78,9 13 56 72,1,20/91,150,551790
10 26 39 78,13 15 50 75,1,23/130,153,552447
12 26 39 78,13 21 44 77,1,25/156,155,553175
11 33 44 84,14 18 63 77,1,12/77,172,715156
9 30 45 90,12 15 63 84,0,8/45,174,847854
6 22 63 99,7 14 78 91,1,5/21,190,1231210
6 25 60 100,7 15 78 91,1,7/30,191,1231841
14 25 60 100,15 22 63 99,1,29/210,199,1234369
6 34 51 102,7 17 78 91,1,23/102,193,1233379
14 34 51 102,17 22 63 99,1,31/238,201,1235907
15 34 51 102,17 25 60 100,1,32/255,202,1236538
12 40 60 120,16 20 84 112,0,2/15,232,2009728
