S,triads,distinct_R,pairs,M_eff,candidate_R,same_den_pairs,P_null,median_den_over_S3,frac_den_below_S2
200,3233,3228,5,1045228.9,26685414621.85029,633,2.3648932401583416,0.003887,0.5422208475100526
400,13133,13125,8,10779730.5625,1707866535798.4185,2181,2.138012937112734,0.003836,0.41833549074849613
600,29700,29687,13,33926538.461538464,19453667259328.85,4493,2.5365185897570655,0.005082009259259259,0.3234343434343434
800,52933,52920,14,100067946.03571428,109303458291098.78,6967,1.934995718031324,0.0037799765625,0.3124326979389039
1200,119400,119376,24,297007500.0,1245034704597046.5,14440,2.2069222803271886,0.005014554398148148,0.237428810720268
1600,212533,212508,26,868659155.5576923,6995421330630322.0,21444,1.543546668874059,0.00375565185546875,0.2268730032512598
2000,332333,332316,17,3248388908.5,2.6685414621850268e+16,29587,1.2994544565978854,0.00374013875,0.2037384189954052
3000,748500,748459,41,6832344512.195122,3.039635509270133e+17,61128,1.6067534004157653,0.004985953962962963,0.15607348029392118
4000,1331333,1331303,31,28587863820.79032,1.7078665357984172e+18,86030,0.9927340938714536,0.0037323235625,0.14355687119601182
4800,1917600,1917542,59,31162625084.74576,5.099662150029502e+18,126681,1.380938557882893,0.0049774731897424766,0.12147319566124322
