line1,line2,phi,map_degree,pairs_S_le_max,in_data,dual_family
"(0, 1, -7)","(0, 7, -1)","(0, 7, 1, 0)",2,139,139,True
"(0, 1, -6)","(0, 6, -1)","(0, 6, 1, 0)",2,135,135,True
"(0, 1, -5)","(0, 5, -1)","(0, 5, 1, 0)",2,152,152,True
"(0, 1, -4)","(0, 4, -1)","(0, 4, 1, 0)",2,271,271,True
"(0, 1, -3)","(0, 3, -1)","(0, 3, 1, 0)",2,258,258,True
"(0, 1, -2)","(0, 2, -1)","(0, 2, 1, 0)",2,365,365,True
"(0, 1, -1)","(0, 1, -1)","(0, 1, 1, 0)",2,506,506,True
"(0, 2, -7)","(0, 7, -2)","(0, 14, 1, 0)",2,86,86,True
"(0, 2, -5)","(0, 5, -2)","(0, 10, 1, 0)",2,182,182,True
"(0, 2, -3)","(0, 3, -2)","(0, 6, 1, 0)",2,210,210,True
"(0, 3, -7)","(0, 7, -3)","(0, 21, 1, 0)",2,74,74,True
"(0, 3, -5)","(0, 5, -3)","(0, 15, 1, 0)",2,133,133,True
"(0, 3, -4)","(0, 4, -3)","(0, 12, 1, 0)",2,131,131,True
"(0, 4, -7)","(0, 7, -4)","(0, 28, 1, 0)",2,91,91,True
"(0, 4, -5)","(0, 5, -4)","(0, 20, 1, 0)",2,92,92,True
"(0, 5, -7)","(0, 7, -5)","(0, 35, 1, 0)",2,53,53,True
"(0, 5, -6)","(0, 6, -5)","(0, 30, 1, 0)",2,124,124,True
"(0, 6, -7)","(0, 7, -6)","(0, 42, 1, 0)",2,51,51,True
