S,p1,q1,r1,p2,q2,r2,R_num,R_den
18,2,8,8,3,3,12,3,4
20,4,8,8,5,5,10,1,2
26,4,10,12,5,6,15,13,30
31,4,9,18,5,6,20,5,12
32,4,14,14,5,7,20,11,28
34,6,14,14,7,9,18,13,42
35,5,15,15,7,7,21,1,3
37,2,15,20,3,4,30,37,60
38,3,14,21,4,6,28,19,42
39,7,14,18,9,9,21,17,63
42,9,15,18,10,12,20,7,30
43,4,15,24,5,8,30,43,120
45,3,21,21,5,5,35,3,7
53,3,20,30,4,7,42,5,12
55,7,20,28,10,10,35,8,35
56,14,21,21,16,16,24,1,6
57,6,15,36,8,9,40,47,180
58,9,14,35,10,12,36,19,90
61,5,21,35,7,9,45,29,105
63,6,24,33,8,11,44,21,88
66,11,22,33,12,18,36,1,6
69,14,20,35,15,18,36,3,20
71,5,22,44,8,8,55,59,220
73,5,28,40,7,10,56,73,280
75,9,30,36,10,20,45,31,180
77,7,35,35,11,11,55,1,5
79,14,30,35,15,24,40,2,15
82,7,30,45,8,18,56,25,126
83,7,38,38,8,19,56,26,133
85,4,21,60,5,10,70,11,35
87,7,35,45,9,15,63,61,315
88,7,39,42,10,13,65,5,26
89,4,40,45,5,12,72,107,360
91,3,40,48,5,6,80,91,240
92,8,40,44,11,15,66,19,110
94,9,40,45,10,24,60,19,120
95,5,35,55,7,11,77,19,77
97,7,42,48,9,16,72,3,16
98,2,36,60,3,5,90,49,90
101,3,35,63,5,6,90,17,45
103,10,45,48,15,16,72,103,720
107,5,30,72,8,9,90,89,360
109,9,45,55,11,21,77,5,33
113,8,28,77,11,14,88,107,616
118,8,55,55,10,20,88,71,440
121,9,28,84,10,21,90,10,63
127,10,40,77,11,28,88,85,616
131,3,32,96,5,6,120,3,8
133,3,40,90,4,9,120,133,360
134,20,44,70,22,35,77,67,770
137,9,56,72,12,20,105,1,7
139,4,63,72,5,14,120,47,168
141,15,36,90,20,22,99,19,180
143,11,44,88,13,26,104,1,8
145,20,50,75,24,33,88,1,12
147,12,45,90,14,28,105,7,60
149,14,63,72,20,24,105,17,168
151,8,63,80,9,30,112,773,5040
153,10,39,104,13,20,120,211,1560
157,9,40,108,10,27,120,157,1080
161,26,65,70,35,35,91,31,455
163,28,63,72,33,42,88,11,168
167,13,63,91,15,35,117,85,819
169,4,77,88,7,8,154,169,616
177,9,56,112,12,21,144,139,1008
179,3,88,88,4,10,165,47,132
181,11,60,110,12,39,130,7,60
187,17,68,102,22,33,132,1,12
191,15,66,110,22,26,143,1,11
193,6,68,119,8,17,168,271,1428
197,22,35,140,26,28,143,25,308
201,6,91,104,7,26,168,409,2184
205,36,52,117,40,45,120,1,18
209,11,99,99,19,19,171,1,9
211,8,91,112,13,16,182,211,1456
221,25,96,100,32,45,144,29,480
227,44,84,99,45,77,105,31,693
229,8,65,156,10,24,195,229,1560
230,21,44,165,22,40,168,353,4620
233,9,48,176,11,24,198,109,792
239,9,69,161,14,18,207,191,1449
241,11,65,165,13,33,195,241,2145
247,12,75,160,15,32,200,247,2400
250,42,88,120,55,55,140,67,1540
253,8,105,140,10,27,216,17,120
257,7,75,175,11,15,231,17,105
263,10,46,207,15,18,230,131,1035
269,9,117,143,13,22,234,163,1287
271,5,126,140,9,10,252,271,1260
277,27,90,160,32,56,189,47,864
281,20,105,156,21,78,182,6,91
283,10,130,143,11,52,220,82,715
287,40,104,143,44,78,165,119,2860
289,9,72,208,10,39,240,27,208
293,7,88,198,8,33,252,883,5544
295,39,126,130,45,75,175,13,315
297,8,102,187,11,22,264,37,264
299,11,112,176,12,56,231,65,616
311,11,80,220,17,22,272,19,176
313,7,126,180,9,24,280,197,1260
317,18,92,207,23,42,252,59,828
319,30,85,204,33,66,220,1,20
323,23,120,180,24,92,207,95,1656
325,36,85,204,50,50,225,2,45
331,42,85,204,44,77,210,17,420
335,36,99,200,40,75,220,283,6600
337,14,85,238,17,40,280,52,595
343,7,84,252,10,18,315,10,63
346,21,150,175,22,99,225,3,50
347,9,65,273,14,18,315,41,315
349,26,143,180,40,45,264,101,1980
353,11,132,210,15,30,308,159,1540
357,17,153,187,27,33,297,7,99
359,7,112,240,8,36,315,131,840
361,4,85,272,5,16,340,361,1360
367,6,57,304,7,24,336,3,16
369,6,99,264,8,19,342,13,72
373,9,112,252,10,48,315,125,1008
377,13,182,182,14,77,286,8,91
379,5,119,255,7,15,357,379,1785
383,7,168,208,8,39,336,671,4368
389,14,100,275,15,66,308,131,1540
391,16,105,270,27,28,336,229,3024
397,6,187,204,11,12,374,397,2244
398,20,126,252,33,35,330,13,210
401,16,154,231,21,44,336,271,3696
409,13,84,312,21,24,364,67,728
413,23,138,252,28,63,322,317,5796
419,14,195,210,20,35,364,37,455
421,16,85,320,17,64,340,421,5440
431,32,189,210,35,108,288,1249,30240
433,17,144,272,19,72,342,5,72
437,45,176,216,60,80,297,773,23760
439,34,120,285,40,76,323,533,12920
443,15,168,260,16,91,336,167,2184
446,4,156,286,6,11,429,223,858
449,12,65,372,15,31,403,613,6045
451,26,119,306,36,51,364,698,13923
457,22,160,275,25,80,352,487,8800
461,55,175,231,77,84,300,163,5775
463,15,133,315,19,45,399,463,5985
467,19,168,280,30,38,399,124,1995
469,24,160,285,32,57,380,469,9120
479,11,88,380,19,20,440,877,8360
487,18,84,385,22,45,420,971,13860
491,91,140,260,95,130,266,2,91
493,9,187,297,17,17,459,55,459
499,13,135,351,15,55,429,17,195
502,60,182,260,70,117,315,71,2730
503,39,203,261,63,63,377,817,23751
509,14,210,285,15,95,399,53,665
517,10,195,312,11,66,440,13,120
519,35,220,264,36,168,315,31,840
521,26,198,297,27,143,351,181,3861
523,7,96,420,8,35,480,523,3360
529,34,187,308,35,154,340,199,5236
533,21,98,414,23,69,441,611,10143
541,12,138,391,14,51,476,19,204
547,11,96,440,12,55,480,547,5280
551,12,231,308,22,23,506,1,11
563,28,95,440,30,77,456,2839,58520
569,44,185,340,51,111,407,215,6919
571,13,248,310,20,31,520,1357,16120
575,35,260,280,44,91,440,131,3640
577,10,216,351,12,45,520,503,4680
587,11,288,288,12,80,495,155,1584
593,34,119,440,40,77,476,2099,52360
597,22,80,495,33,36,528,95,1584
599,15,144,440,16,88,495,601,7920
601,13,280,308,15,66,520,479,5720
607,25,225,357,34,63,510,253,5355
611,26,130,455,35,56,520,22,455
613,35,238,340,46,84,483,1,28
614,20,220,374,23,85,506,107,1870
617,22,133,462,28,57,532,22,399
619,21,234,364,24,91,504,179,3276
625,16,105,504,20,45,560,373,5040
631,70,119,442,85,91,455,193,7735
641,20,225,396,25,66,550,47,825
643,28,160,455,32,91,520,643,14560
647,22,130,495,36,39,572,71,1287
649,55,264,330,69,120,460,1,40
653,5,216,432,7,16,630,149,720
659,13,152,494,19,32,608,13,152
661,15,286,360,16,117,528,751,10296
667,19,306,342,30,42,595,1,17
669,25,189,455,27,117,525,2917,61425
673,6,184,483,8,21,644,673,3864
677,33,72,572,40,52,585,43,936
683,7,312,364,8,45,630,25,168
691,26,280,385,28,143,520,1787,40040
697,22,315,360,23,168,506,95,1848
701,98,201,402,126,134,441,58,3283
709,27,297,385,33,91,585,149,3465
719,30,264,425,33,136,550,4429,112200
727,7,200,520,13,14,700,1363,9100
729,7,209,513,9,27,693,311,2079
733,19,342,372,20,155,558,65,1116
737,15,170,552,23,34,680,1163,15640
739,34,255,450,35,200,504,8,225
743,17,165,561,21,57,665,1,15
751,7,240,504,10,21,720,751,5040
753,27,348,378,28,203,522,311,7308
757,7,350,400,9,28,720,83,560
761,9,136,616,11,36,714,5659,47124
767,26,117,624,32,63,672,7,144
769,32,352,385,40,99,630,113,3080
773,21,329,423,33,47,693,157,2961
779,51,273,455,65,119,595,197,7735
787,22,297,468,33,52,702,787,15444
797,15,390,392,20,49,728,1829,25480
799,44,315,440,70,81,648,71,2520
809,14,270,525,25,28,756,52,675
811,5,156,650,6,25,780,811,3900
821,51,374,396,76,99,646,167,6732
823,18,385,420,20,110,693,839,13860
827,72,315,440,77,225,525,67,3465
829,10,234,585,13,36,780,62,585
833,63,385,385,65,273,495,73,3465
839,11,308,520,13,56,770,3847,40040
841,91,175,575,105,138,598,193,10465
853,52,351,450,78,100,675,853,35100
857,16,116,725,25,32,800,29,400
859,12,385,462,14,65,780,37,420
863,16,252,595,17,126,720,5839,85680
865,88,315,462,90,280,495,463,27720
871,19,168,684,21,90,760,575,9576
877,19,418,440,22,95,760,479,8360
881,13,273,595,17,45,819,1909,23205
883,22,168,693,28,63,792,293,5544
887,36,185,666,42,105,740,77,2220
893,18,315,560,26,48,819,61,1008
907,32,75,800,40,51,816,11,240
911,29,261,621,36,92,783,719,18009
919,9,442,468,17,18,884,919,7956
921,15,378,528,16,135,770,11843,166320
929,35,390,504,45,104,780,31,936
937,34,408,495,40,132,765,2281,67320
941,45,320,576,65,96,780,13,480
943,19,399,525,25,63,855,569,9975
947,35,147,765,51,63,833,275,7497
953,17,286,650,25,44,884,3881,60775
967,6,279,682,7,36,924,17,99
971,10,341,620,11,80,880,23,220
977,18,455,504,20,117,840,1957,32760
983,22,403,558,26,99,858,64,1287
991,19,345,627,22,95,874,1373,24035
995,26,150,819,35,60,900,73,1575
997,36,341,620,40,165,792,16,495
1003,25,378,600,28,135,840,67,1512
1009,45,482,482,48,241,720,286,10845
1013,12,273,728,14,63,936,193,2184
1019,19,240,760,20,144,855,53,912
1021,42,385,594,45,220,756,292,10395
1031,43,344,644,56,115,860,1535,55384
1033,19,102,912,32,32,969,985,15504
1039,10,364,665,13,38,988,103,988
1049,25,100,924,27,77,945,59,1155
1051,16,440,595,17,154,880,6959,104720
1061,35,333,693,37,210,814,1411,42735
1063,55,315,693,63,175,825,79,3465
1069,11,253,805,13,55,1001,37,385
1081,27,217,837,31,105,945,251,5859
1087,20,275,792,25,72,990,1087,19800
1091,33,483,575,35,231,825,197,5775
1093,13,495,585,15,77,1001,173,2145
1097,44,228,825,70,77,950,148,5225
1103,32,396,675,33,270,800,8377,237600
1109,7,493,609,9,29,1071,1517,10353
1114,34,145,935,40,88,986,2027,54230
1115,23,195,897,25,115,975,223,4485
1117,7,270,840,9,28,1080,1117,7560
1121,26,225,870,29,117,975,3737,84825
1123,18,364,741,19,168,936,3713,62244
1129,33,352,744,44,93,992,1129,32736
1139,17,493,629,29,37,1073,67,1073
1151,35,465,651,62,66,1023,1,31
1153,65,260,828,72,184,897,55,2691
1163,24,203,936,28,91,1044,1132,23751
1171,19,228,924,21,105,1045,85,1463
1175,25,575,575,47,47,1081,1,23
1181,24,156,1001,33,56,1092,393,8008
1187,31,476,680,35,160,992,311,8680
1189,69,460,660,82,205,902,1,55
1193,24,504,665,27,140,1026,1081,23940
1201,45,187,969,57,99,1045,269,9405
1211,21,595,595,23,153,1035,13,255
1213,30,364,819,31,252,930,47,1260
1217,77,528,612,112,153,952,283,17136
1223,23,441,759,33,63,1127,5251,111573
1229,45,540,644,46,378,805,557,21735
1231,175,300,756,186,270,775,7,675
1237,18,117,1102,19,87,1131,1397,21489
1249,9,403,837,13,27,1209,1249,10881
1255,30,490,735,31,294,930,9,245
1259,55,385,819,63,195,1001,991,45045
1273,57,608,608,58,432,783,1,48
1277,38,472,767,52,104,1121,3467,116584
1279,51,614,614,54,307,918,358,15657
1283,29,435,819,35,117,1131,4513,118755
1289,64,448,777,74,216,999,17,888
1291,20,465,806,30,52,1209,1291,24180
1297,77,352,868,88,217,992,1297,76384
1301,20,183,1098,27,54,1220,619,10980
1303,11,247,1045,13,55,1235,1303,13585
1307,20,432,855,27,64,1216,439,8208
1319,39,290,990,45,143,1131,5617,186615
1321,21,475,825,25,99,1197,1863,36575
1327,22,220,1085,31,56,1240,221,4340
1357,31,520,806,52,65,1240,571,16120
1361,35,286,1040,52,77,1232,529,16016
1363,32,616,715,35,208,1120,499,14560
1367,117,550,700,120,455,792,425,36036
1373,24,608,741,30,95,1248,353,7904
1381,44,385,952,55,136,1190,1381,52360
1393,13,184,1196,14,91,1288,199,2392
1399,13,216,1170,24,25,1350,89,1080
1409,57,440,912,60,304,1045,1049,50160
1421,46,110,1265,56,77,1288,8,253
1423,46,112,1265,55,80,1288,4457,141680
1427,36,104,1287,52,55,1320,131,3432
1429,10,495,924,15,28,1386,1429,13860
1433,55,418,960,57,320,1056,4337,200640
1439,19,280,1140,35,36,1368,911,15960
1447,39,693,715,55,105,1287,1283,45045
1451,126,380,945,140,285,1026,167,14364
1453,23,280,1150,25,140,1288,1543,32200
1459,14,255,1190,15,114,1330,8,105
1471,14,470,987,15,140,1316,368,4935
1481,26,585,870,29,165,1287,701,16965
1483,25,72,1386,28,55,1400,841,15400
1487,24,551,912,38,57,1392,393,8816
1489,31,528,930,44,85,1360,31,880
1493,14,85,1394,17,41,1435,2047,24395
1499,36,475,988,39,225,1235,1717,55575
1511,11,380,1120,16,32,1463,4421,46816
1523,35,403,1085,63,65,1395,451,14105
1531,35,320,1176,40,147,1344,1531,47040
1535,39,612,884,44,204,1287,113,3978
1541,20,715,806,22,155,1364,359,6820
1543,25,230,1288,28,115,1400,1453,32200
1549,65,560,924,77,224,1248,877,48048
1553,45,725,783,58,145,1350,487,19575
1559,20,684,855,38,39,1482,1,19
1561,21,231,1309,22,153,1386,69,1309
1567,66,665,836,105,132,1330,1567,87780
1571,50,273,1248,75,96,1400,137,5600
1579,130,644,805,160,299,1120,439,41860
1583,75,408,1100,88,220,1275,1873,112200
1597,6,259,1332,7,36,1554,1597,9324
1601,14,391,1196,26,28,1547,463,6188
1607,34,638,935,60,68,1479,79,2465
1609,34,504,1071,36,264,1309,277,8568
1613,26,667,920,40,65,1508,619,15080
1619,23,552,1044,24,261,1334,2221,48024
1621,21,616,984,22,246,1353,68,1353
1627,40,207,1380,54,88,1485,11,360
1637,116,377,1144,152,209,1276,31,2552
1657,19,308,1330,22,95,1540,1657,29260
1663,13,610,1040,16,61,1586,1009,12688
1667,42,585,1040,44,336,1287,347,13104
1669,24,700,945,40,54,1575,1669,37800
1671,24,117,1530,26,85,1560,1349,26520
1681,36,693,952,56,85,1540,317,10472
1693,12,615,1066,13,120,1560,67,780
1697,23,189,1485,33,54,1610,11821,239085
1699,25,504,1170,26,273,1400,2339,54600
1709,15,209,1485,27,29,1653,37,513
1711,39,437,1235,45,171,1495,2449,85215
1721,39,812,870,56,105,1560,51,1820
1723,183,748,792,198,488,1037,6623,821304
1733,17,288,1428,18,147,1568,127,2016
1741,25,780,936,26,315,1400,991,23400
1747,55,504,1188,70,165,1512,1747,83160
1753,52,546,1155,70,143,1540,439,20020
1757,19,560,1178,20,217,1520,18229,329840
1759,40,648,1071,42,340,1377,5297,192780
1777,39,308,1430,42,195,1540,1777,60060
1783,15,760,1008,16,171,1596,1321,19152
1787,77,665,1045,91,266,1430,113,7315
1789,39,650,1100,40,429,1320,241,8580
1801,94,720,987,99,470,1232,3089,236880
1811,40,275,1496,51,110,1650,137,4675
1823,54,549,1220,81,122,1620,697,32940
1831,46,336,1449,63,112,1656,589,23184
1847,65,495,1287,87,165,1595,1,55
1861,85,552,1224,90,391,1380,1013,70380
1867,52,455,1360,85,102,1680,211,9520
1871,11,540,1320,12,104,1755,101,1080
1873,10,123,1740,11,58,1804,517,4756
1877,28,473,1376,40,77,1760,95,2464
1879,111,340,1428,119,280,1480,557,44030
1889,13,364,1512,14,120,1755,1579,19656
1901,220,779,902,286,380,1235,29,4180
1903,54,688,1161,55,528,1320,1,48
1907,22,455,1430,35,52,1820,22,455
1913,9,164,1740,10,58,1845,6302,53505
1927,22,825,1080,27,100,1800,257,5400
1931,56,315,1560,76,126,1729,71,3276
1933,45,588,1300,50,245,1638,3539,143325
1943,32,663,1248,39,136,1768,89,2652
1949,29,180,1740,35,87,1827,53,1305
1951,13,950,988,25,26,1900,1951,24700
1973,18,437,1518,23,69,1881,2531,43263
1979,55,819,1105,65,231,1683,15551,765765
1987,55,777,1155,63,259,1665,79,3885
1993,21,168,1804,22,123,1848,1367,25256
1997,72,539,1386,77,352,1568,71,4312
1999,19,924,1056,21,154,1824,2559,46816
2003,48,920,1035,65,144,1794,379,16560
2011,35,429,1547,39,187,1785,8053,255255
2017,28,561,1428,33,136,1848,50,1309
2027,39,203,1785,51,91,1885,20947,672945
2029,14,651,1364,15,154,1860,2111,28644
2039,15,440,1584,16,153,1870,551,7920
2053,91,532,1430,95,418,1540,397,29260
2063,35,208,1820,40,119,1904,19,560
2069,36,988,1045,45,143,1881,3637,122265
2081,33,992,1056,56,72,1953,1,31
2083,35,768,1280,39,224,1820,103,3360
2087,27,540,1520,30,176,1881,541,13680
2089,39,984,1066,41,384,1664,353,12792
2099,42,374,1683,51,144,1904,29,1071
2111,54,594,1463,63,224,1824,25,1197
2113,45,693,1375,63,125,1925,2113,86625
2129,43,280,1806,72,77,1980,23,840
2131,108,459,1564,115,360,1656,5,414
2137,63,520,1554,80,185,1872,3193,173160
2141,25,230,1886,41,50,2050,46,1025
2143,31,528,1584,36,154,1953,427,12276
2149,82,468,1599,91,294,1764,7,468
2153,39,728,1386,63,88,2002,1999,72072
2161,70,451,1640,77,280,1804,2161,126280
2179,37,810,1332,54,100,2025,47,1620
2189,57,650,1482,68,221,1900,122,6175
2203,18,950,1235,19,234,1950,3191,55575
2207,65,595,1547,91,161,1955,137,7735
2209,84,675,1450,116,203,1890,1543,109620
2213,26,819,1368,35,88,2090,43,1064
2221,12,940,1269,16,45,2160,23,270
2237,39,182,2016,45,112,2080,829,26208
2239,42,507,1690,43,390,1806,12,455
2243,39,468,1736,42,248,1953,443,15624
2249,40,282,1927,41,240,1968,143,4920
2251,111,1036,1104,112,851,1288,1037,95312
2267,56,1071,1140,57,680,1530,2287,116280
2269,14,1107,1148,27,28,2214,2269,30996
2273,19,161,2093,23,65,2185,337,5681
2281,45,396,1840,48,253,1980,4607,182160
2287,21,264,2002,26,77,2184,1247,24024
2293,16,621,1656,18,115,2160,643,9936
2297,65,945,1287,75,297,1925,179,10395
2303,70,945,1288,72,621,1610,2803,173880
2309,34,575,1700,47,100,2162,73,2300
2311,34,288,1989,36,195,2080,125,3744
2333,45,200,2088,58,100,2175,241,8700
2339,44,645,1650,60,129,2150,107,4300
2341,66,273,2002,81,154,2106,58,3003
2347,18,340,1989,20,117,2210,2347,39780
2351,90,1001,1260,154,169,2028,155,12012
2357,66,1026,1265,69,540,1748,998,58995
2371,76,1071,1224,77,798,1496,809,54264
2377,78,209,2090,81,190,2106,67,3705
2381,82,836,1463,86,532,1763,307,21812
2383,84,570,1729,95,312,1976,211,14820
2389,44,924,1421,45,580,1764,209,8526
2393,132,935,1326,143,550,1700,457,48620
2399,124,1085,1190,136,527,1736,145,14756
2411,116,783,1512,117,728,1566,463,43848
2417,129,1092,1196,138,602,1677,2566,269997
2419,70,285,2064,76,215,2128,8363,457520
2423,92,836,1495,143,190,2090,173,13585
2437,23,459,1955,27,115,2295,2437,52785
2441,65,936,1440,76,285,2080,107,6240
2447,91,1116,1240,104,390,1953,12889,1015560
2453,11,429,2013,13,61,2379,223,2379
2459,27,704,1728,28,352,2079,371,9504
2467,10,297,2160,11,80,2376,2467,23760
2473,25,680,1768,28,170,2275,929,22100
2477,45,200,2232,62,90,2325,193,6975
2503,74,616,1813,88,259,2156,2503,159544
2521,77,715,1729,91,285,2145,1423,95095
2531,48,1040,1443,74,117,2340,649,28860
2539,37,1170,1332,40,315,2184,67,2340
2543,20,928,1595,35,44,2464,91,1760
2549,30,1040,1479,34,195,2320,53791,1538160
2551,41,460,2050,46,205,2300,2551,94300
2557,22,1105,1430,34,58,2465,4,85
2579,86,831,1662,90,554,1935,160,11911
2587,46,462,2079,47,378,2162,106,4347
2591,26,171,2394,30,91,2470,232,5187
2593,37,1224,1332,45,168,2380,35,1224
2609,144,870,1595,165,464,1980,2003,229680
2617,75,492,2050,76,451,2090,13,820
2621,46,515,2060,47,412,2162,229,9476
2633,68,1197,1368,120,133,2380,883,54264
2647,39,216,2392,46,117,2484,991,32292
2657,11,1260,1386,12,115,2530,61,660
2659,33,910,1716,35,336,2288,1921,60060
2663,55,1288,1320,56,759,1848,419,21252
2671,95,931,1645,133,235,2303,2671,218785
2677,55,598,2024,65,220,2392,2677,131560
2683,28,945,1710,42,76,2565,2683,71820
2687,65,399,2223,95,135,2457,1427,77805
2689,25,189,2475,27,121,2541,95,2079
2693,75,1050,1568,96,245,2352,117,7840
2699,14,840,1845,15,164,2520,7559,103320
2707,38,969,1700,57,100,2550,2707,96900
2711,110,646,1955,115,506,2090,268,24035
2713,45,1288,1380,47,504,2162,275,11592
2719,94,665,1960,112,304,2303,4429,350056
2729,360,1134,1235,405,728,1596,25037,5601960
2731,52,456,2223,64,171,2496,389,17784
2741,116,725,1900,140,340,2261,1,95
2747,56,1008,1683,68,231,2448,3665,188496
2749,44,1265,1440,46,495,2208,8821,364320
2753,26,153,2574,33,68,2652,331,7293
2761,88,957,1716,116,253,2392,431,33176
2767,40,675,2052,50,152,2565,2767,102600
2773,133,855,1785,170,342,2261,941,101745
2777,63,1265,1449,115,121,2541,461,26565
2785,35,1000,1750,48,112,2625,211,7000
2789,77,952,1760,85,416,2288,437,29920
2791,52,594,2145,55,360,2376,127,5940
2797,77,432,2288,88,252,2457,3403,216216
2801,49,344,2408,50,301,2450,50,2107
2803,42,528,2233,48,203,2552,2803,107184
2819,36,1155,1628,40,259,2520,341,11655
2833,28,1188,1617,33,154,2646,541,14553
2837,47,910,1880,65,140,2632,3919,171080
2843,84,1023,1736,93,440,2310,257,19096
2851,91,1275,1485,119,275,2457,142969,11486475
2857,7,400,2450,8,49,2800,2857,19600
2861,56,495,2310,77,144,2640,563,27720
2879,70,1325,1484,104,175,2600,11,700
2887,14,1001,1872,16,99,2772,809,11088
2897,102,765,2030,145,232,2520,106,9135
2899,31,930,1938,35,204,2660,164,4845
2903,108,1040,1755,120,495,2288,101,9360
2909,21,665,2223,26,93,2790,29,585
2917,68,962,1887,117,136,2664,1597,98124
2927,37,1275,1615,57,95,2775,1499,52725
2939,49,1224,1666,56,279,2604,11,504
2941,50,616,2275,55,286,2600,631,28600
2953,41,1148,1764,49,198,2706,467,18081
2957,119,1326,1512,161,312,2484,193,19656
2963,39,1104,1820,42,345,2576,349,12880
2969,26,1287,1656,40,69,2860,3145,78936
2971,46,441,2484,49,276,2646,2971,121716
2999,51,1265,1683,55,414,2530,239,11385
3001,12,784,2205,16,45,2940,3001,35280
3011,96,1155,1760,140,231,2640,73,6160
3019,99,792,2128,112,399,2508,277,23408
3023,217,966,1840,240,644,2139,7411,1197840
3037,133,1232,1672,154,496,2387,1,112
3041,108,368,2565,115,304,2622,1297,104880
3049,19,990,2040,22,120,2907,69239,1279080
3061,91,693,2277,117,253,2691,127,9867
3067,42,253,2772,52,117,2898,163,5796
3079,76,1008,1995,98,245,2736,1403,95760
3083,38,1218,1827,58,99,2926,961,34713
3089,114,1425,1550,125,589,2375,149,14725
3109,31,288,2790,40,93,2976,179,4960
3119,116,819,2184,144,336,2639,1957,190008
3121,16,160,2945,19,62,3040,6511,94240
3137,50,637,2450,65,160,2912,2,91
3149,47,1034,2068,67,134,2948,1,44
3163,17,1463,1683,18,238,2907,1223,20349
3167,39,1139,1989,67,85,3015,277,10251
3169,180,1365,1624,182,1160,1827,937,135720
3181,126,1295,1760,165,352,2664,5437,586080
3187,100,392,2695,112,275,2800,199,15400
3191,55,1288,1848,66,250,2875,74,3795
3203,161,1170,1872,207,420,2576,881,115920
3209,35,414,2760,63,66,3080,79,2520
3217,55,1160,2002,58,520,2639,2063,105560
3221,23,1105,2093,25,221,2975,347,7735
3229,44,385,2800,50,187,2992,113,4400
3251,40,572,2639,55,116,3080,2423,89320
3253,55,1196,2002,56,805,2392,817,41860
3257,77,408,2772,112,153,2992,1489,94248
3259,80,204,2975,100,135,3024,149,8400
3263,63,1400,1800,84,204,2975,3,175
3271,120,1495,1656,126,805,2340,517,53820
3287,95,1368,1824,108,459,2720,17,1440
3299,65,819,2415,75,299,2925,229,13455
3301,51,1105,2145,52,741,2508,3,143
3307,39,1045,2223,55,117,3135,3307,122265
3313,63,1300,1950,65,728,2520,281,16380
3319,70,855,2394,119,140,3060,1,63
3323,30,333,2960,34,144,3145,977,26640
3329,46,1190,2093,65,136,3128,586,25415
3331,14,496,2821,16,91,3224,3331,45136
3343,123,350,2870,164,204,2975,244,21525
3347,99,440,2808,117,260,2970,983,77220
3359,23,1251,2085,27,135,3197,6439,143865
3361,49,736,2576,64,161,3136,799,36064
3371,55,1496,1820,56,884,2431,2641,136136
3373,33,1140,2200,38,200,3135,3967,125400
3377,17,640,2720,19,128,3230,661,10880
3383,144,711,2528,153,544,2686,199,22752
3389,100,374,2915,106,308,2975,12901,991100
3391,52,1584,1755,55,528,2808,6311,308880
3407,77,1638,1692,117,188,3102,3433,241956
3413,93,1584,1736,168,176,3069,4111,343728
3433,105,798,2530,165,209,3059,5639,504735
3449,204,525,2720,224,425,2800,683,95200
3457,25,975,2457,27,245,3185,509,12285
3461,80,1428,1953,144,155,3162,5203,379440
3463,40,1575,1848,63,100,3300,907,34650
3467,44,1638,1785,45,770,2652,73201,3063060
3469,39,1560,1870,66,88,3315,7823,291720
3481,79,1512,1890,84,632,2765,919,66360
3491,91,280,3120,99,224,3168,5,336
3499,15,1144,2340,22,45,3432,3499,51480
3511,51,420,3040,57,224,3230,24221,1085280
3517,87,994,2436,142,180,3195,11,852
3527,44,183,3300,50,122,3355,478,16775
3529,154,1575,1800,165,812,2552,71,9240
3533,129,740,2664,215,222,3096,5429,572760
3539,55,572,2912,56,480,3003,3247,160160
3541,56,1140,2345,57,804,2680,2927,152760
3547,117,1610,1820,120,1035,2392,523,53820
3557,57,840,2660,76,177,3304,61,3192
3559,78,1534,1947,91,374,3094,2,143
3571,87,1742,1742,90,871,2610,958,75777
3581,77,644,2860,110,182,3289,1714,115115
3583,99,195,3289,115,153,3315,209,13455
3593,55,1305,2233,57,665,2871,1949,100485
3607,56,954,2597,72,196,3339,3607,186984
3613,85,1488,2040,93,544,2976,109,8432
3617,68,1547,2002,98,187,3332,83,5236
3623,95,756,2772,108,380,3135,689,56430
3631,26,420,3185,40,63,3528,121,2940
3637,85,560,2992,88,455,3094,727,52360
3643,99,1344,2200,128,315,3200,1139,100800
3659,29,1056,2574,32,234,3393,3889,108576
3671,61,560,3050,80,175,3416,3161,170800
3673,135,1769,1769,145,783,2745,2039,238815
3677,52,1155,2470,56,429,3192,4679,228228
3691,65,260,3366,72,187,3432,1709,87516
3697,49,1296,2352,52,486,3159,7,324
3701,91,1729,1881,117,308,3276,109,9009
3709,24,825,2860,30,104,3575,3709,85800
3719,152,1173,2394,168,644,2907,29389,3744216
3727,52,1785,1890,53,918,2756,485,23868
3733,165,1188,2380,170,945,2618,1294,176715
3739,34,1716,1989,36,414,3289,157,5148
3761,161,1035,2565,189,513,3059,625,82593
3767,55,1276,2436,57,665,3045,59,3045
3769,7,369,3393,9,29,3731,142039,973791
3779,39,1430,2310,50,154,3575,134,5005
3781,19,1710,2052,24,85,3672,29,540
3791,70,305,3416,88,161,3542,1,56
3793,30,568,3195,36,136,3621,181,5112
3797,24,1764,2009,35,72,3690,883,20664
3803,30,1595,2178,33,261,3509,1087,31581
3821,70,825,2926,76,420,3325,158,9975
3823,66,1870,1887,72,495,3256,3,185
3833,112,427,3294,135,258,3440,5,432
3847,28,134,3685,40,55,3752,4483,103180
3851,44,1880,1927,55,188,3608,20161,847880
3853,15,1798,2040,17,116,3720,124183,1833960
3863,35,1798,2030,56,87,3720,932,31465
3877,13,952,2912,17,52,3808,3877,49504
3881,140,1050,2691,156,575,3150,15949,1883700
3889,132,1292,2465,165,418,3306,796,90915
3899,55,899,2945,59,418,3422,119,6061
3907,32,1891,1984,61,64,3782,3907,121024
3911,23,1836,2052,24,391,3496,992,22287
3917,53,1638,2226,90,117,3710,865,43407
3919,65,1222,2632,91,188,3640,2837,171080
3923,36,1235,2652,51,110,3762,421,14535
3929,16,473,3440,17,172,3740,307,4730
3931,88,915,2928,96,480,3355,687,53680
3943,68,1275,2600,72,595,3276,421,26520
3947,93,1064,2790,140,216,3591,577,47880
3953,125,1540,2288,143,560,3250,18191,2002000
3967,40,1848,2079,55,132,3780,541,20790
3979,42,889,3048,65,104,3810,77,3048
3989,102,637,3250,125,294,3570,3649,312375
3991,15,1176,2800,21,50,3920,3991,58800
4001,30,646,3325,36,140,3825,314,8925
4003,51,928,3024,87,108,3808,62663,2981664
4007,132,770,3105,189,276,3542,1759,191268
4013,77,1344,2592,88,405,3520,805,57024
4019,99,224,3696,132,143,3744,47,3168
4021,45,1120,2856,60,153,3808,4021,171360
4027,77,1155,2795,78,946,3003,1835,129129
4049,45,819,3185,49,325,3675,227,9555
4051,138,348,3565,145,310,3596,187,17980
4057,105,1972,1980,165,238,3654,17998,1708245
4073,78,1785,2210,102,266,3705,107,7735
4079,174,1305,2600,203,600,3276,4681,678600
4091,44,1704,2343,66,120,3905,445,18744
4093,63,558,3472,68,336,3689,187,10416
4099,46,1449,2604,69,124,3906,4099,179676
4111,86,1495,2530,143,184,3784,1795,141427
4127,56,200,3871,79,98,3950,2237,96775
4129,104,1568,2457,189,196,3744,5867,550368
4133,58,815,3260,59,652,3422,355,18908
4139,121,1210,2808,135,572,3432,1459,154440
4153,22,391,3740,23,220,3910,4153,86020
4157,72,1160,2925,87,300,3770,569,37700
4159,43,504,3612,45,330,3784,79,3096
4177,30,1015,3132,54,63,4060,3797,109620
4201,12,885,3304,15,56,4130,4201,49560
4211,86,429,3696,91,336,3784,29399,2066064
4217,189,1463,2565,205,855,3157,419,65835
4219,33,490,3696,35,264,3920,4219,129360
4229,24,812,3393,30,104,4095,283,6552
4231,84,1885,2262,114,260,3857,2039,158340
4237,51,1326,2860,55,442,3740,1007,48620
4241,42,1007,3192,45,380,3816,607,24168
4243,147,1216,2880,154,855,3234,334,41895
4253,224,1309,2720,238,935,3080,293,52360
4259,70,1349,2840,88,266,3905,5809,377720
4261,56,1595,2610,70,231,3960,523,27720
4267,119,918,3230,130,546,3591,176,17955
4271,39,1449,2783,55,121,4095,2645,99099
4273,87,1750,2436,98,500,3675,131,10500
4283,123,1577,2583,133,747,3403,37277,4073391
4289,39,1325,2925,65,90,4134,829,31005
4297,62,693,3542,69,322,3906,802,44919
4327,50,2002,2275,52,700,3575,524,25025
4337,105,920,3312,112,585,3640,11,1008
4339,105,1044,3190,126,385,3828,4339,401940
4349,65,1764,2520,72,455,3822,3749,229320
4357,22,935,3400,25,152,4180,103,2200
4363,187,1836,2340,216,715,3432,122,19305
4373,168,1015,3190,187,616,3570,67,9240
4391,56,663,3672,77,156,4158,193,9828
4397,45,2142,2210,65,133,4199,179,7735
4409,64,1430,2915,106,143,4160,40423,2425280
4421,128,1272,3021,133,896,3392,1151,128896
4423,56,671,3696,61,336,4026,4423,225456
4441,140,1870,2431,156,715,3570,2753,340340
4447,22,1840,2585,23,376,4048,8825,190256
4451,104,1071,3276,119,456,3876,31,2856
4457,32,1785,2640,33,616,3808,4045,125664
4463,43,765,3655,45,423,3995,19,765
4481,74,1921,2486,113,187,4181,11287,781847
4483,183,430,3870,192,387,3904,190,23607
4489,114,1575,2800,118,1008,3363,187,19152
4493,91,1581,2821,93,1085,3315,1723,143871
4507,18,1742,2747,27,52,4428,271,4797
4513,119,936,3458,133,504,3876,227,23256
4517,51,1015,3451,58,294,4165,1081,51765
4519,30,268,4221,49,60,4410,47,1260
4523,34,2144,2345,35,680,3808,577,19040
4547,25,931,3591,27,245,4275,25987,628425
4549,96,793,3660,104,480,3965,4549,380640
4561,36,1105,3420,39,323,4199,365,12597
4567,36,1035,3496,45,152,4370,4567,157320
4577,52,2145,2380,55,595,3927,79,3927
4583,128,275,4180,150,209,4224,7817,668800
4591,99,2246,2246,102,1123,3366,1222,111177
4597,37,490,4070,40,245,4312,79,2695
4603,45,1908,2650,46,900,3657,1103,47700
4621,21,2185,2415,23,209,4389,445,9177
4637,125,750,3762,152,360,4125,2257,235125
4639,154,2145,2340,180,637,3822,121,16380
4643,35,2268,2340,45,143,4455,31,1053
4649,99,414,4136,141,184,4324,331,25944
4651,75,1573,3003,91,325,4235,3937,275275
4657,198,1989,2470,220,884,3553,1376,230945
4663,39,408,4216,44,186,4433,137,4836
4673,110,2088,2475,120,725,3828,1909,191400
4679,55,2040,2584,70,220,4389,239,12540
4691,51,1665,2975,63,225,4403,20353,990675
4703,95,1920,2688,105,608,3990,243,21280
4721,200,1596,2925,231,728,3762,743,124488
4723,69,1794,2860,77,460,4186,1013,65780
4729,36,1273,3420,39,335,4355,29,1005
4733,143,1496,3094,168,561,4004,1087,136136
4751,19,1312,3420,32,45,4674,60223,1121760
4759,33,1870,2856,51,88,4620,1633,52360
4769,77,1012,3680,128,161,4480,367,25760
4783,119,2233,2431,143,493,4147,653,70499
4787,132,980,3675,200,275,4312,239,26950
4789,15,1240,3534,20,57,4712,4789,70680
4793,57,1568,3168,63,418,4312,13639,737352
4799,67,182,4550,68,175,4556,242,11725
